stroke_id	 x	 y	 time	 is_writing
1.000000 	 490.830027 	 1353.998811 	 0.000000 	 1.000000 
1.000000 	 470.790683 	 1343.119311 	 0.000000 	 1.000000 
1.000000 	 435.600958 	 1318.450270 	 0.000000 	 1.000000 
1.000000 	 392.834922 	 1279.829050 	 32.000000 	 1.000000 
1.000000 	 351.863538 	 1231.356627 	 32.000000 	 1.000000 
1.000000 	 319.059209 	 1179.165146 	 64.000000 	 1.000000 
1.000000 	 296.542683 	 1128.505437 	 96.000000 	 1.000000 
1.000000 	 282.765327 	 1079.880713 	 96.000000 	 1.000000 
1.000000 	 272.214570 	 1017.395189 	 128.000000 	 1.000000 
1.000000 	 269.601656 	 942.346154 	 128.000000 	 1.000000 
1.000000 	 280.032767 	 871.974958 	 160.000000 	 1.000000 
1.000000 	 299.809860 	 816.669038 	 160.000000 	 1.000000 
1.000000 	 323.409568 	 778.297575 	 192.000000 	 1.000000 
1.000000 	 347.447230 	 754.940757 	 192.000000 	 1.000000 
1.000000 	 370.532025 	 743.948209 	 224.000000 	 1.000000 
1.000000 	 392.289348 	 742.980348 	 256.000000 	 1.000000 
1.000000 	 412.710414 	 750.173001 	 256.000000 	 1.000000 
1.000000 	 431.852382 	 764.065259 	 288.000000 	 1.000000 
1.000000 	 449.712396 	 783.500613 	 288.000000 	 1.000000 
1.000000 	 466.155072 	 807.542795 	 320.000000 	 1.000000 
1.000000 	 480.852550 	 835.400430 	 320.000000 	 1.000000 
1.000000 	 493.254326 	 866.347281 	 352.000000 	 1.000000 
1.000000 	 502.626475 	 899.634602 	 352.000000 	 1.000000 
1.000000 	 508.179778 	 934.407058 	 384.000000 	 1.000000 
1.000000 	 509.260159 	 969.639949 	 384.000000 	 1.000000 
1.000000 	 505.539435 	 1004.115510 	 416.000000 	 1.000000 
1.000000 	 497.152554 	 1036.464150 	 416.000000 	 1.000000 
1.000000 	 486.293652 	 1064.808661 	 448.000000 	 1.000000 
1.000000 	 475.754022 	 1085.847875 	 448.000000 	 1.000000 
1.000000 	 462.034411 	 1099.576684 	 480.000000 	 1.000000 
