stroke_id	 x	 y	 time	 is_writing
1.000000 	 669.581643 	 1013.695198 	 0.000000 	 1.000000 
1.000000 	 659.002820 	 1010.514330 	 128.000000 	 1.000000 
1.000000 	 646.612425 	 1006.755815 	 128.000000 	 1.000000 
1.000000 	 632.487531 	 1002.403661 	 128.000000 	 1.000000 
1.000000 	 616.774023 	 997.448249 	 128.000000 	 1.000000 
1.000000 	 599.642566 	 991.881848 	 128.000000 	 1.000000 
1.000000 	 581.264339 	 985.696267 	 128.000000 	 1.000000 
1.000000 	 561.865250 	 978.886648 	 256.000000 	 1.000000 
1.000000 	 541.847451 	 971.457573 	 256.000000 	 1.000000 
1.000000 	 521.878845 	 963.411946 	 256.000000 	 1.000000 
1.000000 	 502.856824 	 954.713319 	 256.000000 	 1.000000 
1.000000 	 485.750369 	 945.253448 	 256.000000 	 1.000000 
1.000000 	 471.412317 	 934.866618 	 256.000000 	 1.000000 
1.000000 	 460.455251 	 923.387141 	 256.000000 	 1.000000 
1.000000 	 453.220339 	 910.707984 	 384.000000 	 1.000000 
1.000000 	 449.810716 	 896.808651 	 384.000000 	 1.000000 
1.000000 	 450.147007 	 881.751945 	 384.000000 	 1.000000 
1.000000 	 454.018079 	 865.665783 	 384.000000 	 1.000000 
1.000000 	 461.118715 	 848.723782 	 384.000000 	 1.000000 
1.000000 	 471.076242 	 831.129821 	 384.000000 	 1.000000 
1.000000 	 483.470920 	 813.106309 	 384.000000 	 1.000000 
1.000000 	 497.853880 	 794.884373 	 384.000000 	 1.000000 
1.000000 	 513.575607 	 777.002187 	 512.000000 	 1.000000 
1.000000 	 528.479415 	 762.427677 	 512.000000 	 1.000000 
1.000000 	 540.781726 	 753.356854 	 512.000000 	 1.000000 
1.000000 	 550.430979 	 748.987268 	 512.000000 	 1.000000 
1.000000 	 557.989875 	 747.626231 	 512.000000 	 1.000000 
1.000000 	 564.038670 	 747.844378 	 512.000000 	 1.000000 
1.000000 	 569.020828 	 748.707410 	 512.000000 	 1.000000 
1.000000 	 573.234747 	 749.694293 	 512.000000 	 1.000000 
1.000000 	 576.864044 	 750.561367 	 640.000000 	 1.000000 
1.000000 	 580.012877 	 751.229425 	 768.000000 	 1.000000 
1.000000 	 582.736055 	 751.706088 	 768.000000 	 1.000000 
1.000000 	 585.076364 	 752.023848 	 768.000000 	 1.000000 
1.000000 	 588.544784 	 750.874730 	 768.000000 	 1.000000 
