stroke_id	 x	 y	 time	 is_writing
1.000000 	 363.047160 	 950.258042 	 0.000000 	 1.000000 
1.000000 	 366.968953 	 951.390515 	 4.000000 	 1.000000 
1.000000 	 372.718227 	 952.887531 	 21.000000 	 1.000000 
1.000000 	 380.605540 	 954.732421 	 38.000000 	 1.000000 
1.000000 	 390.735699 	 956.851144 	 54.000000 	 1.000000 
1.000000 	 402.945551 	 959.110451 	 71.000000 	 1.000000 
1.000000 	 416.810974 	 961.332668 	 87.000000 	 1.000000 
1.000000 	 431.725357 	 963.326779 	 104.000000 	 1.000000 
1.000000 	 447.019993 	 964.927225 	 121.000000 	 1.000000 
1.000000 	 462.080237 	 966.028246 	 137.000000 	 1.000000 
2.000000 	 388.920622 	 1011.192692 	 224.000000 	 1.000000 
2.000000 	 388.583531 	 1010.550506 	 237.000000 	 1.000000 
2.000000 	 388.612153 	 1009.647922 	 253.000000 	 1.000000 
2.000000 	 389.581507 	 1008.551547 	 270.000000 	 1.000000 
2.000000 	 392.161993 	 1007.420619 	 287.000000 	 1.000000 
2.000000 	 396.936395 	 1006.495026 	 303.000000 	 1.000000 
2.000000 	 404.220736 	 1006.053230 	 320.000000 	 1.000000 
2.000000 	 413.945930 	 1006.351065 	 336.000000 	 1.000000 
2.000000 	 425.633302 	 1007.560606 	 353.000000 	 1.000000 
