stroke_id	 x	 y	 time	 is_writing
1.000000 	 905.141054 	 1227.475680 	 0.000000 	 1.000000 
1.000000 	 909.078188 	 1229.515590 	 64.000000 	 1.000000 
1.000000 	 896.888210 	 1222.052810 	 64.000000 	 1.000000 
1.000000 	 866.017228 	 1187.902844 	 64.000000 	 1.000000 
1.000000 	 823.116151 	 1128.324459 	 128.000000 	 1.000000 
1.000000 	 772.419618 	 1051.262318 	 128.000000 	 1.000000 
1.000000 	 717.088352 	 963.920854 	 128.000000 	 1.000000 
1.000000 	 660.122903 	 871.468021 	 192.000000 	 1.000000 
1.000000 	 604.274738 	 778.062713 	 192.000000 	 1.000000 
1.000000 	 552.039974 	 688.151012 	 192.000000 	 1.000000 
2.000000 	 361.997832 	 1130.091221 	 576.000000 	 1.000000 
2.000000 	 358.024585 	 1127.216622 	 576.000000 	 1.000000 
2.000000 	 352.793426 	 1122.529137 	 640.000000 	 1.000000 
2.000000 	 347.905341 	 1116.335679 	 640.000000 	 1.000000 
2.000000 	 345.589927 	 1109.601655 	 640.000000 	 1.000000 
2.000000 	 347.733069 	 1103.700404 	 640.000000 	 1.000000 
2.000000 	 355.042650 	 1099.931452 	 704.000000 	 1.000000 
2.000000 	 366.710046 	 1099.079009 	 704.000000 	 1.000000 
2.000000 	 379.813650 	 1101.431158 	 704.000000 	 1.000000 
2.000000 	 389.887055 	 1106.831424 	 704.000000 	 1.000000 
2.000000 	 394.621882 	 1114.091668 	 768.000000 	 1.000000 
2.000000 	 395.070749 	 1121.401500 	 768.000000 	 1.000000 
2.000000 	 393.506365 	 1127.516631 	 768.000000 	 1.000000 
2.000000 	 391.605822 	 1132.094408 	 832.000000 	 1.000000 
3.000000 	 764.758381 	 677.698556 	 1024.000000 	 1.000000 
3.000000 	 762.310002 	 677.034502 	 1088.000000 	 1.000000 
3.000000 	 758.684321 	 675.424114 	 1088.000000 	 1.000000 
3.000000 	 753.891230 	 672.375802 	 1088.000000 	 1.000000 
3.000000 	 748.232753 	 667.547310 	 1088.000000 	 1.000000 
3.000000 	 742.325939 	 660.978797 	 1152.000000 	 1.000000 
3.000000 	 737.040278 	 653.289228 	 1152.000000 	 1.000000 
3.000000 	 733.306739 	 645.667230 	 1152.000000 	 1.000000 
3.000000 	 731.774179 	 639.502278 	 1152.000000 	 1.000000 
3.000000 	 732.434388 	 635.870314 	 1216.000000 	 1.000000 
3.000000 	 734.456147 	 635.359951 	 1216.000000 	 1.000000 
3.000000 	 736.488528 	 638.222658 	 1216.000000 	 1.000000 
3.000000 	 737.393620 	 644.335359 	 1216.000000 	 1.000000 
3.000000 	 736.818155 	 652.958326 	 1280.000000 	 1.000000 
