stroke_id	 x	 y	 time	 is_writing
1.000000 	 314.207534 	 1043.155906 	 0.000000 	 1.000000 
1.000000 	 313.504278 	 1023.952365 	 0.000000 	 1.000000 
1.000000 	 311.886500 	 990.818992 	 32.000000 	 1.000000 
1.000000 	 313.117727 	 954.233660 	 48.000000 	 1.000000 
1.000000 	 316.567418 	 921.221434 	 64.000000 	 1.000000 
1.000000 	 323.655264 	 894.741347 	 80.000000 	 1.000000 
1.000000 	 334.224073 	 876.340814 	 96.000000 	 1.000000 
1.000000 	 346.336476 	 865.035539 	 112.000000 	 1.000000 
1.000000 	 358.534157 	 858.752604 	 128.000000 	 1.000000 
2.000000 	 461.635796 	 1115.761497 	 256.000000 	 1.000000 
2.000000 	 461.796629 	 1123.386904 	 288.000000 	 1.000000 
2.000000 	 460.527164 	 1095.394476 	 288.000000 	 1.000000 
2.000000 	 457.775041 	 993.579885 	 304.000000 	 1.000000 
2.000000 	 457.240675 	 852.061782 	 320.000000 	 1.000000 
2.000000 	 460.262718 	 712.949767 	 336.000000 	 1.000000 
2.000000 	 465.338481 	 605.085169 	 352.000000 	 1.000000 
2.000000 	 470.214855 	 536.758840 	 384.000000 	 1.000000 
2.000000 	 473.674598 	 493.935058 	 400.000000 	 1.000000 
