stroke_id	 x	 y	 time	 is_writing
1.000000 	 582.841968 	 1066.615799 	 32.000000 	 1.000000 
1.000000 	 569.904833 	 1073.651271 	 48.000000 	 1.000000 
1.000000 	 548.336940 	 1080.284093 	 64.000000 	 1.000000 
1.000000 	 519.888403 	 1082.683918 	 80.000000 	 1.000000 
1.000000 	 488.265116 	 1078.153526 	 96.000000 	 1.000000 
1.000000 	 457.709212 	 1066.305659 	 112.000000 	 1.000000 
1.000000 	 431.485468 	 1048.781602 	 128.000000 	 1.000000 
1.000000 	 411.328724 	 1028.182023 	 144.000000 	 1.000000 
1.000000 	 400.663903 	 1007.723433 	 160.000000 	 1.000000 
1.000000 	 405.322539 	 991.202231 	 176.000000 	 1.000000 
1.000000 	 422.937899 	 981.055158 	 192.000000 	 1.000000 
1.000000 	 445.316131 	 977.147802 	 208.000000 	 1.000000 
2.000000 	 633.804076 	 981.567888 	 240.000000 	 1.000000 
2.000000 	 635.496095 	 981.030723 	 256.000000 	 1.000000 
2.000000 	 638.072424 	 981.343773 	 272.000000 	 1.000000 
2.000000 	 641.190825 	 981.185224 	 288.000000 	 1.000000 
2.000000 	 644.486744 	 979.369253 	 304.000000 	 1.000000 
2.000000 	 647.581754 	 975.153541 	 320.000000 	 1.000000 
2.000000 	 650.188342 	 968.406442 	 336.000000 	 1.000000 
3.000000 	 619.255213 	 826.183227 	 368.000000 	 1.000000 
3.000000 	 619.453563 	 815.823539 	 384.000000 	 1.000000 
3.000000 	 619.713001 	 801.411157 	 400.000000 	 1.000000 
3.000000 	 620.016656 	 783.169366 	 416.000000 	 1.000000 
3.000000 	 620.319577 	 762.013381 	 432.000000 	 1.000000 
3.000000 	 620.564928 	 739.308096 	 448.000000 	 1.000000 
