stroke_id	 x	 y	 time	 is_writing
1.000000 	 419.246071 	 1133.698985 	 0.000000 	 1.000000 
1.000000 	 419.908669 	 1131.550221 	 64.000000 	 1.000000 
1.000000 	 421.107933 	 1127.752929 	 64.000000 	 1.000000 
1.000000 	 423.061845 	 1121.733699 	 128.000000 	 1.000000 
1.000000 	 425.980284 	 1113.008462 	 128.000000 	 1.000000 
1.000000 	 430.034912 	 1101.277811 	 128.000000 	 1.000000 
1.000000 	 435.337254 	 1086.518692 	 128.000000 	 1.000000 
1.000000 	 441.932915 	 1069.075336 	 192.000000 	 1.000000 
1.000000 	 449.814793 	 1049.733096 	 192.000000 	 1.000000 
1.000000 	 458.948286 	 1029.729026 	 192.000000 	 1.000000 
1.000000 	 469.294302 	 1010.646905 	 192.000000 	 1.000000 
1.000000 	 480.817459 	 994.186890 	 256.000000 	 1.000000 
1.000000 	 493.474197 	 981.869659 	 256.000000 	 1.000000 
1.000000 	 507.182952 	 974.777719 	 256.000000 	 1.000000 
1.000000 	 521.786260 	 973.418104 	 320.000000 	 1.000000 
1.000000 	 537.022837 	 977.725153 	 320.000000 	 1.000000 
1.000000 	 552.528795 	 987.154739 	 320.000000 	 1.000000 
1.000000 	 567.875085 	 1000.797663 	 320.000000 	 1.000000 
1.000000 	 582.627155 	 1017.482531 	 384.000000 	 1.000000 
1.000000 	 596.396313 	 1035.905921 	 448.000000 	 1.000000 
1.000000 	 608.859665 	 1054.827600 	 448.000000 	 1.000000 
