stroke_id	 x	 y	 time	 is_writing
1.000000 	 383.022113 	 951.959679 	 48.000000 	 1.000000 
1.000000 	 388.630780 	 958.692748 	 64.000000 	 1.000000 
1.000000 	 396.097229 	 967.750898 	 96.000000 	 1.000000 
1.000000 	 405.541905 	 979.367600 	 112.000000 	 1.000000 
1.000000 	 416.936623 	 993.624424 	 128.000000 	 1.000000 
1.000000 	 430.200248 	 1010.470258 	 144.000000 	 1.000000 
1.000000 	 445.730047 	 1029.981742 	 160.000000 	 1.000000 
1.000000 	 463.690265 	 1052.414679 	 176.000000 	 1.000000 
1.000000 	 482.584969 	 1077.554376 	 192.000000 	 1.000000 
1.000000 	 500.529188 	 1104.042811 	 208.000000 	 1.000000 
1.000000 	 516.798568 	 1130.121978 	 224.000000 	 1.000000 
1.000000 	 531.497078 	 1154.655840 	 240.000000 	 1.000000 
1.000000 	 544.781878 	 1176.643238 	 256.000000 	 1.000000 
1.000000 	 556.245975 	 1184.534455 	 272.000000 	 1.000000 
1.000000 	 565.656278 	 1167.207522 	 288.000000 	 1.000000 
1.000000 	 573.732649 	 1129.562428 	 304.000000 	 1.000000 
1.000000 	 581.275831 	 1079.874762 	 320.000000 	 1.000000 
1.000000 	 588.763508 	 1024.514351 	 336.000000 	 1.000000 
1.000000 	 596.383296 	 967.491170 	 352.000000 	 1.000000 
1.000000 	 604.157273 	 911.062566 	 368.000000 	 1.000000 
1.000000 	 612.032751 	 856.373719 	 384.000000 	 1.000000 
1.000000 	 619.926690 	 803.937685 	 400.000000 	 1.000000 
1.000000 	 627.741705 	 753.956480 	 416.000000 	 1.000000 
1.000000 	 635.371686 	 706.518470 	 432.000000 	 1.000000 
1.000000 	 642.605425 	 662.276368 	 448.000000 	 1.000000 
1.000000 	 648.782234 	 624.462497 	 464.000000 	 1.000000 
