stroke_id	 x	 y	 time	 is_writing
1.000000 	 369.294842 	 1087.287484 	 0.000000 	 1.000000 
1.000000 	 369.362576 	 1087.092178 	 15.000000 	 1.000000 
1.000000 	 370.634904 	 1087.327395 	 31.000000 	 1.000000 
1.000000 	 377.467720 	 1089.938444 	 65.000000 	 1.000000 
1.000000 	 393.402542 	 1094.491250 	 82.000000 	 1.000000 
1.000000 	 416.232165 	 1097.886437 	 115.000000 	 1.000000 
1.000000 	 440.322326 	 1099.521049 	 132.000000 	 1.000000 
1.000000 	 465.970615 	 1097.512724 	 166.000000 	 1.000000 
1.000000 	 492.527107 	 1087.958277 	 183.000000 	 1.000000 
1.000000 	 515.839660 	 1070.087750 	 216.000000 	 1.000000 
1.000000 	 533.005303 	 1046.599408 	 233.000000 	 1.000000 
1.000000 	 543.609523 	 1020.473451 	 266.000000 	 1.000000 
1.000000 	 548.427210 	 993.608851 	 283.000000 	 1.000000 
1.000000 	 548.491028 	 967.045661 	 317.000000 	 1.000000 
1.000000 	 544.875559 	 941.473521 	 334.000000 	 1.000000 
1.000000 	 538.932172 	 917.547129 	 367.000000 	 1.000000 
1.000000 	 532.697255 	 895.920941 	 384.000000 	 1.000000 
1.000000 	 528.756150 	 876.979830 	 401.000000 	 1.000000 
1.000000 	 529.416409 	 860.338248 	 418.000000 	 1.000000 
1.000000 	 535.800266 	 844.481979 	 434.000000 	 1.000000 
1.000000 	 547.354123 	 827.025302 	 451.000000 	 1.000000 
1.000000 	 562.146453 	 805.459011 	 468.000000 	 1.000000 
1.000000 	 577.912376 	 778.105549 	 485.000000 	 1.000000 
1.000000 	 593.204783 	 746.392097 	 502.000000 	 1.000000 
1.000000 	 602.276299 	 710.015668 	 518.000000 	 1.000000 
1.000000 	 603.115515 	 667.992281 	 535.000000 	 1.000000 
1.000000 	 595.258092 	 623.863366 	 552.000000 	 1.000000 
1.000000 	 577.990147 	 583.043706 	 569.000000 	 1.000000 
1.000000 	 552.290671 	 550.442155 	 585.000000 	 1.000000 
1.000000 	 521.243834 	 528.993295 	 602.000000 	 1.000000 
1.000000 	 488.840775 	 518.980900 	 619.000000 	 1.000000 
