stroke_id	 x	 y	 time	 is_writing
1.000000 	 370.428565 	 1069.176803 	 57.000000 	 1.000000 
1.000000 	 370.536281 	 1053.923545 	 87.000000 	 1.000000 
1.000000 	 370.771321 	 1029.195758 	 120.000000 	 1.000000 
1.000000 	 370.743976 	 996.694336 	 137.000000 	 1.000000 
1.000000 	 370.102860 	 960.199125 	 153.000000 	 1.000000 
1.000000 	 368.648285 	 923.764154 	 186.000000 	 1.000000 
1.000000 	 366.699028 	 890.728437 	 203.000000 	 1.000000 
1.000000 	 365.728517 	 869.089279 	 219.000000 	 1.000000 
1.000000 	 369.336469 	 881.741598 	 236.000000 	 1.000000 
1.000000 	 377.665773 	 924.260181 	 269.000000 	 1.000000 
1.000000 	 387.428418 	 971.619232 	 286.000000 	 1.000000 
1.000000 	 395.972593 	 1008.715635 	 320.000000 	 1.000000 
1.000000 	 402.752195 	 1032.323323 	 336.000000 	 1.000000 
1.000000 	 409.759267 	 1041.952030 	 370.000000 	 1.000000 
1.000000 	 420.699597 	 1034.837721 	 386.000000 	 1.000000 
1.000000 	 437.246039 	 1011.097712 	 403.000000 	 1.000000 
1.000000 	 457.474751 	 976.940001 	 420.000000 	 1.000000 
1.000000 	 478.089625 	 940.763481 	 453.000000 	 1.000000 
1.000000 	 496.733943 	 908.750232 	 470.000000 	 1.000000 
1.000000 	 512.581249 	 883.639948 	 486.000000 	 1.000000 
1.000000 	 525.850507 	 865.673437 	 503.000000 	 1.000000 
1.000000 	 537.155684 	 853.965078 	 536.000000 	 1.000000 
1.000000 	 547.076006 	 847.500086 	 553.000000 	 1.000000 
1.000000 	 555.977177 	 845.657896 	 586.000000 	 1.000000 
1.000000 	 564.005853 	 848.358240 	 603.000000 	 1.000000 
1.000000 	 571.182204 	 855.902546 	 637.000000 	 1.000000 
1.000000 	 577.535452 	 868.582611 	 653.000000 	 1.000000 
1.000000 	 583.229063 	 886.194538 	 687.000000 	 1.000000 
1.000000 	 588.599981 	 907.684867 	 703.000000 	 1.000000 
1.000000 	 594.026086 	 931.192522 	 737.000000 	 1.000000 
