stroke_id	 x	 y	 time	 is_writing
1.000000 	 574.162105 	 1103.636783 	 0.000000 	 1.000000 
1.000000 	 567.643255 	 1074.431022 	 14.000000 	 1.000000 
1.000000 	 562.940818 	 1031.046910 	 30.000000 	 1.000000 
1.000000 	 568.499314 	 981.473947 	 64.000000 	 1.000000 
1.000000 	 581.096003 	 949.256857 	 80.000000 	 1.000000 
1.000000 	 591.859722 	 934.157834 	 98.000000 	 1.000000 
1.000000 	 604.160389 	 937.980990 	 112.000000 	 1.000000 
1.000000 	 614.964794 	 959.735981 	 282.000000 	 1.000000 
1.000000 	 622.636938 	 992.136626 	 298.000000 	 1.000000 
1.000000 	 627.490756 	 1027.676140 	 314.000000 	 1.000000 
2.000000 	 682.021791 	 1183.024682 	 870.000000 	 1.000000 
2.000000 	 681.919151 	 1182.931075 	 900.000000 	 1.000000 
2.000000 	 682.434555 	 1183.611822 	 906.000000 	 1.000000 
2.000000 	 684.633583 	 1186.204299 	 934.000000 	 1.000000 
2.000000 	 689.338721 	 1191.391988 	 950.000000 	 1.000000 
2.000000 	 696.962813 	 1199.661147 	 966.000000 	 1.000000 
2.000000 	 708.377150 	 1207.643278 	 982.000000 	 1.000000 
2.000000 	 720.551995 	 1210.480668 	 1000.000000 	 1.000000 
2.000000 	 726.871116 	 1206.312295 	 1018.000000 	 1.000000 
2.000000 	 723.240970 	 1196.887561 	 1034.000000 	 1.000000 
2.000000 	 711.626654 	 1189.120547 	 1050.000000 	 1.000000 
2.000000 	 696.973948 	 1186.665743 	 1066.000000 	 1.000000 
2.000000 	 684.089770 	 1189.663685 	 1084.000000 	 1.000000 
2.000000 	 676.504851 	 1196.555263 	 1100.000000 	 1.000000 
2.000000 	 674.485927 	 1204.191387 	 1118.000000 	 1.000000 
