stroke_id	 x	 y	 time	 is_writing
1.000000 	 478.994507 	 1176.473510 	 0.000000 	 1.000000 
1.000000 	 484.930832 	 1177.494839 	 32.000000 	 1.000000 
1.000000 	 496.386072 	 1179.552523 	 48.000000 	 1.000000 
1.000000 	 514.969852 	 1182.597434 	 64.000000 	 1.000000 
1.000000 	 540.385788 	 1186.303650 	 80.000000 	 1.000000 
1.000000 	 570.804876 	 1190.283386 	 96.000000 	 1.000000 
2.000000 	 476.976734 	 1419.038982 	 272.000000 	 1.000000 
2.000000 	 476.240411 	 1413.682909 	 320.000000 	 1.000000 
2.000000 	 475.080505 	 1406.109112 	 336.000000 	 1.000000 
2.000000 	 473.393547 	 1394.298276 	 352.000000 	 1.000000 
2.000000 	 473.036497 	 1374.506255 	 368.000000 	 1.000000 
2.000000 	 478.019436 	 1352.822490 	 384.000000 	 1.000000 
2.000000 	 487.830010 	 1337.533977 	 400.000000 	 1.000000 
2.000000 	 501.696962 	 1330.555992 	 416.000000 	 1.000000 
2.000000 	 522.209095 	 1329.433910 	 432.000000 	 1.000000 
2.000000 	 552.576973 	 1329.144225 	 448.000000 	 1.000000 
2.000000 	 593.510997 	 1323.322266 	 464.000000 	 1.000000 
2.000000 	 641.854726 	 1306.777709 	 480.000000 	 1.000000 
2.000000 	 691.280806 	 1277.125310 	 496.000000 	 1.000000 
2.000000 	 734.306352 	 1234.428028 	 512.000000 	 1.000000 
2.000000 	 764.045390 	 1180.791651 	 528.000000 	 1.000000 
2.000000 	 775.679644 	 1120.579648 	 544.000000 	 1.000000 
2.000000 	 767.854436 	 1059.628203 	 560.000000 	 1.000000 
2.000000 	 742.777493 	 1003.404856 	 576.000000 	 1.000000 
2.000000 	 704.937916 	 955.702900 	 592.000000 	 1.000000 
2.000000 	 660.804102 	 919.036358 	 608.000000 	 1.000000 
2.000000 	 620.958344 	 896.056741 	 640.000000 	 1.000000 
