stroke_id	 x	 y	 time	 is_writing
1.000000 	 272.266191 	 462.187839 	 0.000000 	 1.000000 
1.000000 	 274.066219 	 466.975098 	 32.000000 	 1.000000 
1.000000 	 276.167793 	 472.715112 	 64.000000 	 1.000000 
1.000000 	 278.554172 	 479.524162 	 80.000000 	 1.000000 
1.000000 	 281.186147 	 487.523512 	 96.000000 	 1.000000 
1.000000 	 283.994233 	 496.799018 	 112.000000 	 1.000000 
1.000000 	 286.876982 	 507.360747 	 128.000000 	 1.000000 
1.000000 	 289.706987 	 519.120351 	 144.000000 	 1.000000 
1.000000 	 292.340921 	 531.893084 	 160.000000 	 1.000000 
1.000000 	 294.629068 	 545.420131 	 176.000000 	 1.000000 
1.000000 	 296.423977 	 559.400438 	 208.000000 	 1.000000 
1.000000 	 297.592900 	 573.520362 	 224.000000 	 1.000000 
1.000000 	 298.039039 	 587.473405 	 240.000000 	 1.000000 
1.000000 	 297.730118 	 600.968702 	 256.000000 	 1.000000 
1.000000 	 296.724075 	 613.732608 	 272.000000 	 1.000000 
1.000000 	 295.178184 	 625.509673 	 288.000000 	 1.000000 
1.000000 	 293.333710 	 636.067609 	 304.000000 	 1.000000 
1.000000 	 291.484470 	 645.208579 	 320.000000 	 1.000000 
1.000000 	 289.980295 	 652.793418 	 336.000000 	 1.000000 
1.000000 	 289.327280 	 658.785365 	 352.000000 	 1.000000 
1.000000 	 290.252527 	 663.276092 	 384.000000 	 1.000000 
1.000000 	 293.489251 	 666.435281 	 384.000000 	 1.000000 
1.000000 	 299.374248 	 668.406161 	 416.000000 	 1.000000 
1.000000 	 307.621905 	 669.232196 	 432.000000 	 1.000000 
1.000000 	 317.443280 	 668.858222 	 448.000000 	 1.000000 
1.000000 	 327.866172 	 667.183071 	 464.000000 	 1.000000 
1.000000 	 338.031013 	 664.119501 	 480.000000 	 1.000000 
1.000000 	 347.345151 	 659.632876 	 496.000000 	 1.000000 
1.000000 	 355.500331 	 653.752921 	 512.000000 	 1.000000 
1.000000 	 362.412504 	 646.566788 	 528.000000 	 1.000000 
1.000000 	 368.140357 	 638.204511 	 544.000000 	 1.000000 
1.000000 	 372.815060 	 628.824518 	 560.000000 	 1.000000 
1.000000 	 376.592056 	 618.602249 	 576.000000 	 1.000000 
1.000000 	 379.639401 	 607.721390 	 592.000000 	 1.000000 
1.000000 	 383.370398 	 596.369284 	 608.000000 	 1.000000 
1.000000 	 389.214652 	 585.287994 	 624.000000 	 1.000000 
1.000000 	 395.457882 	 575.450553 	 640.000000 	 1.000000 
