stroke_id	 x	 y	 time	 is_writing
1.000000 	 321.079930 	 641.866083 	 0.000000 	 1.000000 
1.000000 	 317.497467 	 633.716789 	 52.000000 	 1.000000 
1.000000 	 312.216480 	 622.201552 	 68.000000 	 1.000000 
1.000000 	 305.135782 	 607.194771 	 84.000000 	 1.000000 
1.000000 	 296.432477 	 589.059847 	 100.000000 	 1.000000 
1.000000 	 286.526912 	 568.622939 	 116.000000 	 1.000000 
1.000000 	 275.985361 	 547.017537 	 132.000000 	 1.000000 
1.000000 	 265.408027 	 525.463029 	 148.000000 	 1.000000 
1.000000 	 255.334601 	 505.055481 	 162.000000 	 1.000000 
1.000000 	 246.181215 	 486.624490 	 178.000000 	 1.000000 
1.000000 	 238.211535 	 470.673402 	 228.000000 	 1.000000 
2.000000 	 238.854242 	 573.150846 	 356.000000 	 1.000000 
2.000000 	 237.720686 	 573.401345 	 396.000000 	 1.000000 
2.000000 	 235.973208 	 573.681483 	 428.000000 	 1.000000 
2.000000 	 233.982149 	 574.064491 	 458.000000 	 1.000000 
2.000000 	 232.186048 	 574.308424 	 472.000000 	 1.000000 
2.000000 	 230.555770 	 574.287231 	 488.000000 	 1.000000 
2.000000 	 228.916249 	 574.166590 	 520.000000 	 1.000000 
2.000000 	 227.298173 	 574.203464 	 536.000000 	 1.000000 
2.000000 	 225.869233 	 574.485975 	 552.000000 	 1.000000 
2.000000 	 224.729325 	 574.937600 	 564.000000 	 1.000000 
2.000000 	 223.878957 	 575.433340 	 622.000000 	 1.000000 
3.000000 	 325.747099 	 469.521328 	 762.000000 	 1.000000 
3.000000 	 325.865142 	 470.511996 	 864.000000 	 1.000000 
3.000000 	 325.258581 	 473.163707 	 880.000000 	 1.000000 
3.000000 	 319.385211 	 478.691932 	 894.000000 	 1.000000 
3.000000 	 309.302439 	 482.135014 	 924.000000 	 1.000000 
3.000000 	 301.177199 	 479.697642 	 940.000000 	 1.000000 
3.000000 	 300.626737 	 473.367940 	 956.000000 	 1.000000 
3.000000 	 305.853015 	 468.282917 	 1000.000000 	 1.000000 
