stroke_id	 x	 y	 time	 is_writing
1.000000 	 666.241497 	 1387.817640 	 0.000000 	 1.000000 
1.000000 	 661.410961 	 1380.696230 	 0.000000 	 1.000000 
1.000000 	 655.075401 	 1370.163285 	 32.000000 	 1.000000 
1.000000 	 647.092772 	 1354.942626 	 64.000000 	 1.000000 
1.000000 	 637.976601 	 1334.742083 	 64.000000 	 1.000000 
1.000000 	 628.816237 	 1311.064114 	 96.000000 	 1.000000 
1.000000 	 621.139534 	 1287.110899 	 96.000000 	 1.000000 
1.000000 	 617.984783 	 1267.964515 	 128.000000 	 1.000000 
1.000000 	 622.027455 	 1258.391680 	 128.000000 	 1.000000 
1.000000 	 631.887431 	 1258.637522 	 160.000000 	 1.000000 
1.000000 	 646.634008 	 1267.983261 	 224.000000 	 1.000000 
1.000000 	 665.109331 	 1284.523586 	 256.000000 	 1.000000 
1.000000 	 684.691498 	 1303.920832 	 288.000000 	 1.000000 
1.000000 	 702.223145 	 1321.321585 	 320.000000 	 1.000000 
1.000000 	 715.456120 	 1333.238320 	 320.000000 	 1.000000 
1.000000 	 723.371654 	 1336.564979 	 320.000000 	 1.000000 
1.000000 	 722.998298 	 1321.107518 	 352.000000 	 1.000000 
1.000000 	 716.867908 	 1293.878768 	 352.000000 	 1.000000 
1.000000 	 708.226248 	 1261.550036 	 384.000000 	 1.000000 
2.000000 	 637.284274 	 1125.770372 	 512.000000 	 1.000000 
2.000000 	 634.334329 	 1124.883022 	 512.000000 	 1.000000 
2.000000 	 633.082489 	 1124.601342 	 544.000000 	 1.000000 
2.000000 	 651.953725 	 1131.935471 	 544.000000 	 1.000000 
2.000000 	 690.965745 	 1146.609008 	 576.000000 	 1.000000 
2.000000 	 735.949876 	 1160.084423 	 576.000000 	 1.000000 
2.000000 	 779.195614 	 1168.578425 	 608.000000 	 1.000000 
2.000000 	 817.390334 	 1172.303100 	 608.000000 	 1.000000 
2.000000 	 849.757822 	 1172.533486 	 640.000000 	 1.000000 
2.000000 	 876.474973 	 1170.648748 	 640.000000 	 1.000000 
2.000000 	 897.583463 	 1168.088327 	 672.000000 	 1.000000 
3.000000 	 543.358370 	 1092.222915 	 768.000000 	 1.000000 
3.000000 	 545.312271 	 1092.582781 	 800.000000 	 1.000000 
3.000000 	 548.694346 	 1093.299573 	 832.000000 	 1.000000 
3.000000 	 554.043558 	 1094.536581 	 832.000000 	 1.000000 
3.000000 	 561.850662 	 1096.430555 	 832.000000 	 1.000000 
3.000000 	 572.450459 	 1099.045590 	 864.000000 	 1.000000 
3.000000 	 585.921656 	 1102.342902 	 864.000000 	 1.000000 
3.000000 	 602.011820 	 1106.179093 	 896.000000 	 1.000000 
3.000000 	 620.109597 	 1110.332652 	 928.000000 	 1.000000 
