stroke_id	 x	 y	 time	 is_writing
1.000000 	 357.561787 	 1140.210923 	 0.000000 	 1.000000 
1.000000 	 357.926287 	 1130.671673 	 24.000000 	 1.000000 
1.000000 	 358.394045 	 1118.338037 	 40.000000 	 1.000000 
1.000000 	 358.971073 	 1102.951160 	 56.000000 	 1.000000 
1.000000 	 359.655265 	 1084.400617 	 72.000000 	 1.000000 
1.000000 	 360.434521 	 1062.760330 	 88.000000 	 1.000000 
1.000000 	 361.286394 	 1038.304161 	 104.000000 	 1.000000 
1.000000 	 362.180031 	 1011.493779 	 120.000000 	 1.000000 
1.000000 	 363.080585 	 982.937466 	 136.000000 	 1.000000 
1.000000 	 363.955231 	 953.326633 	 152.000000 	 1.000000 
1.000000 	 364.779004 	 923.363555 	 168.000000 	 1.000000 
1.000000 	 365.538423 	 893.695895 	 184.000000 	 1.000000 
1.000000 	 366.231642 	 864.870287 	 208.000000 	 1.000000 
1.000000 	 366.865370 	 837.310356 	 216.000000 	 1.000000 
2.000000 	 421.350360 	 1145.717365 	 584.000000 	 1.000000 
2.000000 	 421.296197 	 1145.672964 	 640.000000 	 1.000000 
2.000000 	 421.677804 	 1146.503601 	 656.000000 	 1.000000 
2.000000 	 423.924198 	 1150.723427 	 672.000000 	 1.000000 
2.000000 	 429.827260 	 1160.326155 	 688.000000 	 1.000000 
2.000000 	 440.747057 	 1174.534815 	 704.000000 	 1.000000 
2.000000 	 457.031686 	 1190.187493 	 720.000000 	 1.000000 
2.000000 	 477.681007 	 1203.556761 	 736.000000 	 1.000000 
2.000000 	 500.687169 	 1211.893302 	 760.000000 	 1.000000 
2.000000 	 523.831787 	 1213.989708 	 776.000000 	 1.000000 
2.000000 	 545.331963 	 1209.953772 	 792.000000 	 1.000000 
2.000000 	 564.051596 	 1200.692714 	 808.000000 	 1.000000 
2.000000 	 579.391494 	 1187.453229 	 824.000000 	 1.000000 
2.000000 	 591.086527 	 1171.516379 	 840.000000 	 1.000000 
2.000000 	 599.056862 	 1154.023889 	 856.000000 	 1.000000 
2.000000 	 603.348020 	 1135.896369 	 872.000000 	 1.000000 
2.000000 	 604.128060 	 1117.816501 	 888.000000 	 1.000000 
2.000000 	 601.885201 	 1099.142757 	 904.000000 	 1.000000 
2.000000 	 599.091662 	 1074.358802 	 920.000000 	 1.000000 
2.000000 	 596.914257 	 1049.731492 	 936.000000 	 1.000000 
2.000000 	 593.682496 	 1029.133555 	 952.000000 	 1.000000 
