stroke_id	 x	 y	 time	 is_writing
1.000000 	 704.084372 	 1006.048681 	 0.000000 	 1.000000 
1.000000 	 704.504781 	 1006.478511 	 7.000000 	 1.000000 
1.000000 	 705.071405 	 1007.112336 	 23.000000 	 1.000000 
1.000000 	 705.737507 	 1007.946584 	 40.000000 	 1.000000 
2.000000 	 677.037425 	 1052.011928 	 90.000000 	 1.000000 
2.000000 	 668.043784 	 1049.411316 	 107.000000 	 1.000000 
2.000000 	 651.921385 	 1041.743055 	 123.000000 	 1.000000 
2.000000 	 635.808120 	 1029.174380 	 140.000000 	 1.000000 
2.000000 	 623.931531 	 1014.895515 	 157.000000 	 1.000000 
2.000000 	 617.464427 	 1002.000516 	 174.000000 	 1.000000 
2.000000 	 615.813612 	 992.278655 	 190.000000 	 1.000000 
2.000000 	 617.618617 	 986.037967 	 207.000000 	 1.000000 
2.000000 	 621.538605 	 982.529004 	 224.000000 	 1.000000 
2.000000 	 626.680240 	 980.645469 	 240.000000 	 1.000000 
2.000000 	 631.910535 	 979.478049 	 257.000000 	 1.000000 
2.000000 	 634.359240 	 978.385528 	 274.000000 	 1.000000 
2.000000 	 630.614824 	 976.373741 	 291.000000 	 1.000000 
2.000000 	 619.623450 	 971.322892 	 307.000000 	 1.000000 
2.000000 	 603.770827 	 960.718811 	 324.000000 	 1.000000 
2.000000 	 587.607316 	 943.646362 	 341.000000 	 1.000000 
2.000000 	 575.453777 	 921.688176 	 357.000000 	 1.000000 
2.000000 	 569.715016 	 897.891057 	 374.000000 	 1.000000 
2.000000 	 570.749062 	 875.188251 	 391.000000 	 1.000000 
2.000000 	 577.618693 	 855.549306 	 407.000000 	 1.000000 
2.000000 	 588.808031 	 839.890463 	 424.000000 	 1.000000 
2.000000 	 602.630049 	 828.292902 	 441.000000 	 1.000000 
2.000000 	 617.439723 	 820.263536 	 458.000000 	 1.000000 
2.000000 	 631.774837 	 814.959542 	 474.000000 	 1.000000 
2.000000 	 644.475538 	 811.363677 	 491.000000 	 1.000000 
2.000000 	 654.782855 	 808.427926 	 508.000000 	 1.000000 
2.000000 	 662.387857 	 805.206301 	 524.000000 	 1.000000 
2.000000 	 667.405045 	 800.975625 	 541.000000 	 1.000000 
2.000000 	 670.270140 	 795.322225 	 558.000000 	 1.000000 
2.000000 	 671.723884 	 788.198436 	 574.000000 	 1.000000 
