stroke_id	 x	 y	 time	 is_writing
1.000000 	 669.474486 	 989.157199 	 0.000000 	 1.000000 
1.000000 	 669.733565 	 995.930221 	 70.000000 	 1.000000 
1.000000 	 663.112251 	 1096.122580 	 150.000000 	 1.000000 
1.000000 	 591.386256 	 1201.539654 	 234.000000 	 1.000000 
1.000000 	 451.499244 	 1215.105309 	 314.000000 	 1.000000 
1.000000 	 348.504060 	 1111.250580 	 398.000000 	 1.000000 
1.000000 	 327.492332 	 972.785496 	 480.000000 	 1.000000 
1.000000 	 370.800598 	 849.729117 	 562.000000 	 1.000000 
1.000000 	 452.326144 	 784.259894 	 644.000000 	 1.000000 
1.000000 	 544.230378 	 818.709046 	 726.000000 	 1.000000 
1.000000 	 607.995502 	 904.334518 	 808.000000 	 1.000000 
1.000000 	 631.179101 	 967.846961 	 888.000000 	 1.000000 
1.000000 	 640.743785 	 1002.725041 	 972.000000 	 1.000000 
1.000000 	 650.610767 	 973.398157 	 1054.000000 	 1.000000 
1.000000 	 688.054878 	 855.942652 	 1136.000000 	 1.000000 
1.000000 	 751.492445 	 771.175151 	 1218.000000 	 1.000000 
