stroke_id	 x	 y	 time	 is_writing
1.000000 	 412.500086 	 1122.414825 	 0.000000 	 1.000000 
1.000000 	 414.431859 	 1080.100391 	 0.000000 	 1.000000 
1.000000 	 416.362369 	 1037.334115 	 0.000000 	 1.000000 
1.000000 	 418.118682 	 999.040765 	 0.000000 	 1.000000 
1.000000 	 419.606619 	 969.012487 	 128.000000 	 1.000000 
1.000000 	 420.817759 	 949.473685 	 128.000000 	 1.000000 
1.000000 	 421.815857 	 941.041047 	 128.000000 	 1.000000 
1.000000 	 422.712164 	 943.008885 	 128.000000 	 1.000000 
1.000000 	 423.638660 	 953.786057 	 256.000000 	 1.000000 
1.000000 	 424.691328 	 971.583653 	 256.000000 	 1.000000 
1.000000 	 425.692153 	 1001.778548 	 256.000000 	 1.000000 
1.000000 	 430.171954 	 1040.988492 	 256.000000 	 1.000000 
1.000000 	 438.846047 	 1079.015786 	 256.000000 	 1.000000 
1.000000 	 448.968190 	 1112.174132 	 384.000000 	 1.000000 
1.000000 	 458.606709 	 1140.118836 	 384.000000 	 1.000000 
1.000000 	 467.036205 	 1163.206614 	 384.000000 	 1.000000 
1.000000 	 474.104268 	 1181.747542 	 384.000000 	 1.000000 
1.000000 	 479.824873 	 1195.966559 	 384.000000 	 1.000000 
1.000000 	 484.224434 	 1206.091304 	 384.000000 	 1.000000 
1.000000 	 487.310641 	 1212.414432 	 512.000000 	 1.000000 
1.000000 	 489.085823 	 1215.314497 	 512.000000 	 1.000000 
1.000000 	 489.569879 	 1215.247246 	 512.000000 	 1.000000 
1.000000 	 488.818651 	 1212.720317 	 512.000000 	 1.000000 
