stroke_id	 x	 y	 time	 is_writing
1.000000 	 716.763382 	 1283.583672 	 0.000000 	 1.000000 
1.000000 	 706.807120 	 1287.924527 	 32.000000 	 1.000000 
1.000000 	 691.746102 	 1293.997290 	 48.000000 	 1.000000 
1.000000 	 671.223459 	 1301.017464 	 64.000000 	 1.000000 
1.000000 	 645.668094 	 1307.382869 	 96.000000 	 1.000000 
1.000000 	 616.274409 	 1310.951503 	 112.000000 	 1.000000 
1.000000 	 584.892342 	 1309.587338 	 132.000000 	 1.000000 
1.000000 	 553.858389 	 1301.773889 	 148.000000 	 1.000000 
1.000000 	 525.976785 	 1286.923427 	 164.000000 	 1.000000 
1.000000 	 506.455141 	 1264.193981 	 180.000000 	 1.000000 
1.000000 	 498.648384 	 1234.805596 	 200.000000 	 1.000000 
1.000000 	 499.850680 	 1203.673861 	 216.000000 	 1.000000 
1.000000 	 507.549625 	 1174.898834 	 232.000000 	 1.000000 
1.000000 	 520.977603 	 1150.923187 	 248.000000 	 1.000000 
1.000000 	 539.517357 	 1133.329828 	 264.000000 	 1.000000 
1.000000 	 561.756788 	 1123.032240 	 280.000000 	 1.000000 
1.000000 	 584.722816 	 1119.860996 	 296.000000 	 1.000000 
1.000000 	 603.953472 	 1122.538576 	 316.000000 	 1.000000 
1.000000 	 616.419806 	 1130.216916 	 332.000000 	 1.000000 
1.000000 	 622.407645 	 1143.053413 	 348.000000 	 1.000000 
1.000000 	 624.534412 	 1160.742595 	 364.000000 	 1.000000 
1.000000 	 625.425345 	 1180.943749 	 380.000000 	 1.000000 
1.000000 	 625.244913 	 1185.562756 	 400.000000 	 1.000000 
1.000000 	 625.971021 	 1141.772393 	 432.000000 	 1.000000 
1.000000 	 626.666974 	 1068.967728 	 448.000000 	 1.000000 
1.000000 	 626.313097 	 991.176287 	 464.000000 	 1.000000 
1.000000 	 625.327395 	 919.904822 	 480.000000 	 1.000000 
1.000000 	 624.331964 	 859.026626 	 496.000000 	 1.000000 
1.000000 	 624.042354 	 808.516325 	 516.000000 	 1.000000 
1.000000 	 625.032400 	 766.825426 	 532.000000 	 1.000000 
1.000000 	 627.871977 	 733.844457 	 548.000000 	 1.000000 
1.000000 	 634.200725 	 716.267976 	 580.000000 	 1.000000 
