stroke_id	 x	 y	 time	 is_writing
1.000000 	 593.446001 	 1150.290743 	 32.000000 	 1.000000 
1.000000 	 579.555091 	 1149.880075 	 48.000000 	 1.000000 
1.000000 	 543.372006 	 1147.094919 	 64.000000 	 1.000000 
1.000000 	 488.968150 	 1134.323271 	 80.000000 	 1.000000 
1.000000 	 430.215519 	 1106.103902 	 96.000000 	 1.000000 
1.000000 	 380.124968 	 1064.577106 	 114.000000 	 1.000000 
1.000000 	 345.237187 	 1016.602505 	 132.000000 	 1.000000 
1.000000 	 326.281421 	 968.835402 	 148.000000 	 1.000000 
1.000000 	 321.239168 	 925.528161 	 164.000000 	 1.000000 
1.000000 	 327.646832 	 888.750440 	 180.000000 	 1.000000 
1.000000 	 343.480319 	 859.350310 	 198.000000 	 1.000000 
1.000000 	 367.145989 	 837.703478 	 214.000000 	 1.000000 
1.000000 	 397.170673 	 824.037600 	 232.000000 	 1.000000 
1.000000 	 430.936950 	 818.884362 	 248.000000 	 1.000000 
1.000000 	 458.581770 	 827.306124 	 264.000000 	 1.000000 
1.000000 	 485.515316 	 850.483130 	 280.000000 	 1.000000 
1.000000 	 517.605197 	 881.345145 	 298.000000 	 1.000000 
1.000000 	 551.775611 	 914.235044 	 316.000000 	 1.000000 
1.000000 	 583.888785 	 946.963870 	 332.000000 	 1.000000 
1.000000 	 611.314028 	 978.359518 	 348.000000 	 1.000000 
1.000000 	 632.729490 	 1007.198731 	 364.000000 	 1.000000 
1.000000 	 647.959959 	 1032.499611 	 380.000000 	 1.000000 
1.000000 	 657.497078 	 1051.678327 	 398.000000 	 1.000000 
1.000000 	 659.146636 	 1041.834571 	 416.000000 	 1.000000 
1.000000 	 655.017848 	 999.050268 	 432.000000 	 1.000000 
1.000000 	 650.558959 	 939.924944 	 448.000000 	 1.000000 
1.000000 	 648.890181 	 876.891513 	 464.000000 	 1.000000 
1.000000 	 650.500272 	 816.059884 	 482.000000 	 1.000000 
1.000000 	 654.399694 	 759.561115 	 498.000000 	 1.000000 
1.000000 	 659.262273 	 707.519912 	 516.000000 	 1.000000 
1.000000 	 664.083297 	 659.350458 	 532.000000 	 1.000000 
1.000000 	 668.327379 	 614.511463 	 548.000000 	 1.000000 
1.000000 	 671.812404 	 572.808205 	 564.000000 	 1.000000 
1.000000 	 674.544634 	 534.444223 	 582.000000 	 1.000000 
1.000000 	 676.165770 	 502.441652 	 600.000000 	 1.000000 
1.000000 	 676.597143 	 478.506809 	 616.000000 	 1.000000 
