stroke_id	 x	 y	 time	 is_writing
1.000000 	 447.836392 	 1419.145205 	 0.000000 	 1.000000 
1.000000 	 449.365330 	 1425.006693 	 84.000000 	 1.000000 
1.000000 	 450.406472 	 1431.439421 	 100.000000 	 1.000000 
1.000000 	 449.672603 	 1435.354223 	 136.000000 	 1.000000 
1.000000 	 434.848157 	 1393.454982 	 152.000000 	 1.000000 
1.000000 	 414.940374 	 1293.829674 	 168.000000 	 1.000000 
1.000000 	 409.419932 	 1178.578191 	 184.000000 	 1.000000 
1.000000 	 418.682379 	 1071.033837 	 200.000000 	 1.000000 
1.000000 	 439.027132 	 979.850018 	 216.000000 	 1.000000 
1.000000 	 468.519628 	 908.397248 	 232.000000 	 1.000000 
1.000000 	 505.590417 	 858.451796 	 252.000000 	 1.000000 
1.000000 	 547.517026 	 830.173192 	 268.000000 	 1.000000 
1.000000 	 590.712348 	 821.461185 	 284.000000 	 1.000000 
1.000000 	 631.665523 	 828.116982 	 300.000000 	 1.000000 
2.000000 	 281.883072 	 1041.026497 	 468.000000 	 1.000000 
2.000000 	 293.762179 	 1044.901191 	 512.000000 	 1.000000 
2.000000 	 326.285391 	 1055.578009 	 536.000000 	 1.000000 
2.000000 	 378.203439 	 1072.299114 	 568.000000 	 1.000000 
