stroke_id	 x	 y	 time	 is_writing
1.000000 	 250.367077 	 497.391039 	 64.000000 	 1.000000 
1.000000 	 252.207977 	 504.854162 	 80.000000 	 1.000000 
1.000000 	 254.298105 	 513.526704 	 96.000000 	 1.000000 
1.000000 	 256.663032 	 523.487843 	 112.000000 	 1.000000 
1.000000 	 259.325399 	 534.731060 	 128.000000 	 1.000000 
1.000000 	 262.292749 	 547.152599 	 144.000000 	 1.000000 
1.000000 	 265.549296 	 560.561458 	 160.000000 	 1.000000 
1.000000 	 269.055165 	 574.703277 	 176.000000 	 1.000000 
1.000000 	 272.755015 	 589.286188 	 192.000000 	 1.000000 
1.000000 	 276.600377 	 603.993882 	 208.000000 	 1.000000 
1.000000 	 280.587750 	 618.476546 	 224.000000 	 1.000000 
1.000000 	 284.796598 	 632.331334 	 256.000000 	 1.000000 
1.000000 	 289.392701 	 645.102433 	 272.000000 	 1.000000 
1.000000 	 294.571962 	 656.320317 	 304.000000 	 1.000000 
1.000000 	 300.459209 	 665.570518 	 320.000000 	 1.000000 
1.000000 	 307.013964 	 672.566625 	 336.000000 	 1.000000 
1.000000 	 314.107589 	 676.440238 	 352.000000 	 1.000000 
1.000000 	 322.060074 	 672.052359 	 368.000000 	 1.000000 
1.000000 	 330.644086 	 656.022180 	 384.000000 	 1.000000 
1.000000 	 338.706096 	 629.747258 	 400.000000 	 1.000000 
1.000000 	 345.444743 	 595.886781 	 416.000000 	 1.000000 
1.000000 	 351.268881 	 557.369143 	 432.000000 	 1.000000 
1.000000 	 356.900060 	 517.445782 	 448.000000 	 1.000000 
1.000000 	 362.396754 	 478.891208 	 464.000000 	 1.000000 
1.000000 	 367.349716 	 443.368563 	 480.000000 	 1.000000 
1.000000 	 371.456954 	 412.036535 	 496.000000 	 1.000000 
1.000000 	 374.700420 	 385.755032 	 512.000000 	 1.000000 
1.000000 	 377.207884 	 364.596321 	 528.000000 	 1.000000 
1.000000 	 379.134162 	 348.005825 	 544.000000 	 1.000000 
1.000000 	 380.613414 	 335.178115 	 560.000000 	 1.000000 
1.000000 	 381.749538 	 325.305297 	 576.000000 	 1.000000 
1.000000 	 382.620260 	 317.686961 	 592.000000 	 1.000000 
1.000000 	 383.283817 	 311.759347 	 608.000000 	 1.000000 
1.000000 	 383.784575 	 307.087606 	 640.000000 	 1.000000 
1.000000 	 384.156989 	 303.345014 	 656.000000 	 1.000000 
1.000000 	 384.428238 	 300.290209 	 672.000000 	 1.000000 
1.000000 	 384.619980 	 297.746875 	 688.000000 	 1.000000 
1.000000 	 384.749562 	 295.587149 	 720.000000 	 1.000000 
