stroke_id	 x	 y	 time	 is_writing
1.000000 	 296.864695 	 741.338936 	 60.000000 	 1.000000 
1.000000 	 305.587581 	 742.247332 	 76.000000 	 1.000000 
1.000000 	 330.948206 	 748.480396 	 96.000000 	 1.000000 
1.000000 	 370.644303 	 757.069861 	 112.000000 	 1.000000 
1.000000 	 413.958921 	 761.822969 	 128.000000 	 1.000000 
1.000000 	 452.011750 	 759.123114 	 144.000000 	 1.000000 
1.000000 	 476.907692 	 745.453353 	 164.000000 	 1.000000 
1.000000 	 485.410586 	 720.725339 	 180.000000 	 1.000000 
1.000000 	 485.273299 	 691.220613 	 196.000000 	 1.000000 
1.000000 	 479.961746 	 658.736032 	 212.000000 	 1.000000 
1.000000 	 470.809845 	 624.210818 	 228.000000 	 1.000000 
1.000000 	 458.716296 	 588.824634 	 244.000000 	 1.000000 
1.000000 	 444.563740 	 553.878957 	 260.000000 	 1.000000 
1.000000 	 429.253555 	 520.573068 	 276.000000 	 1.000000 
1.000000 	 413.647012 	 489.855942 	 324.000000 	 1.000000 
