stroke_id	 x	 y	 time	 is_writing
1.000000 	 485.459677 	 318.968884 	 0.000000 	 1.000000 
1.000000 	 480.990671 	 311.256694 	 80.000000 	 1.000000 
1.000000 	 475.642588 	 304.479015 	 96.000000 	 1.000000 
1.000000 	 477.898384 	 313.574504 	 112.000000 	 1.000000 
1.000000 	 496.696263 	 354.595262 	 128.000000 	 1.000000 
1.000000 	 530.347279 	 423.683017 	 144.000000 	 1.000000 
1.000000 	 571.238594 	 505.961865 	 160.000000 	 1.000000 
1.000000 	 612.552651 	 588.556138 	 176.000000 	 1.000000 
1.000000 	 650.194057 	 664.241815 	 192.000000 	 1.000000 
1.000000 	 681.668038 	 730.024426 	 208.000000 	 1.000000 
1.000000 	 703.943938 	 784.785371 	 224.000000 	 1.000000 
1.000000 	 713.891742 	 828.154026 	 240.000000 	 1.000000 
1.000000 	 710.583973 	 860.522947 	 256.000000 	 1.000000 
1.000000 	 695.932518 	 883.076344 	 272.000000 	 1.000000 
1.000000 	 673.490659 	 897.499528 	 288.000000 	 1.000000 
1.000000 	 646.941543 	 905.573598 	 304.000000 	 1.000000 
1.000000 	 619.163771 	 908.881955 	 336.000000 	 1.000000 
1.000000 	 591.963771 	 908.748059 	 352.000000 	 1.000000 
1.000000 	 566.261578 	 906.385306 	 368.000000 	 1.000000 
1.000000 	 542.510846 	 903.077355 	 384.000000 	 1.000000 
1.000000 	 521.125210 	 900.120935 	 400.000000 	 1.000000 
1.000000 	 502.655328 	 898.451488 	 416.000000 	 1.000000 
1.000000 	 487.607576 	 898.270870 	 432.000000 	 1.000000 
2.000000 	 501.068705 	 551.443641 	 1008.000000 	 1.000000 
2.000000 	 506.568048 	 552.273883 	 1088.000000 	 1.000000 
2.000000 	 512.794283 	 552.259206 	 1104.000000 	 1.000000 
2.000000 	 521.332441 	 551.687736 	 1120.000000 	 1.000000 
2.000000 	 532.958947 	 551.792886 	 1136.000000 	 1.000000 
2.000000 	 547.126194 	 553.322897 	 1152.000000 	 1.000000 
2.000000 	 562.884136 	 556.081805 	 1168.000000 	 1.000000 
2.000000 	 579.283089 	 559.417857 	 1184.000000 	 1.000000 
2.000000 	 595.415875 	 562.694607 	 1200.000000 	 1.000000 
2.000000 	 610.566239 	 565.596321 	 1216.000000 	 1.000000 
