stroke_id	 x	 y	 time	 is_writing
1.000000 	 366.836153 	 1131.627008 	 0.000000 	 1.000000 
1.000000 	 378.852182 	 1139.095302 	 0.000000 	 1.000000 
1.000000 	 400.442674 	 1146.227499 	 0.000000 	 1.000000 
1.000000 	 431.834290 	 1145.857843 	 0.000000 	 1.000000 
1.000000 	 468.909536 	 1131.604698 	 128.000000 	 1.000000 
1.000000 	 504.437437 	 1101.196693 	 128.000000 	 1.000000 
1.000000 	 531.306820 	 1057.589682 	 128.000000 	 1.000000 
1.000000 	 545.347164 	 1007.325458 	 128.000000 	 1.000000 
1.000000 	 545.478419 	 956.882467 	 128.000000 	 1.000000 
1.000000 	 532.749336 	 909.121555 	 256.000000 	 1.000000 
1.000000 	 514.080490 	 865.395276 	 256.000000 	 1.000000 
1.000000 	 499.022325 	 831.163334 	 256.000000 	 1.000000 
1.000000 	 493.116406 	 823.427747 	 256.000000 	 1.000000 
1.000000 	 503.224456 	 855.453019 	 384.000000 	 1.000000 
