stroke_id	 x	 y	 time	 is_writing
1.000000 	 201.854756 	 920.468513 	 0.000000 	 1.000000 
1.000000 	 202.848250 	 910.951263 	 48.000000 	 1.000000 
1.000000 	 204.363572 	 897.408289 	 80.000000 	 1.000000 
1.000000 	 206.762050 	 879.060290 	 128.000000 	 1.000000 
1.000000 	 210.423446 	 855.291040 	 144.000000 	 1.000000 
1.000000 	 215.565484 	 825.875419 	 176.000000 	 1.000000 
1.000000 	 222.160910 	 791.193272 	 192.000000 	 1.000000 
1.000000 	 229.960531 	 752.340364 	 232.000000 	 1.000000 
1.000000 	 238.525366 	 711.129121 	 248.000000 	 1.000000 
1.000000 	 247.263910 	 669.904039 	 280.000000 	 1.000000 
1.000000 	 255.574925 	 631.026606 	 296.000000 	 1.000000 
1.000000 	 263.078573 	 596.168446 	 328.000000 	 1.000000 
1.000000 	 269.737701 	 565.886465 	 344.000000 	 1.000000 
2.000000 	 222.369246 	 836.381706 	 584.000000 	 1.000000 
2.000000 	 222.610596 	 837.941568 	 616.000000 	 1.000000 
2.000000 	 222.954243 	 840.950870 	 648.000000 	 1.000000 
2.000000 	 223.480865 	 846.100904 	 680.000000 	 1.000000 
2.000000 	 224.497643 	 854.002298 	 696.000000 	 1.000000 
2.000000 	 226.659452 	 864.971150 	 712.000000 	 1.000000 
2.000000 	 230.919188 	 878.857005 	 744.000000 	 1.000000 
2.000000 	 238.329278 	 894.970062 	 776.000000 	 1.000000 
2.000000 	 250.600264 	 912.107169 	 800.000000 	 1.000000 
2.000000 	 271.302538 	 928.545051 	 816.000000 	 1.000000 
2.000000 	 303.942589 	 941.487102 	 832.000000 	 1.000000 
2.000000 	 348.356715 	 946.217904 	 864.000000 	 1.000000 
2.000000 	 399.173960 	 937.227203 	 880.000000 	 1.000000 
2.000000 	 447.277400 	 911.614846 	 896.000000 	 1.000000 
2.000000 	 483.629251 	 871.492206 	 912.000000 	 1.000000 
2.000000 	 502.985281 	 822.952431 	 928.000000 	 1.000000 
2.000000 	 505.013763 	 772.894843 	 944.000000 	 1.000000 
2.000000 	 492.852695 	 726.459415 	 984.000000 	 1.000000 
2.000000 	 470.911506 	 686.293936 	 1000.000000 	 1.000000 
2.000000 	 443.440605 	 653.211029 	 1016.000000 	 1.000000 
2.000000 	 414.365835 	 627.451537 	 1032.000000 	 1.000000 
2.000000 	 387.295100 	 609.203932 	 1064.000000 	 1.000000 
2.000000 	 364.486369 	 597.561025 	 1080.000000 	 1.000000 
2.000000 	 346.019738 	 590.210581 	 1096.000000 	 1.000000 
2.000000 	 330.493117 	 584.946050 	 1128.000000 	 1.000000 
2.000000 	 316.545000 	 580.710885 	 1144.000000 	 1.000000 
2.000000 	 303.654548 	 577.261688 	 1168.000000 	 1.000000 
