stroke_id	 x	 y	 time	 is_writing
1.000000 	 567.337358 	 1057.885825 	 0.000000 	 1.000000 
1.000000 	 566.843777 	 1060.654313 	 64.000000 	 1.000000 
1.000000 	 566.085714 	 1055.432713 	 64.000000 	 1.000000 
1.000000 	 565.686021 	 1022.460025 	 128.000000 	 1.000000 
1.000000 	 566.157542 	 979.202227 	 128.000000 	 1.000000 
1.000000 	 566.913860 	 946.158729 	 192.000000 	 1.000000 
2.000000 	 630.294193 	 1267.174467 	 448.000000 	 1.000000 
2.000000 	 629.822590 	 1267.133714 	 448.000000 	 1.000000 
2.000000 	 629.469360 	 1267.365229 	 512.000000 	 1.000000 
