stroke_id	 x	 y	 time	 is_writing
1.000000 	 368.122497 	 1175.227417 	 0.000000 	 1.000000 
1.000000 	 369.389687 	 1175.036607 	 32.000000 	 1.000000 
1.000000 	 372.796377 	 1174.490130 	 32.000000 	 1.000000 
1.000000 	 379.928797 	 1173.186307 	 64.000000 	 1.000000 
1.000000 	 392.227198 	 1170.418831 	 64.000000 	 1.000000 
1.000000 	 410.343490 	 1165.084362 	 96.000000 	 1.000000 
1.000000 	 433.656667 	 1155.787248 	 96.000000 	 1.000000 
1.000000 	 460.168817 	 1141.229317 	 128.000000 	 1.000000 
1.000000 	 486.943221 	 1120.524093 	 128.000000 	 1.000000 
1.000000 	 511.744843 	 1090.046693 	 160.000000 	 1.000000 
1.000000 	 532.763179 	 1042.408397 	 160.000000 	 1.000000 
1.000000 	 543.751329 	 977.864714 	 192.000000 	 1.000000 
1.000000 	 538.435972 	 906.653272 	 192.000000 	 1.000000 
1.000000 	 520.511337 	 838.507976 	 224.000000 	 1.000000 
1.000000 	 498.664594 	 781.278916 	 224.000000 	 1.000000 
1.000000 	 473.929629 	 740.512976 	 256.000000 	 1.000000 
1.000000 	 447.869519 	 713.077057 	 256.000000 	 1.000000 
1.000000 	 422.912633 	 695.308282 	 288.000000 	 1.000000 
1.000000 	 400.476648 	 684.590739 	 288.000000 	 1.000000 
1.000000 	 381.176198 	 678.866970 	 320.000000 	 1.000000 
1.000000 	 366.362536 	 676.567452 	 352.000000 	 1.000000 
1.000000 	 362.367091 	 676.936846 	 384.000000 	 1.000000 
1.000000 	 379.194319 	 679.518419 	 416.000000 	 1.000000 
1.000000 	 419.712668 	 682.513139 	 416.000000 	 1.000000 
1.000000 	 475.613405 	 683.305339 	 448.000000 	 1.000000 
1.000000 	 534.573030 	 680.935327 	 480.000000 	 1.000000 
1.000000 	 587.209383 	 674.361287 	 480.000000 	 1.000000 
1.000000 	 631.864696 	 666.282946 	 512.000000 	 1.000000 
1.000000 	 670.720714 	 661.889389 	 512.000000 	 1.000000 
1.000000 	 705.389974 	 661.709199 	 544.000000 	 1.000000 
1.000000 	 736.804058 	 664.679584 	 576.000000 	 1.000000 
