stroke_id	 x	 y	 time	 is_writing
1.000000 	 431.203978 	 689.469216 	 0.000000 	 1.000000 
1.000000 	 449.027054 	 772.455641 	 64.000000 	 1.000000 
1.000000 	 462.299868 	 855.111020 	 80.000000 	 1.000000 
1.000000 	 428.844475 	 739.127012 	 112.000000 	 1.000000 
1.000000 	 454.664715 	 598.950522 	 576.000000 	 1.000000 
1.000000 	 549.255447 	 532.826325 	 704.000000 	 1.000000 
