stroke_id	 x	 y	 time	 is_writing
1.000000 	 480.910718 	 1212.211159 	 0.000000 	 1.000000 
1.000000 	 493.944147 	 1213.698795 	 12.000000 	 1.000000 
1.000000 	 512.941952 	 1215.815099 	 48.000000 	 1.000000 
1.000000 	 537.275724 	 1218.230376 	 64.000000 	 1.000000 
1.000000 	 564.854916 	 1220.483949 	 100.000000 	 1.000000 
1.000000 	 592.853014 	 1222.274961 	 160.000000 	 1.000000 
2.000000 	 530.220741 	 1010.482557 	 316.000000 	 1.000000 
2.000000 	 533.091960 	 1010.535642 	 332.000000 	 1.000000 
2.000000 	 537.797933 	 1010.638594 	 348.000000 	 1.000000 
2.000000 	 544.747260 	 1010.826782 	 364.000000 	 1.000000 
2.000000 	 554.099121 	 1011.147103 	 380.000000 	 1.000000 
2.000000 	 565.664128 	 1011.643486 	 396.000000 	 1.000000 
2.000000 	 578.865312 	 1012.326533 	 412.000000 	 1.000000 
2.000000 	 592.808127 	 1013.152229 	 456.000000 	 1.000000 
2.000000 	 606.511959 	 1014.048602 	 472.000000 	 1.000000 
