stroke_id	 x	 y	 time	 is_writing
1.000000 	 497.651556 	 1157.692325 	 0.000000 	 1.000000 
1.000000 	 494.487846 	 1159.300165 	 0.000000 	 1.000000 
1.000000 	 492.703221 	 1160.973220 	 0.000000 	 1.000000 
1.000000 	 494.267822 	 1159.854928 	 64.000000 	 1.000000 
1.000000 	 500.600110 	 1154.174209 	 64.000000 	 1.000000 
1.000000 	 512.939504 	 1144.947622 	 64.000000 	 1.000000 
1.000000 	 531.573490 	 1135.725680 	 128.000000 	 1.000000 
1.000000 	 554.883336 	 1131.227871 	 128.000000 	 1.000000 
1.000000 	 579.735162 	 1135.428699 	 128.000000 	 1.000000 
1.000000 	 603.233666 	 1149.270448 	 192.000000 	 1.000000 
1.000000 	 623.823331 	 1169.899813 	 192.000000 	 1.000000 
1.000000 	 640.549104 	 1192.381436 	 192.000000 	 1.000000 
1.000000 	 652.207759 	 1212.139566 	 192.000000 	 1.000000 
1.000000 	 657.595439 	 1226.311056 	 256.000000 	 1.000000 
1.000000 	 656.096967 	 1233.995145 	 256.000000 	 1.000000 
1.000000 	 648.478632 	 1236.303974 	 256.000000 	 1.000000 
1.000000 	 637.077053 	 1236.874096 	 256.000000 	 1.000000 
1.000000 	 623.267451 	 1233.913269 	 320.000000 	 1.000000 
1.000000 	 612.242741 	 1225.284027 	 320.000000 	 1.000000 
1.000000 	 608.258006 	 1212.945370 	 320.000000 	 1.000000 
1.000000 	 612.411257 	 1199.353218 	 384.000000 	 1.000000 
1.000000 	 623.648516 	 1186.142668 	 384.000000 	 1.000000 
1.000000 	 639.810208 	 1174.172656 	 384.000000 	 1.000000 
