stroke_id	 x	 y	 time	 is_writing
1.000000 	 208.770677 	 864.545425 	 0.000000 	 1.000000 
1.000000 	 209.088647 	 864.343640 	 64.000000 	 1.000000 
1.000000 	 209.566299 	 864.024077 	 64.000000 	 1.000000 
1.000000 	 210.247688 	 863.541892 	 64.000000 	 1.000000 
1.000000 	 211.285445 	 862.788585 	 64.000000 	 1.000000 
1.000000 	 213.012485 	 861.557460 	 128.000000 	 1.000000 
1.000000 	 215.918611 	 859.563761 	 128.000000 	 1.000000 
1.000000 	 220.522935 	 856.521236 	 128.000000 	 1.000000 
1.000000 	 227.206291 	 852.235100 	 192.000000 	 1.000000 
1.000000 	 236.078840 	 846.669334 	 192.000000 	 1.000000 
1.000000 	 246.919881 	 839.972059 	 192.000000 	 1.000000 
1.000000 	 259.199471 	 832.458001 	 192.000000 	 1.000000 
1.000000 	 272.188195 	 824.545086 	 256.000000 	 1.000000 
1.000000 	 285.134889 	 816.654806 	 256.000000 	 1.000000 
1.000000 	 297.458299 	 809.106044 	 256.000000 	 1.000000 
1.000000 	 309.149969 	 801.871359 	 256.000000 	 1.000000 
1.000000 	 321.193323 	 794.371607 	 320.000000 	 1.000000 
1.000000 	 334.390426 	 786.443864 	 384.000000 	 1.000000 
1.000000 	 348.222873 	 778.918095 	 384.000000 	 1.000000 
2.000000 	 481.170012 	 820.631343 	 512.000000 	 1.000000 
2.000000 	 479.412263 	 815.322084 	 512.000000 	 1.000000 
2.000000 	 476.746939 	 806.850229 	 576.000000 	 1.000000 
2.000000 	 473.107679 	 794.830946 	 640.000000 	 1.000000 
2.000000 	 468.185387 	 778.685415 	 640.000000 	 1.000000 
2.000000 	 461.284451 	 757.264591 	 640.000000 	 1.000000 
2.000000 	 451.553154 	 729.107931 	 640.000000 	 1.000000 
2.000000 	 438.477342 	 693.351570 	 704.000000 	 1.000000 
2.000000 	 422.278695 	 650.627175 	 704.000000 	 1.000000 
2.000000 	 403.919101 	 603.206145 	 704.000000 	 1.000000 
2.000000 	 384.703111 	 554.228393 	 704.000000 	 1.000000 
2.000000 	 365.760805 	 506.561025 	 768.000000 	 1.000000 
2.000000 	 347.762579 	 462.047809 	 768.000000 	 1.000000 
2.000000 	 331.000362 	 421.500682 	 768.000000 	 1.000000 
2.000000 	 315.657242 	 385.180850 	 768.000000 	 1.000000 
