stroke_id	 x	 y	 time	 is_writing
1.000000 	 656.250685 	 945.223088 	 0.000000 	 1.000000 
1.000000 	 646.080224 	 933.598727 	 128.000000 	 1.000000 
1.000000 	 633.000641 	 915.059889 	 128.000000 	 1.000000 
1.000000 	 618.887346 	 892.778203 	 128.000000 	 1.000000 
1.000000 	 604.050618 	 869.888358 	 128.000000 	 1.000000 
1.000000 	 588.636563 	 848.797510 	 128.000000 	 1.000000 
1.000000 	 573.035959 	 831.199842 	 128.000000 	 1.000000 
1.000000 	 557.858785 	 818.066473 	 128.000000 	 1.000000 
1.000000 	 543.802219 	 809.650085 	 128.000000 	 1.000000 
1.000000 	 531.520028 	 805.566412 	 256.000000 	 1.000000 
1.000000 	 521.529700 	 804.952871 	 256.000000 	 1.000000 
1.000000 	 514.167269 	 806.669814 	 256.000000 	 1.000000 
1.000000 	 509.584972 	 809.502412 	 384.000000 	 1.000000 
1.000000 	 507.778421 	 812.329674 	 384.000000 	 1.000000 
1.000000 	 508.628664 	 814.240940 	 384.000000 	 1.000000 
1.000000 	 511.980628 	 814.565148 	 384.000000 	 1.000000 
1.000000 	 517.938753 	 812.649774 	 384.000000 	 1.000000 
1.000000 	 527.199247 	 807.467177 	 512.000000 	 1.000000 
1.000000 	 540.129636 	 797.952522 	 640.000000 	 1.000000 
1.000000 	 555.272055 	 784.242137 	 640.000000 	 1.000000 
