stroke_id	 x	 y	 time	 is_writing
1.000000 	 639.173094 	 1091.172776 	 36.000000 	 1.000000 
1.000000 	 627.243799 	 1095.070420 	 52.000000 	 1.000000 
1.000000 	 609.799546 	 1095.987825 	 68.000000 	 1.000000 
1.000000 	 589.981242 	 1090.507737 	 84.000000 	 1.000000 
1.000000 	 572.210029 	 1078.001178 	 102.000000 	 1.000000 
1.000000 	 559.883059 	 1060.660124 	 118.000000 	 1.000000 
1.000000 	 554.140843 	 1041.806458 	 136.000000 	 1.000000 
1.000000 	 554.188431 	 1024.235330 	 152.000000 	 1.000000 
1.000000 	 558.407415 	 1009.836740 	 168.000000 	 1.000000 
1.000000 	 566.183082 	 1002.495667 	 184.000000 	 1.000000 
1.000000 	 576.822680 	 1002.048365 	 200.000000 	 1.000000 
1.000000 	 589.110189 	 1005.940639 	 218.000000 	 1.000000 
1.000000 	 600.939054 	 1013.646235 	 234.000000 	 1.000000 
1.000000 	 610.271039 	 1022.727566 	 252.000000 	 1.000000 
1.000000 	 616.058434 	 1032.084993 	 268.000000 	 1.000000 
1.000000 	 619.298103 	 1038.449268 	 284.000000 	 1.000000 
1.000000 	 622.129624 	 1038.997668 	 300.000000 	 1.000000 
1.000000 	 626.050985 	 1033.143694 	 316.000000 	 1.000000 
1.000000 	 631.366370 	 1021.405254 	 332.000000 	 1.000000 
1.000000 	 637.762194 	 1004.830800 	 350.000000 	 1.000000 
1.000000 	 644.679646 	 984.752836 	 368.000000 	 1.000000 
1.000000 	 651.423311 	 962.446338 	 384.000000 	 1.000000 
1.000000 	 657.253653 	 939.074676 	 400.000000 	 1.000000 
1.000000 	 661.382064 	 915.935835 	 416.000000 	 1.000000 
1.000000 	 662.929821 	 894.239510 	 432.000000 	 1.000000 
1.000000 	 661.122200 	 874.382725 	 448.000000 	 1.000000 
1.000000 	 656.247670 	 855.921012 	 466.000000 	 1.000000 
1.000000 	 650.142275 	 839.086836 	 484.000000 	 1.000000 
1.000000 	 644.488781 	 825.823014 	 500.000000 	 1.000000 
1.000000 	 639.241345 	 818.257493 	 516.000000 	 1.000000 
1.000000 	 633.474122 	 816.946488 	 532.000000 	 1.000000 
1.000000 	 626.848504 	 821.036309 	 548.000000 	 1.000000 
1.000000 	 619.916009 	 829.271848 	 566.000000 	 1.000000 
1.000000 	 613.642765 	 840.556291 	 582.000000 	 1.000000 
1.000000 	 608.944087 	 854.002710 	 600.000000 	 1.000000 
1.000000 	 606.247728 	 868.944331 	 616.000000 	 1.000000 
