stroke_id	 x	 y	 time	 is_writing
1.000000 	 344.408374 	 1195.743003 	 0.000000 	 1.000000 
1.000000 	 347.850806 	 1192.061592 	 96.000000 	 1.000000 
1.000000 	 364.987942 	 1173.042518 	 160.000000 	 1.000000 
1.000000 	 399.900359 	 1131.943527 	 192.000000 	 1.000000 
1.000000 	 444.893742 	 1075.352879 	 256.000000 	 1.000000 
1.000000 	 487.272222 	 1022.820546 	 288.000000 	 1.000000 
1.000000 	 529.658699 	 977.115510 	 320.000000 	 1.000000 
1.000000 	 553.521322 	 952.258410 	 384.000000 	 1.000000 
2.000000 	 732.608156 	 1211.917046 	 768.000000 	 1.000000 
2.000000 	 732.606734 	 1211.915321 	 896.000000 	 1.000000 
2.000000 	 732.525303 	 1211.816625 	 928.000000 	 1.000000 
2.000000 	 731.666640 	 1210.793497 	 992.000000 	 1.000000 
2.000000 	 712.063772 	 1181.675243 	 1024.000000 	 1.000000 
2.000000 	 635.901385 	 1055.778330 	 1088.000000 	 1.000000 
2.000000 	 573.628479 	 937.590043 	 1120.000000 	 1.000000 
2.000000 	 532.131216 	 850.333548 	 1184.000000 	 1.000000 
2.000000 	 502.514162 	 786.313935 	 1216.000000 	 1.000000 
2.000000 	 480.895030 	 740.357202 	 1280.000000 	 1.000000 
2.000000 	 466.046098 	 709.172279 	 1312.000000 	 1.000000 
2.000000 	 456.602238 	 689.043644 	 1376.000000 	 1.000000 
2.000000 	 450.880500 	 676.330690 	 1440.000000 	 1.000000 
