stroke_id	 x	 y	 time	 is_writing
1.000000 	 424.490086 	 806.107895 	 36.000000 	 1.000000 
1.000000 	 420.755015 	 806.458680 	 52.000000 	 1.000000 
1.000000 	 415.905004 	 806.774693 	 70.000000 	 1.000000 
1.000000 	 409.664632 	 806.892630 	 86.000000 	 1.000000 
1.000000 	 401.842425 	 806.534485 	 118.000000 	 1.000000 
1.000000 	 392.401632 	 805.345169 	 134.000000 	 1.000000 
1.000000 	 381.485185 	 802.957419 	 152.000000 	 1.000000 
1.000000 	 369.398789 	 799.052382 	 170.000000 	 1.000000 
1.000000 	 356.562071 	 793.396567 	 186.000000 	 1.000000 
1.000000 	 342.591641 	 785.327279 	 202.000000 	 1.000000 
1.000000 	 325.387014 	 773.074272 	 218.000000 	 1.000000 
1.000000 	 305.577595 	 756.204194 	 234.000000 	 1.000000 
1.000000 	 285.947931 	 735.771465 	 252.000000 	 1.000000 
1.000000 	 268.893154 	 713.264750 	 268.000000 	 1.000000 
1.000000 	 255.847555 	 689.966341 	 286.000000 	 1.000000 
1.000000 	 247.597386 	 666.750133 	 302.000000 	 1.000000 
1.000000 	 244.557301 	 644.207548 	 318.000000 	 1.000000 
1.000000 	 246.823143 	 622.895914 	 334.000000 	 1.000000 
1.000000 	 254.095901 	 603.505019 	 352.000000 	 1.000000 
1.000000 	 265.604590 	 586.820708 	 368.000000 	 1.000000 
1.000000 	 280.131435 	 573.505197 	 386.000000 	 1.000000 
1.000000 	 296.188733 	 563.840507 	 402.000000 	 1.000000 
1.000000 	 312.303476 	 557.603109 	 418.000000 	 1.000000 
1.000000 	 327.291046 	 554.139994 	 434.000000 	 1.000000 
2.000000 	 383.866264 	 569.082482 	 468.000000 	 1.000000 
2.000000 	 384.312863 	 569.804263 	 486.000000 	 1.000000 
2.000000 	 384.539707 	 570.823312 	 502.000000 	 1.000000 
2.000000 	 380.684499 	 573.673883 	 518.000000 	 1.000000 
2.000000 	 369.999946 	 578.748008 	 534.000000 	 1.000000 
2.000000 	 354.976280 	 583.846666 	 552.000000 	 1.000000 
2.000000 	 338.585007 	 587.397751 	 568.000000 	 1.000000 
2.000000 	 322.791626 	 589.049586 	 586.000000 	 1.000000 
2.000000 	 308.592879 	 589.112379 	 602.000000 	 1.000000 
2.000000 	 296.202403 	 587.906557 	 618.000000 	 1.000000 
2.000000 	 284.818176 	 584.603445 	 634.000000 	 1.000000 
2.000000 	 274.969851 	 579.251470 	 650.000000 	 1.000000 
2.000000 	 267.659932 	 573.005383 	 668.000000 	 1.000000 
2.000000 	 262.918437 	 567.056907 	 686.000000 	 1.000000 
2.000000 	 260.024344 	 562.165795 	 702.000000 	 1.000000 
