stroke_id	 x	 y	 time	 is_writing
1.000000 	 411.670215 	 1104.400091 	 0.000000 	 1.000000 
1.000000 	 413.827376 	 1092.640852 	 0.000000 	 1.000000 
1.000000 	 416.562100 	 1077.492371 	 0.000000 	 1.000000 
1.000000 	 419.886936 	 1058.641491 	 32.000000 	 1.000000 
1.000000 	 423.760049 	 1035.946763 	 64.000000 	 1.000000 
1.000000 	 428.086111 	 1009.480214 	 64.000000 	 1.000000 
1.000000 	 432.735359 	 979.549598 	 96.000000 	 1.000000 
1.000000 	 437.579737 	 946.696177 	 96.000000 	 1.000000 
1.000000 	 442.538322 	 911.667016 	 128.000000 	 1.000000 
1.000000 	 447.619731 	 875.364926 	 128.000000 	 1.000000 
1.000000 	 452.948675 	 838.782415 	 160.000000 	 1.000000 
1.000000 	 458.767464 	 802.927833 	 160.000000 	 1.000000 
1.000000 	 465.409674 	 768.752124 	 192.000000 	 1.000000 
1.000000 	 473.250354 	 737.083817 	 192.000000 	 1.000000 
1.000000 	 482.642934 	 708.578324 	 224.000000 	 1.000000 
1.000000 	 493.855902 	 683.685683 	 224.000000 	 1.000000 
1.000000 	 507.021878 	 662.638642 	 256.000000 	 1.000000 
1.000000 	 522.108281 	 645.460534 	 256.000000 	 1.000000 
1.000000 	 538.913658 	 631.990187 	 288.000000 	 1.000000 
1.000000 	 557.088335 	 621.919229 	 288.000000 	 1.000000 
1.000000 	 576.173707 	 614.836197 	 320.000000 	 1.000000 
1.000000 	 595.651967 	 610.271764 	 320.000000 	 1.000000 
1.000000 	 614.997613 	 607.740189 	 352.000000 	 1.000000 
1.000000 	 633.723303 	 606.773540 	 352.000000 	 1.000000 
1.000000 	 651.414953 	 606.946806 	 384.000000 	 1.000000 
1.000000 	 667.753634 	 607.893616 	 384.000000 	 1.000000 
