stroke_id	 x	 y	 time	 is_writing
1.000000 	 580.081141 	 1351.115754 	 0.000000 	 1.000000 
1.000000 	 576.209773 	 1356.748087 	 0.000000 	 1.000000 
1.000000 	 571.744160 	 1321.633091 	 32.000000 	 1.000000 
1.000000 	 572.674749 	 1241.006766 	 64.000000 	 1.000000 
1.000000 	 578.909817 	 1151.037913 	 96.000000 	 1.000000 
1.000000 	 587.652610 	 1071.146208 	 128.000000 	 1.000000 
1.000000 	 597.467368 	 998.885982 	 160.000000 	 1.000000 
1.000000 	 604.469584 	 926.585514 	 192.000000 	 1.000000 
1.000000 	 601.317438 	 858.668536 	 192.000000 	 1.000000 
1.000000 	 586.727933 	 800.627112 	 224.000000 	 1.000000 
1.000000 	 563.943954 	 752.225527 	 256.000000 	 1.000000 
1.000000 	 536.436809 	 711.219778 	 256.000000 	 1.000000 
1.000000 	 504.913875 	 677.836236 	 288.000000 	 1.000000 
1.000000 	 466.344576 	 651.528748 	 288.000000 	 1.000000 
1.000000 	 424.202045 	 628.227761 	 320.000000 	 1.000000 
1.000000 	 387.714901 	 613.175135 	 352.000000 	 1.000000 
1.000000 	 354.859301 	 614.429572 	 384.000000 	 1.000000 
1.000000 	 319.967013 	 628.915259 	 384.000000 	 1.000000 
1.000000 	 283.988199 	 649.116703 	 416.000000 	 1.000000 
1.000000 	 250.981306 	 669.511941 	 448.000000 	 1.000000 
2.000000 	 356.607795 	 1472.537078 	 864.000000 	 1.000000 
2.000000 	 356.337447 	 1472.328297 	 896.000000 	 1.000000 
2.000000 	 362.584754 	 1470.483893 	 896.000000 	 1.000000 
2.000000 	 379.321677 	 1467.302123 	 928.000000 	 1.000000 
2.000000 	 406.962208 	 1464.212868 	 960.000000 	 1.000000 
2.000000 	 443.371399 	 1462.502933 	 960.000000 	 1.000000 
2.000000 	 485.491011 	 1463.013891 	 992.000000 	 1.000000 
2.000000 	 530.727904 	 1466.201369 	 992.000000 	 1.000000 
2.000000 	 577.356419 	 1472.093052 	 1024.000000 	 1.000000 
2.000000 	 624.108209 	 1480.245343 	 1056.000000 	 1.000000 
2.000000 	 669.654691 	 1489.840360 	 1056.000000 	 1.000000 
2.000000 	 711.895468 	 1499.718020 	 1088.000000 	 1.000000 
