stroke_id	 x	 y	 time	 is_writing
1.000000 	 820.602109 	 1547.163429 	 0.000000 	 1.000000 
1.000000 	 812.639768 	 1527.371608 	 24.000000 	 1.000000 
1.000000 	 799.300891 	 1491.853927 	 60.000000 	 1.000000 
1.000000 	 783.252690 	 1442.403436 	 78.000000 	 1.000000 
1.000000 	 771.343056 	 1389.829308 	 128.000000 	 1.000000 
1.000000 	 771.554413 	 1350.560254 	 144.000000 	 1.000000 
1.000000 	 787.829377 	 1337.441261 	 174.000000 	 1.000000 
1.000000 	 817.072520 	 1351.526298 	 268.000000 	 1.000000 
1.000000 	 850.745235 	 1381.153472 	 280.000000 	 1.000000 
1.000000 	 872.202356 	 1405.547585 	 330.000000 	 1.000000 
1.000000 	 884.410515 	 1425.826340 	 348.000000 	 1.000000 
1.000000 	 895.524717 	 1421.302040 	 380.000000 	 1.000000 
1.000000 	 897.966949 	 1392.310148 	 396.000000 	 1.000000 
2.000000 	 487.754110 	 1362.349165 	 572.000000 	 1.000000 
2.000000 	 501.191210 	 1362.504141 	 600.000000 	 1.000000 
2.000000 	 539.273612 	 1370.477044 	 632.000000 	 1.000000 
2.000000 	 613.441977 	 1384.412238 	 650.000000 	 1.000000 
2.000000 	 696.341839 	 1384.981744 	 700.000000 	 1.000000 
2.000000 	 769.762650 	 1378.070829 	 716.000000 	 1.000000 
2.000000 	 813.572222 	 1365.907841 	 736.000000 	 1.000000 
2.000000 	 817.325442 	 1345.293683 	 840.000000 	 1.000000 
2.000000 	 790.137165 	 1316.695114 	 868.000000 	 1.000000 
2.000000 	 753.380969 	 1286.578796 	 902.000000 	 1.000000 
2.000000 	 732.619683 	 1263.292263 	 920.000000 	 1.000000 
2.000000 	 747.501466 	 1252.543712 	 968.000000 	 1.000000 
2.000000 	 800.624814 	 1253.801836 	 992.000000 	 1.000000 
