stroke_id	 x	 y	 time	 is_writing
1.000000 	 372.646996 	 1162.076607 	 0.000000 	 1.000000 
1.000000 	 404.786579 	 1193.362580 	 58.000000 	 1.000000 
1.000000 	 499.066746 	 1224.881969 	 102.000000 	 1.000000 
1.000000 	 588.388867 	 1188.132235 	 142.000000 	 1.000000 
1.000000 	 620.757936 	 1125.398699 	 272.000000 	 1.000000 
1.000000 	 723.374396 	 1066.787085 	 354.000000 	 1.000000 
1.000000 	 810.249386 	 853.002228 	 420.000000 	 1.000000 
1.000000 	 642.261921 	 581.668562 	 502.000000 	 1.000000 
1.000000 	 427.072856 	 506.764533 	 568.000000 	 1.000000 
