stroke_id	 x	 y	 time	 is_writing
1.000000 	 859.099772 	 1280.769034 	 0.000000 	 1.000000 
1.000000 	 852.557321 	 1274.771418 	 32.000000 	 1.000000 
1.000000 	 787.085210 	 1192.566142 	 48.000000 	 1.000000 
1.000000 	 720.135320 	 1094.010398 	 64.000000 	 1.000000 
1.000000 	 673.077997 	 1013.783409 	 80.000000 	 1.000000 
1.000000 	 641.730090 	 955.243538 	 96.000000 	 1.000000 
1.000000 	 627.576179 	 921.997187 	 128.000000 	 1.000000 
1.000000 	 622.080963 	 910.803370 	 144.000000 	 1.000000 
1.000000 	 621.259596 	 913.337772 	 160.000000 	 1.000000 
1.000000 	 625.316671 	 927.787888 	 176.000000 	 1.000000 
1.000000 	 631.232671 	 950.928624 	 192.000000 	 1.000000 
1.000000 	 637.678958 	 978.315444 	 208.000000 	 1.000000 
1.000000 	 644.436032 	 1007.457583 	 224.000000 	 1.000000 
1.000000 	 651.075812 	 1036.799303 	 240.000000 	 1.000000 
1.000000 	 654.184723 	 1069.025635 	 256.000000 	 1.000000 
1.000000 	 650.578579 	 1093.377004 	 528.000000 	 1.000000 
1.000000 	 656.953312 	 1106.024649 	 592.000000 	 1.000000 
1.000000 	 669.767886 	 1116.378359 	 608.000000 	 1.000000 
1.000000 	 682.373149 	 1128.184466 	 624.000000 	 1.000000 
1.000000 	 689.217853 	 1141.140897 	 640.000000 	 1.000000 
1.000000 	 689.353323 	 1152.570321 	 656.000000 	 1.000000 
1.000000 	 685.283217 	 1161.264423 	 784.000000 	 1.000000 
2.000000 	 682.111413 	 700.202609 	 1504.000000 	 1.000000 
2.000000 	 681.969242 	 701.193111 	 1584.000000 	 1.000000 
2.000000 	 681.802957 	 704.335377 	 1600.000000 	 1.000000 
2.000000 	 679.601463 	 699.354463 	 1616.000000 	 1.000000 
2.000000 	 680.985715 	 686.571187 	 1632.000000 	 1.000000 
2.000000 	 688.302561 	 680.060055 	 1648.000000 	 1.000000 
2.000000 	 698.773802 	 680.443522 	 1664.000000 	 1.000000 
2.000000 	 705.003332 	 686.076943 	 1680.000000 	 1.000000 
2.000000 	 702.378172 	 696.869909 	 1696.000000 	 1.000000 
2.000000 	 695.781544 	 704.033977 	 1808.000000 	 1.000000 
2.000000 	 690.070407 	 705.184464 	 1824.000000 	 1.000000 
