stroke_id	 x	 y	 time	 is_writing
1.000000 	 581.585588 	 1196.341957 	 0.000000 	 1.000000 
1.000000 	 581.409810 	 1201.010073 	 64.000000 	 1.000000 
1.000000 	 581.411549 	 1201.092679 	 64.000000 	 1.000000 
1.000000 	 582.212355 	 1180.997729 	 128.000000 	 1.000000 
1.000000 	 584.199466 	 1131.439651 	 128.000000 	 1.000000 
1.000000 	 586.951147 	 1063.515861 	 128.000000 	 1.000000 
1.000000 	 589.638515 	 997.765333 	 128.000000 	 1.000000 
1.000000 	 591.663862 	 948.202185 	 192.000000 	 1.000000 
1.000000 	 592.873261 	 917.822498 	 192.000000 	 1.000000 
1.000000 	 593.546193 	 901.167746 	 192.000000 	 1.000000 
1.000000 	 593.100198 	 886.629717 	 256.000000 	 1.000000 
2.000000 	 403.896104 	 1035.455466 	 448.000000 	 1.000000 
2.000000 	 416.812800 	 1041.062952 	 448.000000 	 1.000000 
2.000000 	 434.903278 	 1048.928167 	 448.000000 	 1.000000 
2.000000 	 456.814264 	 1058.438202 	 512.000000 	 1.000000 
2.000000 	 481.165665 	 1068.971338 	 512.000000 	 1.000000 
2.000000 	 506.429979 	 1079.852819 	 512.000000 	 1.000000 
2.000000 	 531.140028 	 1090.462739 	 512.000000 	 1.000000 
2.000000 	 554.167042 	 1100.365928 	 576.000000 	 1.000000 
2.000000 	 574.854154 	 1109.351431 	 576.000000 	 1.000000 
