stroke_id	 x	 y	 time	 is_writing
1.000000 	 438.656087 	 1056.991653 	 78.000000 	 1.000000 
1.000000 	 436.071063 	 1053.542782 	 94.000000 	 1.000000 
1.000000 	 408.552187 	 1016.125727 	 112.000000 	 1.000000 
1.000000 	 373.645528 	 948.649858 	 128.000000 	 1.000000 
1.000000 	 347.323471 	 870.995022 	 146.000000 	 1.000000 
1.000000 	 332.595677 	 794.969419 	 162.000000 	 1.000000 
1.000000 	 332.302942 	 725.371996 	 178.000000 	 1.000000 
1.000000 	 348.438107 	 661.826487 	 194.000000 	 1.000000 
1.000000 	 381.455001 	 600.603138 	 212.000000 	 1.000000 
1.000000 	 429.644698 	 545.048152 	 230.000000 	 1.000000 
1.000000 	 489.983452 	 501.398781 	 246.000000 	 1.000000 
1.000000 	 557.096184 	 474.718684 	 262.000000 	 1.000000 
1.000000 	 624.068433 	 466.788943 	 278.000000 	 1.000000 
1.000000 	 684.404307 	 475.906256 	 294.000000 	 1.000000 
1.000000 	 733.524342 	 498.041515 	 312.000000 	 1.000000 
1.000000 	 769.206414 	 528.371889 	 330.000000 	 1.000000 
1.000000 	 791.205332 	 562.457542 	 346.000000 	 1.000000 
1.000000 	 800.539636 	 596.820949 	 362.000000 	 1.000000 
1.000000 	 798.826422 	 629.026990 	 378.000000 	 1.000000 
1.000000 	 787.840693 	 657.487244 	 396.000000 	 1.000000 
1.000000 	 769.312035 	 681.194240 	 412.000000 	 1.000000 
1.000000 	 744.884009 	 699.513292 	 430.000000 	 1.000000 
1.000000 	 716.140856 	 712.075269 	 446.000000 	 1.000000 
1.000000 	 684.628353 	 718.752772 	 462.000000 	 1.000000 
1.000000 	 651.834982 	 719.674704 	 478.000000 	 1.000000 
1.000000 	 619.134980 	 715.235869 	 496.000000 	 1.000000 
1.000000 	 589.307119 	 708.043624 	 506.000000 	 1.000000 
1.000000 	 566.516630 	 703.483338 	 522.000000 	 1.000000 
