stroke_id	 x	 y	 time	 is_writing
1.000000 	 295.218010 	 857.620678 	 0.000000 	 1.000000 
1.000000 	 302.765500 	 857.840231 	 15.000000 	 1.000000 
1.000000 	 311.867150 	 857.972715 	 32.000000 	 1.000000 
1.000000 	 322.459786 	 857.908324 	 48.000000 	 1.000000 
1.000000 	 334.363060 	 857.492247 	 65.000000 	 1.000000 
1.000000 	 347.278553 	 856.523568 	 82.000000 	 1.000000 
1.000000 	 360.802399 	 854.760368 	 99.000000 	 1.000000 
1.000000 	 374.451346 	 851.931715 	 115.000000 	 1.000000 
1.000000 	 387.700097 	 847.755980 	 132.000000 	 1.000000 
1.000000 	 400.025873 	 841.963772 	 149.000000 	 1.000000 
1.000000 	 410.954643 	 834.322933 	 166.000000 	 1.000000 
1.000000 	 420.103061 	 824.662942 	 183.000000 	 1.000000 
1.000000 	 427.211455 	 812.897375 	 199.000000 	 1.000000 
1.000000 	 432.166829 	 799.046458 	 216.000000 	 1.000000 
1.000000 	 435.018293 	 783.263992 	 233.000000 	 1.000000 
1.000000 	 435.983469 	 765.865390 	 250.000000 	 1.000000 
1.000000 	 435.431130 	 747.335398 	 266.000000 	 1.000000 
1.000000 	 433.818366 	 728.286269 	 283.000000 	 1.000000 
1.000000 	 431.582191 	 709.359539 	 300.000000 	 1.000000 
