stroke_id	 x	 y	 time	 is_writing
1.000000 	 464.107922 	 773.565563 	 0.000000 	 1.000000 
1.000000 	 469.820327 	 774.353145 	 16.000000 	 1.000000 
1.000000 	 477.508261 	 775.393606 	 32.000000 	 1.000000 
1.000000 	 487.317150 	 776.683225 	 48.000000 	 1.000000 
1.000000 	 499.221734 	 778.174651 	 64.000000 	 1.000000 
1.000000 	 513.012096 	 779.760717 	 80.000000 	 1.000000 
1.000000 	 528.310149 	 781.270731 	 96.000000 	 1.000000 
1.000000 	 544.605330 	 782.496959 	 112.000000 	 1.000000 
1.000000 	 561.297369 	 783.253722 	 136.000000 	 1.000000 
1.000000 	 577.748407 	 783.445665 	 152.000000 	 1.000000 
2.000000 	 484.672731 	 697.620628 	 256.000000 	 1.000000 
2.000000 	 486.819612 	 697.671724 	 280.000000 	 1.000000 
2.000000 	 490.636792 	 697.784645 	 304.000000 	 1.000000 
2.000000 	 496.781730 	 698.025817 	 320.000000 	 1.000000 
2.000000 	 505.824072 	 698.514142 	 336.000000 	 1.000000 
2.000000 	 518.087837 	 699.431100 	 352.000000 	 1.000000 
2.000000 	 533.528075 	 701.004791 	 368.000000 	 1.000000 
2.000000 	 551.686737 	 703.459126 	 384.000000 	 1.000000 
2.000000 	 571.746800 	 706.939955 	 400.000000 	 1.000000 
2.000000 	 592.669956 	 711.448930 	 408.000000 	 1.000000 
