stroke_id	 x	 y	 time	 is_writing
1.000000 	 747.496165 	 1246.700634 	 0.000000 	 1.000000 
1.000000 	 724.962135 	 1218.950199 	 128.000000 	 1.000000 
1.000000 	 697.446577 	 1184.352421 	 128.000000 	 1.000000 
1.000000 	 665.320091 	 1143.363175 	 128.000000 	 1.000000 
1.000000 	 630.031898 	 1097.878468 	 128.000000 	 1.000000 
1.000000 	 593.745171 	 1050.808660 	 128.000000 	 1.000000 
1.000000 	 558.779576 	 1005.515260 	 128.000000 	 1.000000 
1.000000 	 527.127699 	 965.312998 	 128.000000 	 1.000000 
1.000000 	 500.149246 	 933.064403 	 128.000000 	 1.000000 
1.000000 	 478.458007 	 910.850530 	 256.000000 	 1.000000 
1.000000 	 461.980028 	 899.728026 	 256.000000 	 1.000000 
1.000000 	 450.126060 	 899.602000 	 256.000000 	 1.000000 
1.000000 	 442.004565 	 909.234072 	 256.000000 	 1.000000 
1.000000 	 436.635131 	 926.386573 	 256.000000 	 1.000000 
1.000000 	 433.171323 	 948.091116 	 384.000000 	 1.000000 
1.000000 	 431.132791 	 971.013078 	 512.000000 	 1.000000 
1.000000 	 430.577501 	 991.861952 	 512.000000 	 1.000000 
1.000000 	 432.108558 	 1007.784321 	 512.000000 	 1.000000 
1.000000 	 436.671608 	 1016.677793 	 512.000000 	 1.000000 
1.000000 	 445.211518 	 1017.381046 	 512.000000 	 1.000000 
1.000000 	 458.325824 	 1009.724768 	 640.000000 	 1.000000 
1.000000 	 476.039593 	 994.454057 	 640.000000 	 1.000000 
1.000000 	 497.763451 	 973.041652 	 640.000000 	 1.000000 
1.000000 	 522.427022 	 947.415650 	 640.000000 	 1.000000 
1.000000 	 548.725029 	 919.641401 	 640.000000 	 1.000000 
1.000000 	 575.383499 	 891.616991 	 640.000000 	 1.000000 
1.000000 	 601.359511 	 864.844449 	 640.000000 	 1.000000 
