stroke_id	 x	 y	 time	 is_writing
1.000000 	 264.307838 	 909.577502 	 0.000000 	 1.000000 
1.000000 	 275.290208 	 912.268753 	 36.000000 	 1.000000 
1.000000 	 291.636702 	 916.703247 	 68.000000 	 1.000000 
1.000000 	 310.717579 	 922.552698 	 100.000000 	 1.000000 
2.000000 	 259.526434 	 932.407796 	 232.000000 	 1.000000 
2.000000 	 259.707981 	 930.616511 	 268.000000 	 1.000000 
2.000000 	 259.987785 	 927.721331 	 284.000000 	 1.000000 
2.000000 	 260.373763 	 923.404693 	 300.000000 	 1.000000 
2.000000 	 260.847177 	 917.420899 	 336.000000 	 1.000000 
2.000000 	 261.355044 	 909.655971 	 368.000000 	 1.000000 
2.000000 	 261.812884 	 900.166959 	 384.000000 	 1.000000 
2.000000 	 262.119731 	 889.189522 	 400.000000 	 1.000000 
2.000000 	 262.181661 	 877.111699 	 416.000000 	 1.000000 
2.000000 	 261.935634 	 864.420937 	 436.000000 	 1.000000 
2.000000 	 261.368588 	 851.640933 	 452.000000 	 1.000000 
2.000000 	 260.755783 	 839.480311 	 468.000000 	 1.000000 
2.000000 	 261.970617 	 829.913811 	 484.000000 	 1.000000 
2.000000 	 268.889258 	 825.757178 	 500.000000 	 1.000000 
2.000000 	 284.845999 	 826.986973 	 520.000000 	 1.000000 
2.000000 	 308.532099 	 831.905489 	 536.000000 	 1.000000 
2.000000 	 335.476193 	 836.966471 	 552.000000 	 1.000000 
2.000000 	 362.173458 	 834.895269 	 568.000000 	 1.000000 
2.000000 	 384.147306 	 822.139350 	 584.000000 	 1.000000 
2.000000 	 397.774838 	 799.932844 	 600.000000 	 1.000000 
2.000000 	 401.722985 	 771.195565 	 616.000000 	 1.000000 
2.000000 	 396.188628 	 739.195460 	 636.000000 	 1.000000 
2.000000 	 382.236312 	 707.254235 	 668.000000 	 1.000000 
2.000000 	 361.734304 	 678.263026 	 684.000000 	 1.000000 
2.000000 	 337.221777 	 654.118230 	 700.000000 	 1.000000 
2.000000 	 311.407796 	 635.518102 	 720.000000 	 1.000000 
2.000000 	 287.207669 	 624.118794 	 736.000000 	 1.000000 
2.000000 	 268.970634 	 622.465980 	 764.000000 	 1.000000 
