stroke_id	 x	 y	 time	 is_writing
1.000000 	 300.429775 	 798.377817 	 88.000000 	 1.000000 
1.000000 	 289.294205 	 780.762530 	 104.000000 	 1.000000 
1.000000 	 275.228623 	 749.941708 	 120.000000 	 1.000000 
1.000000 	 263.054894 	 715.151392 	 136.000000 	 1.000000 
1.000000 	 255.471148 	 680.027399 	 152.000000 	 1.000000 
1.000000 	 257.712879 	 649.001683 	 168.000000 	 1.000000 
1.000000 	 270.177459 	 626.560742 	 184.000000 	 1.000000 
1.000000 	 290.729434 	 613.320079 	 200.000000 	 1.000000 
1.000000 	 315.323424 	 609.087248 	 216.000000 	 1.000000 
1.000000 	 339.051066 	 612.644134 	 232.000000 	 1.000000 
1.000000 	 358.256283 	 621.344165 	 248.000000 	 1.000000 
1.000000 	 371.447964 	 632.145563 	 264.000000 	 1.000000 
1.000000 	 378.803739 	 642.709226 	 280.000000 	 1.000000 
1.000000 	 381.276968 	 651.722321 	 304.000000 	 1.000000 
1.000000 	 379.977624 	 658.660766 	 312.000000 	 1.000000 
1.000000 	 375.905829 	 663.429936 	 336.000000 	 1.000000 
1.000000 	 369.898430 	 666.118704 	 352.000000 	 1.000000 
1.000000 	 362.664654 	 666.897480 	 368.000000 	 1.000000 
1.000000 	 354.832123 	 666.000692 	 384.000000 	 1.000000 
1.000000 	 346.956447 	 663.732283 	 416.000000 	 1.000000 
