stroke_id	 x	 y	 time	 is_writing
1.000000 	 486.626290 	 1009.319948 	 0.000000 	 1.000000 
1.000000 	 492.714059 	 1020.189122 	 16.000000 	 1.000000 
1.000000 	 511.294809 	 1044.145919 	 32.000000 	 1.000000 
1.000000 	 545.329003 	 1070.383539 	 48.000000 	 1.000000 
1.000000 	 590.119033 	 1086.475353 	 64.000000 	 1.000000 
1.000000 	 636.436491 	 1087.314538 	 80.000000 	 1.000000 
1.000000 	 676.588389 	 1074.494438 	 96.000000 	 1.000000 
1.000000 	 706.874684 	 1051.916968 	 112.000000 	 1.000000 
1.000000 	 726.720054 	 1022.883452 	 128.000000 	 1.000000 
1.000000 	 737.093706 	 989.486705 	 144.000000 	 1.000000 
1.000000 	 739.483365 	 953.099631 	 160.000000 	 1.000000 
1.000000 	 735.471362 	 914.939961 	 176.000000 	 1.000000 
1.000000 	 726.510983 	 876.770554 	 192.000000 	 1.000000 
1.000000 	 713.648416 	 842.752248 	 208.000000 	 1.000000 
1.000000 	 699.351211 	 814.679792 	 256.000000 	 1.000000 
2.000000 	 682.664793 	 444.874550 	 480.000000 	 1.000000 
2.000000 	 682.445355 	 445.156157 	 496.000000 	 1.000000 
2.000000 	 682.087687 	 445.639844 	 512.000000 	 1.000000 
2.000000 	 681.599843 	 446.357274 	 544.000000 	 1.000000 
