stroke_id	 x	 y	 time	 is_writing
1.000000 	 737.874081 	 1290.432468 	 0.000000 	 1.000000 
1.000000 	 729.211634 	 1288.327302 	 10.000000 	 1.000000 
1.000000 	 718.990984 	 1285.668047 	 20.000000 	 1.000000 
1.000000 	 707.524502 	 1282.429755 	 30.000000 	 1.000000 
1.000000 	 695.243078 	 1278.656052 	 40.000000 	 1.000000 
2.000000 	 495.416559 	 1333.426655 	 128.000000 	 1.000000 
2.000000 	 487.373264 	 1325.510512 	 138.000000 	 1.000000 
2.000000 	 477.259182 	 1314.690374 	 148.000000 	 1.000000 
2.000000 	 465.678319 	 1300.712866 	 158.000000 	 1.000000 
2.000000 	 453.312715 	 1283.794744 	 168.000000 	 1.000000 
2.000000 	 440.772847 	 1264.458995 	 178.000000 	 1.000000 
2.000000 	 428.557633 	 1243.366934 	 188.000000 	 1.000000 
3.000000 	 323.968807 	 815.180909 	 256.000000 	 1.000000 
3.000000 	 340.361199 	 803.613658 	 266.000000 	 1.000000 
3.000000 	 364.107654 	 789.511736 	 276.000000 	 1.000000 
3.000000 	 394.302514 	 775.549188 	 286.000000 	 1.000000 
3.000000 	 428.964229 	 764.206237 	 296.000000 	 1.000000 
3.000000 	 465.473022 	 757.065119 	 306.000000 	 1.000000 
3.000000 	 501.001245 	 754.677153 	 316.000000 	 1.000000 
3.000000 	 532.912502 	 756.770342 	 326.000000 	 1.000000 
4.000000 	 665.032375 	 783.750060 	 384.000000 	 1.000000 
4.000000 	 662.300094 	 789.005190 	 394.000000 	 1.000000 
4.000000 	 658.453759 	 795.160233 	 404.000000 	 1.000000 
4.000000 	 653.242077 	 801.690565 	 414.000000 	 1.000000 
4.000000 	 646.563503 	 808.242814 	 424.000000 	 1.000000 
4.000000 	 638.447356 	 814.868798 	 434.000000 	 1.000000 
4.000000 	 628.940814 	 821.685196 	 444.000000 	 1.000000 
5.000000 	 411.687346 	 772.302880 	 512.000000 	 1.000000 
5.000000 	 406.582437 	 767.157987 	 522.000000 	 1.000000 
5.000000 	 400.949326 	 760.636161 	 532.000000 	 1.000000 
5.000000 	 394.681321 	 752.733466 	 542.000000 	 1.000000 
5.000000 	 387.883890 	 743.299693 	 552.000000 	 1.000000 
