stroke_id	 x	 y	 time	 is_writing
1.000000 	 759.962915 	 1156.060083 	 0.000000 	 1.000000 
1.000000 	 751.551936 	 1156.027257 	 12.000000 	 1.000000 
1.000000 	 738.629370 	 1156.076918 	 44.000000 	 1.000000 
1.000000 	 721.687845 	 1156.056679 	 78.000000 	 1.000000 
1.000000 	 701.712646 	 1155.842148 	 112.000000 	 1.000000 
1.000000 	 679.788183 	 1155.522468 	 144.000000 	 1.000000 
1.000000 	 657.089068 	 1155.335719 	 178.000000 	 1.000000 
1.000000 	 634.874185 	 1155.411811 	 212.000000 	 1.000000 
1.000000 	 614.418062 	 1154.388610 	 244.000000 	 1.000000 
1.000000 	 596.997338 	 1146.833647 	 278.000000 	 1.000000 
1.000000 	 583.332284 	 1128.503494 	 312.000000 	 1.000000 
1.000000 	 573.103066 	 1103.169228 	 344.000000 	 1.000000 
1.000000 	 565.715608 	 1078.529484 	 380.000000 	 1.000000 
1.000000 	 561.892492 	 1060.300765 	 412.000000 	 1.000000 
1.000000 	 563.636112 	 1050.588154 	 446.000000 	 1.000000 
1.000000 	 572.062373 	 1047.852066 	 480.000000 	 1.000000 
1.000000 	 586.393781 	 1048.266017 	 512.000000 	 1.000000 
1.000000 	 605.470593 	 1048.108909 	 546.000000 	 1.000000 
1.000000 	 629.316260 	 1044.652816 	 580.000000 	 1.000000 
1.000000 	 656.189389 	 1034.404809 	 612.000000 	 1.000000 
1.000000 	 680.366009 	 1014.646357 	 646.000000 	 1.000000 
1.000000 	 696.505341 	 987.276121 	 680.000000 	 1.000000 
1.000000 	 703.990877 	 956.690688 	 712.000000 	 1.000000 
1.000000 	 704.451642 	 926.346034 	 746.000000 	 1.000000 
1.000000 	 697.775977 	 898.267743 	 780.000000 	 1.000000 
1.000000 	 682.165219 	 873.433124 	 812.000000 	 1.000000 
1.000000 	 657.523589 	 852.287020 	 848.000000 	 1.000000 
1.000000 	 627.431697 	 835.258732 	 880.000000 	 1.000000 
1.000000 	 601.446367 	 820.428856 	 904.000000 	 1.000000 
