stroke_id	 x	 y	 time	 is_writing
1.000000 	 388.763601 	 988.743046 	 0.000000 	 1.000000 
1.000000 	 391.603595 	 984.390021 	 16.000000 	 1.000000 
1.000000 	 397.148339 	 977.653727 	 32.000000 	 1.000000 
1.000000 	 407.037662 	 967.394282 	 64.000000 	 1.000000 
1.000000 	 422.236273 	 952.572410 	 64.000000 	 1.000000 
1.000000 	 442.527671 	 932.740304 	 80.000000 	 1.000000 
1.000000 	 466.541218 	 908.333212 	 96.000000 	 1.000000 
1.000000 	 492.249092 	 880.610617 	 112.000000 	 1.000000 
1.000000 	 517.701406 	 851.337547 	 128.000000 	 1.000000 
1.000000 	 541.616007 	 822.336917 	 144.000000 	 1.000000 
1.000000 	 563.494429 	 795.036569 	 160.000000 	 1.000000 
2.000000 	 598.509854 	 991.767619 	 288.000000 	 1.000000 
2.000000 	 597.136751 	 989.290358 	 304.000000 	 1.000000 
2.000000 	 595.378945 	 986.091217 	 336.000000 	 1.000000 
2.000000 	 591.813193 	 980.231380 	 352.000000 	 1.000000 
2.000000 	 584.262374 	 967.940982 	 368.000000 	 1.000000 
2.000000 	 571.988656 	 947.039283 	 384.000000 	 1.000000 
2.000000 	 555.843140 	 918.294650 	 400.000000 	 1.000000 
2.000000 	 537.390090 	 884.261444 	 416.000000 	 1.000000 
2.000000 	 518.292519 	 847.966472 	 432.000000 	 1.000000 
2.000000 	 499.989289 	 812.212083 	 448.000000 	 1.000000 
2.000000 	 483.527428 	 779.228677 	 480.000000 	 1.000000 
2.000000 	 469.508865 	 750.496552 	 496.000000 	 1.000000 
