stroke_id	 x	 y	 time	 is_writing
1.000000 	 651.400964 	 1031.932933 	 24.000000 	 1.000000 
1.000000 	 644.784688 	 1030.715002 	 44.000000 	 1.000000 
1.000000 	 631.008205 	 1030.745665 	 60.000000 	 1.000000 
1.000000 	 610.927961 	 1030.728119 	 76.000000 	 1.000000 
1.000000 	 585.903435 	 1025.743141 	 92.000000 	 1.000000 
1.000000 	 550.312754 	 1006.363609 	 108.000000 	 1.000000 
1.000000 	 508.859453 	 970.498820 	 124.000000 	 1.000000 
1.000000 	 473.016592 	 923.964544 	 140.000000 	 1.000000 
1.000000 	 449.987106 	 875.001918 	 160.000000 	 1.000000 
1.000000 	 441.333782 	 830.454960 	 176.000000 	 1.000000 
1.000000 	 445.403420 	 794.275517 	 192.000000 	 1.000000 
1.000000 	 459.368491 	 767.909839 	 208.000000 	 1.000000 
1.000000 	 480.191642 	 751.319323 	 224.000000 	 1.000000 
1.000000 	 505.014399 	 743.845912 	 244.000000 	 1.000000 
1.000000 	 531.367512 	 744.664325 	 260.000000 	 1.000000 
1.000000 	 557.295816 	 752.871289 	 276.000000 	 1.000000 
1.000000 	 581.385852 	 767.407872 	 292.000000 	 1.000000 
1.000000 	 602.718523 	 787.000950 	 308.000000 	 1.000000 
1.000000 	 620.794933 	 810.202591 	 324.000000 	 1.000000 
1.000000 	 635.461904 	 835.503083 	 340.000000 	 1.000000 
1.000000 	 646.605430 	 860.756614 	 360.000000 	 1.000000 
1.000000 	 652.701970 	 879.084516 	 376.000000 	 1.000000 
1.000000 	 651.248979 	 879.853083 	 392.000000 	 1.000000 
1.000000 	 642.119291 	 857.754503 	 408.000000 	 1.000000 
1.000000 	 628.211922 	 815.466372 	 424.000000 	 1.000000 
1.000000 	 613.329282 	 760.069476 	 444.000000 	 1.000000 
1.000000 	 600.278602 	 699.152491 	 460.000000 	 1.000000 
1.000000 	 590.334685 	 638.717101 	 476.000000 	 1.000000 
1.000000 	 583.593174 	 582.627269 	 492.000000 	 1.000000 
1.000000 	 579.495560 	 533.043860 	 508.000000 	 1.000000 
1.000000 	 577.012376 	 492.045222 	 524.000000 	 1.000000 
1.000000 	 575.074912 	 461.577128 	 540.000000 	 1.000000 
1.000000 	 573.394605 	 440.991417 	 560.000000 	 1.000000 
1.000000 	 572.233209 	 427.456102 	 576.000000 	 1.000000 
