stroke_id	 x	 y	 time	 is_writing
1.000000 	 422.009713 	 1088.132715 	 0.000000 	 1.000000 
1.000000 	 420.944912 	 1087.576132 	 0.000000 	 1.000000 
1.000000 	 439.520502 	 1100.154477 	 32.000000 	 1.000000 
1.000000 	 476.804483 	 1122.730707 	 32.000000 	 1.000000 
1.000000 	 520.188214 	 1144.925550 	 64.000000 	 1.000000 
1.000000 	 559.907391 	 1160.605140 	 96.000000 	 1.000000 
1.000000 	 591.759638 	 1167.582031 	 128.000000 	 1.000000 
1.000000 	 614.791184 	 1164.911622 	 128.000000 	 1.000000 
1.000000 	 629.019225 	 1152.000735 	 160.000000 	 1.000000 
1.000000 	 634.416270 	 1128.984258 	 160.000000 	 1.000000 
1.000000 	 631.034427 	 1097.232332 	 192.000000 	 1.000000 
1.000000 	 619.651116 	 1059.406381 	 192.000000 	 1.000000 
1.000000 	 602.175812 	 1018.960002 	 224.000000 	 1.000000 
1.000000 	 581.474818 	 979.307681 	 224.000000 	 1.000000 
1.000000 	 560.813606 	 943.093104 	 256.000000 	 1.000000 
1.000000 	 543.280637 	 911.887917 	 256.000000 	 1.000000 
1.000000 	 531.383536 	 886.325619 	 288.000000 	 1.000000 
1.000000 	 526.799739 	 866.438554 	 288.000000 	 1.000000 
1.000000 	 530.210299 	 851.950028 	 320.000000 	 1.000000 
1.000000 	 541.217964 	 842.395352 	 320.000000 	 1.000000 
1.000000 	 558.417913 	 837.102218 	 352.000000 	 1.000000 
1.000000 	 579.677813 	 835.177349 	 352.000000 	 1.000000 
