stroke_id	 x	 y	 time	 is_writing
1.000000 	 399.826443 	 736.431652 	 0.000000 	 1.000000 
1.000000 	 398.918037 	 736.255491 	 16.000000 	 1.000000 
1.000000 	 396.945513 	 735.857542 	 32.000000 	 1.000000 
1.000000 	 393.324652 	 735.072459 	 48.000000 	 1.000000 
1.000000 	 387.548588 	 733.673843 	 64.000000 	 1.000000 
1.000000 	 379.372413 	 731.383831 	 80.000000 	 1.000000 
1.000000 	 368.939995 	 727.918795 	 112.000000 	 1.000000 
1.000000 	 356.797878 	 723.070344 	 128.000000 	 1.000000 
1.000000 	 343.786906 	 716.785537 	 144.000000 	 1.000000 
1.000000 	 330.852482 	 709.199313 	 160.000000 	 1.000000 
1.000000 	 318.847534 	 700.600691 	 176.000000 	 1.000000 
1.000000 	 308.400311 	 691.360649 	 208.000000 	 1.000000 
1.000000 	 299.882214 	 681.871845 	 224.000000 	 1.000000 
1.000000 	 293.456639 	 672.527960 	 240.000000 	 1.000000 
1.000000 	 289.148271 	 663.730062 	 256.000000 	 1.000000 
1.000000 	 286.878987 	 655.883703 	 272.000000 	 1.000000 
1.000000 	 286.470627 	 649.357827 	 288.000000 	 1.000000 
1.000000 	 287.653261 	 644.415951 	 304.000000 	 1.000000 
1.000000 	 290.096600 	 641.164060 	 320.000000 	 1.000000 
1.000000 	 293.447070 	 639.545883 	 336.000000 	 1.000000 
1.000000 	 297.354709 	 639.378106 	 352.000000 	 1.000000 
1.000000 	 301.493344 	 640.400476 	 368.000000 	 1.000000 
1.000000 	 305.582657 	 642.308532 	 384.000000 	 1.000000 
1.000000 	 309.438631 	 644.505125 	 400.000000 	 1.000000 
1.000000 	 313.074558 	 645.310492 	 416.000000 	 1.000000 
1.000000 	 316.675960 	 642.215813 	 432.000000 	 1.000000 
1.000000 	 320.410353 	 633.562240 	 448.000000 	 1.000000 
1.000000 	 324.302392 	 619.517392 	 464.000000 	 1.000000 
1.000000 	 328.248211 	 601.666247 	 480.000000 	 1.000000 
1.000000 	 332.090428 	 582.068543 	 496.000000 	 1.000000 
1.000000 	 335.685702 	 562.527822 	 512.000000 	 1.000000 
1.000000 	 338.941260 	 544.269052 	 528.000000 	 1.000000 
1.000000 	 341.821327 	 527.924497 	 560.000000 	 1.000000 
1.000000 	 344.333328 	 513.673429 	 560.000000 	 1.000000 
1.000000 	 346.505966 	 501.422410 	 592.000000 	 1.000000 
1.000000 	 348.369980 	 490.964820 	 608.000000 	 1.000000 
1.000000 	 349.948453 	 482.092916 	 624.000000 	 1.000000 
1.000000 	 351.257895 	 474.649911 	 640.000000 	 1.000000 
1.000000 	 352.316029 	 468.520198 	 656.000000 	 1.000000 
1.000000 	 353.149635 	 463.580777 	 672.000000 	 1.000000 
