stroke_id	 x	 y	 time	 is_writing
1.000000 	 396.461396 	 1130.220548 	 0.000000 	 1.000000 
1.000000 	 397.080659 	 1128.885261 	 16.000000 	 1.000000 
1.000000 	 402.675300 	 1123.987896 	 48.000000 	 1.000000 
1.000000 	 416.500998 	 1113.614296 	 80.000000 	 1.000000 
1.000000 	 436.413897 	 1099.832756 	 112.000000 	 1.000000 
1.000000 	 457.304337 	 1088.218106 	 144.000000 	 1.000000 
1.000000 	 475.174954 	 1083.691531 	 208.000000 	 1.000000 
1.000000 	 487.998430 	 1086.690643 	 240.000000 	 1.000000 
1.000000 	 494.530531 	 1092.876123 	 256.000000 	 1.000000 
1.000000 	 493.927763 	 1096.205890 	 288.000000 	 1.000000 
1.000000 	 486.654090 	 1092.761157 	 304.000000 	 1.000000 
2.000000 	 573.807713 	 1243.746581 	 496.000000 	 1.000000 
2.000000 	 573.800296 	 1243.585015 	 496.000000 	 1.000000 
2.000000 	 573.746163 	 1243.155903 	 528.000000 	 1.000000 
2.000000 	 573.481182 	 1242.266854 	 544.000000 	 1.000000 
2.000000 	 572.676631 	 1240.711049 	 560.000000 	 1.000000 
2.000000 	 571.074685 	 1238.085931 	 592.000000 	 1.000000 
2.000000 	 568.829134 	 1233.531544 	 608.000000 	 1.000000 
2.000000 	 566.423547 	 1225.816176 	 624.000000 	 1.000000 
2.000000 	 564.221646 	 1213.910646 	 640.000000 	 1.000000 
2.000000 	 562.237466 	 1197.636043 	 656.000000 	 1.000000 
2.000000 	 560.290597 	 1177.851194 	 672.000000 	 1.000000 
2.000000 	 558.253900 	 1156.116188 	 688.000000 	 1.000000 
2.000000 	 556.174003 	 1134.153018 	 720.000000 	 1.000000 
3.000000 	 383.072304 	 1059.701592 	 864.000000 	 1.000000 
3.000000 	 383.298474 	 1061.184464 	 880.000000 	 1.000000 
3.000000 	 398.814035 	 1058.529566 	 912.000000 	 1.000000 
3.000000 	 446.424814 	 1062.637575 	 960.000000 	 1.000000 
3.000000 	 512.362592 	 1079.723366 	 976.000000 	 1.000000 
