stroke_id	 x	 y	 time	 is_writing
1.000000 	 482.320655 	 969.523611 	 0.000000 	 1.000000 
1.000000 	 473.977328 	 960.870913 	 32.000000 	 1.000000 
1.000000 	 461.144734 	 947.296749 	 64.000000 	 1.000000 
1.000000 	 444.040491 	 928.394142 	 112.000000 	 1.000000 
1.000000 	 424.028394 	 904.866364 	 128.000000 	 1.000000 
1.000000 	 403.117307 	 878.483750 	 168.000000 	 1.000000 
1.000000 	 383.260350 	 851.581969 	 184.000000 	 1.000000 
2.000000 	 324.168705 	 857.650935 	 440.000000 	 1.000000 
2.000000 	 324.047100 	 856.066066 	 480.000000 	 1.000000 
2.000000 	 323.216050 	 853.883021 	 504.000000 	 1.000000 
2.000000 	 322.695115 	 849.740862 	 536.000000 	 1.000000 
2.000000 	 324.847072 	 843.295273 	 552.000000 	 1.000000 
2.000000 	 330.371700 	 836.593637 	 584.000000 	 1.000000 
2.000000 	 339.261351 	 832.697332 	 600.000000 	 1.000000 
2.000000 	 351.163106 	 833.935122 	 632.000000 	 1.000000 
2.000000 	 362.421442 	 839.918284 	 656.000000 	 1.000000 
2.000000 	 369.150310 	 847.974271 	 680.000000 	 1.000000 
3.000000 	 372.657846 	 642.710698 	 880.000000 	 1.000000 
3.000000 	 372.530599 	 642.763919 	 888.000000 	 1.000000 
3.000000 	 369.418628 	 643.763275 	 904.000000 	 1.000000 
3.000000 	 361.292983 	 643.993958 	 920.000000 	 1.000000 
3.000000 	 351.141204 	 639.300425 	 952.000000 	 1.000000 
3.000000 	 343.911590 	 629.413374 	 968.000000 	 1.000000 
3.000000 	 342.956608 	 618.516589 	 1000.000000 	 1.000000 
3.000000 	 348.688838 	 611.619286 	 1024.000000 	 1.000000 
3.000000 	 358.957878 	 611.819703 	 1056.000000 	 1.000000 
3.000000 	 370.524044 	 619.290666 	 1072.000000 	 1.000000 
3.000000 	 380.748330 	 631.950354 	 1088.000000 	 1.000000 
