stroke_id	 x	 y	 time	 is_writing
1.000000 	 324.553218 	 761.054414 	 0.000000 	 1.000000 
1.000000 	 324.107311 	 760.629947 	 16.000000 	 1.000000 
1.000000 	 323.137725 	 759.677400 	 32.000000 	 1.000000 
1.000000 	 321.324428 	 757.825763 	 48.000000 	 1.000000 
1.000000 	 318.350300 	 754.640982 	 64.000000 	 1.000000 
1.000000 	 314.012138 	 749.711088 	 80.000000 	 1.000000 
1.000000 	 308.326822 	 742.752070 	 96.000000 	 1.000000 
1.000000 	 301.576672 	 733.705252 	 112.000000 	 1.000000 
1.000000 	 294.261796 	 722.792292 	 128.000000 	 1.000000 
1.000000 	 286.978915 	 710.501768 	 144.000000 	 1.000000 
1.000000 	 280.284879 	 697.502970 	 160.000000 	 1.000000 
1.000000 	 274.526744 	 683.966226 	 176.000000 	 1.000000 
1.000000 	 269.618602 	 667.286932 	 208.000000 	 1.000000 
1.000000 	 266.113664 	 644.850697 	 208.000000 	 1.000000 
1.000000 	 265.998555 	 618.017239 	 240.000000 	 1.000000 
1.000000 	 270.883997 	 590.729306 	 256.000000 	 1.000000 
1.000000 	 280.529482 	 566.714183 	 272.000000 	 1.000000 
1.000000 	 293.360364 	 548.000937 	 288.000000 	 1.000000 
1.000000 	 307.677983 	 534.849102 	 304.000000 	 1.000000 
1.000000 	 322.578062 	 525.656325 	 336.000000 	 1.000000 
1.000000 	 337.323612 	 519.055881 	 352.000000 	 1.000000 
1.000000 	 350.935193 	 515.667522 	 368.000000 	 1.000000 
1.000000 	 363.071936 	 516.025756 	 384.000000 	 1.000000 
1.000000 	 373.732396 	 519.799062 	 400.000000 	 1.000000 
1.000000 	 382.832585 	 526.340988 	 416.000000 	 1.000000 
1.000000 	 390.178709 	 535.085753 	 432.000000 	 1.000000 
1.000000 	 395.554860 	 545.616846 	 448.000000 	 1.000000 
1.000000 	 398.806761 	 557.616488 	 464.000000 	 1.000000 
1.000000 	 399.904275 	 570.806988 	 480.000000 	 1.000000 
1.000000 	 398.974138 	 584.910512 	 496.000000 	 1.000000 
1.000000 	 396.296363 	 599.626862 	 512.000000 	 1.000000 
1.000000 	 392.266664 	 614.626290 	 528.000000 	 1.000000 
1.000000 	 387.337170 	 629.556471 	 544.000000 	 1.000000 
1.000000 	 381.953007 	 644.062256 	 576.000000 	 1.000000 
