stroke_id	 x	 y	 time	 is_writing
1.000000 	 318.198037 	 450.905731 	 0.000000 	 1.000000 
1.000000 	 318.581270 	 451.296285 	 32.000000 	 1.000000 
1.000000 	 322.095141 	 454.722289 	 50.000000 	 1.000000 
1.000000 	 330.993142 	 462.109276 	 69.000000 	 1.000000 
1.000000 	 344.290528 	 470.422182 	 87.000000 	 1.000000 
1.000000 	 359.397741 	 476.761012 	 106.000000 	 1.000000 
1.000000 	 373.942652 	 480.220691 	 121.000000 	 1.000000 
1.000000 	 386.581442 	 481.245040 	 142.000000 	 1.000000 
1.000000 	 396.893342 	 480.668116 	 161.000000 	 1.000000 
1.000000 	 404.426421 	 477.566156 	 179.000000 	 1.000000 
1.000000 	 407.495563 	 466.955518 	 198.000000 	 1.000000 
1.000000 	 406.292193 	 450.452870 	 234.000000 	 1.000000 
1.000000 	 402.343859 	 432.759783 	 253.000000 	 1.000000 
1.000000 	 397.164424 	 416.763232 	 271.000000 	 1.000000 
1.000000 	 391.828669 	 403.465393 	 290.000000 	 1.000000 
1.000000 	 386.957663 	 392.867708 	 326.000000 	 1.000000 
1.000000 	 382.845085 	 384.581075 	 345.000000 	 1.000000 
1.000000 	 379.590494 	 378.113456 	 363.000000 	 1.000000 
1.000000 	 377.196246 	 372.978595 	 382.000000 	 1.000000 
1.000000 	 375.621391 	 368.742079 	 400.000000 	 1.000000 
1.000000 	 374.799079 	 365.061338 	 418.000000 	 1.000000 
1.000000 	 374.632863 	 361.721180 	 437.000000 	 1.000000 
1.000000 	 374.990190 	 358.640421 	 452.000000 	 1.000000 
2.000000 	 428.033979 	 248.789854 	 778.000000 	 1.000000 
2.000000 	 428.033795 	 248.788138 	 805.000000 	 1.000000 
2.000000 	 428.054792 	 248.748051 	 823.000000 	 1.000000 
2.000000 	 428.134488 	 248.604107 	 850.000000 	 1.000000 
