stroke_id	 x	 y	 time	 is_writing
1.000000 	 554.948291 	 1225.268366 	 64.000000 	 1.000000 
1.000000 	 547.757928 	 1226.859520 	 96.000000 	 1.000000 
1.000000 	 538.483410 	 1227.058599 	 112.000000 	 1.000000 
1.000000 	 528.079715 	 1223.620036 	 128.000000 	 1.000000 
1.000000 	 516.379884 	 1217.478658 	 144.000000 	 1.000000 
2.000000 	 484.681691 	 1192.545283 	 192.000000 	 1.000000 
2.000000 	 485.717098 	 1187.894647 	 208.000000 	 1.000000 
2.000000 	 488.811420 	 1181.746183 	 240.000000 	 1.000000 
2.000000 	 494.008818 	 1175.076620 	 256.000000 	 1.000000 
2.000000 	 501.149747 	 1168.650667 	 272.000000 	 1.000000 
2.000000 	 511.355617 	 1163.661468 	 288.000000 	 1.000000 
2.000000 	 524.469216 	 1162.113595 	 304.000000 	 1.000000 
2.000000 	 533.587199 	 1163.481613 	 320.000000 	 1.000000 
2.000000 	 533.859522 	 1166.353023 	 336.000000 	 1.000000 
2.000000 	 523.704006 	 1167.797378 	 352.000000 	 1.000000 
2.000000 	 505.625836 	 1162.716641 	 368.000000 	 1.000000 
2.000000 	 485.992460 	 1147.303436 	 384.000000 	 1.000000 
2.000000 	 471.449972 	 1122.379745 	 400.000000 	 1.000000 
2.000000 	 465.305308 	 1093.053179 	 416.000000 	 1.000000 
2.000000 	 471.178444 	 1065.471082 	 432.000000 	 1.000000 
2.000000 	 489.341009 	 1044.803939 	 448.000000 	 1.000000 
2.000000 	 515.127534 	 1032.382397 	 464.000000 	 1.000000 
2.000000 	 542.753998 	 1026.817230 	 496.000000 	 1.000000 
2.000000 	 567.259505 	 1026.720749 	 512.000000 	 1.000000 
2.000000 	 584.924176 	 1031.159617 	 528.000000 	 1.000000 
2.000000 	 593.311617 	 1038.546557 	 544.000000 	 1.000000 
2.000000 	 591.391909 	 1045.799360 	 576.000000 	 1.000000 
2.000000 	 580.092414 	 1048.763154 	 592.000000 	 1.000000 
2.000000 	 562.691497 	 1043.798448 	 608.000000 	 1.000000 
2.000000 	 544.135714 	 1029.500238 	 640.000000 	 1.000000 
2.000000 	 529.384671 	 1007.314348 	 656.000000 	 1.000000 
2.000000 	 521.887511 	 980.717493 	 672.000000 	 1.000000 
2.000000 	 523.034006 	 953.727727 	 688.000000 	 1.000000 
2.000000 	 532.462563 	 929.710922 	 704.000000 	 1.000000 
2.000000 	 548.642613 	 910.854573 	 720.000000 	 1.000000 
2.000000 	 569.331797 	 898.109487 	 736.000000 	 1.000000 
