stroke_id	 x	 y	 time	 is_writing
1.000000 	 421.289884 	 1156.036442 	 0.000000 	 1.000000 
1.000000 	 420.253059 	 1153.306315 	 64.000000 	 1.000000 
1.000000 	 417.911097 	 1148.596307 	 64.000000 	 1.000000 
1.000000 	 415.737493 	 1139.101087 	 64.000000 	 1.000000 
1.000000 	 414.861202 	 1124.611327 	 128.000000 	 1.000000 
1.000000 	 415.267390 	 1105.915321 	 128.000000 	 1.000000 
1.000000 	 416.575672 	 1083.962286 	 128.000000 	 1.000000 
1.000000 	 418.219789 	 1060.632607 	 128.000000 	 1.000000 
1.000000 	 419.422404 	 1039.052020 	 192.000000 	 1.000000 
1.000000 	 419.784275 	 1021.721344 	 192.000000 	 1.000000 
1.000000 	 419.532857 	 1009.545267 	 192.000000 	 1.000000 
1.000000 	 419.183741 	 1002.322861 	 192.000000 	 1.000000 
1.000000 	 419.147348 	 999.473336 	 256.000000 	 1.000000 
1.000000 	 419.582161 	 1000.443764 	 256.000000 	 1.000000 
1.000000 	 420.468038 	 1004.789569 	 256.000000 	 1.000000 
1.000000 	 421.768015 	 1012.067254 	 256.000000 	 1.000000 
1.000000 	 423.568900 	 1021.680601 	 320.000000 	 1.000000 
1.000000 	 426.137295 	 1032.785098 	 320.000000 	 1.000000 
1.000000 	 429.871111 	 1044.305582 	 320.000000 	 1.000000 
1.000000 	 435.168064 	 1055.067133 	 384.000000 	 1.000000 
1.000000 	 442.266978 	 1063.992685 	 384.000000 	 1.000000 
1.000000 	 451.130050 	 1070.297675 	 384.000000 	 1.000000 
1.000000 	 461.417561 	 1073.613099 	 384.000000 	 1.000000 
1.000000 	 472.584544 	 1073.948243 	 448.000000 	 1.000000 
1.000000 	 484.124509 	 1071.353559 	 448.000000 	 1.000000 
1.000000 	 495.884051 	 1065.420346 	 448.000000 	 1.000000 
1.000000 	 508.208689 	 1055.342694 	 448.000000 	 1.000000 
1.000000 	 521.787933 	 1040.903136 	 512.000000 	 1.000000 
1.000000 	 537.240979 	 1023.696071 	 512.000000 	 1.000000 
1.000000 	 554.774499 	 1008.575169 	 512.000000 	 1.000000 
1.000000 	 574.134785 	 1003.751530 	 512.000000 	 1.000000 
1.000000 	 594.286736 	 1015.957929 	 576.000000 	 1.000000 
1.000000 	 613.256756 	 1045.315106 	 576.000000 	 1.000000 
1.000000 	 628.993477 	 1085.827872 	 576.000000 	 1.000000 
1.000000 	 640.570681 	 1130.658471 	 576.000000 	 1.000000 
1.000000 	 649.410742 	 1174.444370 	 640.000000 	 1.000000 
1.000000 	 657.121312 	 1210.897004 	 704.000000 	 1.000000 
