stroke_id	 x	 y	 time	 is_writing
1.000000 	 411.223028 	 1162.018357 	 0.000000 	 1.000000 
1.000000 	 404.928193 	 1135.722167 	 30.000000 	 1.000000 
1.000000 	 397.650021 	 1101.219244 	 48.000000 	 1.000000 
1.000000 	 390.232243 	 1058.525388 	 64.000000 	 1.000000 
1.000000 	 383.723208 	 1008.669780 	 96.000000 	 1.000000 
1.000000 	 378.976373 	 954.099919 	 114.000000 	 1.000000 
1.000000 	 376.519798 	 898.111727 	 130.000000 	 1.000000 
1.000000 	 376.799845 	 843.203517 	 148.000000 	 1.000000 
2.000000 	 402.011522 	 1120.902695 	 356.000000 	 1.000000 
2.000000 	 420.514197 	 1125.917729 	 380.000000 	 1.000000 
2.000000 	 452.091160 	 1141.405742 	 398.000000 	 1.000000 
2.000000 	 502.300286 	 1153.512098 	 414.000000 	 1.000000 
2.000000 	 557.151059 	 1158.072603 	 432.000000 	 1.000000 
2.000000 	 608.361235 	 1155.597304 	 448.000000 	 1.000000 
2.000000 	 648.088025 	 1142.796143 	 464.000000 	 1.000000 
2.000000 	 669.657217 	 1117.064808 	 480.000000 	 1.000000 
2.000000 	 670.379089 	 1078.295466 	 498.000000 	 1.000000 
2.000000 	 652.568471 	 1029.249108 	 508.000000 	 1.000000 
2.000000 	 622.701614 	 975.053126 	 624.000000 	 1.000000 
2.000000 	 589.278439 	 921.881211 	 648.000000 	 1.000000 
2.000000 	 560.238527 	 875.126984 	 698.000000 	 1.000000 
2.000000 	 540.752370 	 837.851828 	 716.000000 	 1.000000 
2.000000 	 531.869430 	 810.302976 	 732.000000 	 1.000000 
