stroke_id	 x	 y	 time	 is_writing
1.000000 	 736.554130 	 809.562342 	 0.000000 	 1.000000 
1.000000 	 734.807551 	 813.386008 	 24.000000 	 1.000000 
1.000000 	 732.203006 	 818.909447 	 40.000000 	 1.000000 
1.000000 	 728.527517 	 826.379888 	 56.000000 	 1.000000 
1.000000 	 723.584986 	 835.887822 	 72.000000 	 1.000000 
1.000000 	 717.218944 	 847.315043 	 88.000000 	 1.000000 
1.000000 	 709.340004 	 860.297324 	 104.000000 	 1.000000 
1.000000 	 699.926199 	 874.251653 	 128.000000 	 1.000000 
1.000000 	 688.971804 	 888.517158 	 144.000000 	 1.000000 
1.000000 	 676.454233 	 902.535664 	 160.000000 	 1.000000 
1.000000 	 662.409667 	 915.930143 	 176.000000 	 1.000000 
1.000000 	 647.072231 	 928.451503 	 192.000000 	 1.000000 
1.000000 	 630.936855 	 939.893670 	 208.000000 	 1.000000 
2.000000 	 372.879011 	 937.658094 	 240.000000 	 1.000000 
2.000000 	 350.314308 	 915.763876 	 256.000000 	 1.000000 
2.000000 	 323.661305 	 881.232893 	 272.000000 	 1.000000 
2.000000 	 300.329678 	 837.659183 	 288.000000 	 1.000000 
2.000000 	 284.696708 	 789.937199 	 312.000000 	 1.000000 
2.000000 	 277.864451 	 742.226558 	 328.000000 	 1.000000 
2.000000 	 278.857605 	 697.140039 	 344.000000 	 1.000000 
2.000000 	 285.870054 	 655.984165 	 360.000000 	 1.000000 
2.000000 	 297.132731 	 619.330394 	 376.000000 	 1.000000 
2.000000 	 311.358539 	 587.406455 	 392.000000 	 1.000000 
2.000000 	 327.783233 	 560.225620 	 408.000000 	 1.000000 
2.000000 	 345.990070 	 537.645065 	 424.000000 	 1.000000 
2.000000 	 366.638988 	 519.951668 	 440.000000 	 1.000000 
2.000000 	 392.741700 	 508.807773 	 464.000000 	 1.000000 
2.000000 	 426.934171 	 506.445442 	 480.000000 	 1.000000 
2.000000 	 468.546842 	 514.710779 	 496.000000 	 1.000000 
2.000000 	 513.834913 	 534.542547 	 512.000000 	 1.000000 
2.000000 	 557.840481 	 565.407085 	 528.000000 	 1.000000 
2.000000 	 596.206348 	 605.155413 	 544.000000 	 1.000000 
2.000000 	 626.207308 	 650.536583 	 560.000000 	 1.000000 
2.000000 	 646.931106 	 698.021728 	 576.000000 	 1.000000 
2.000000 	 658.947589 	 744.431075 	 592.000000 	 1.000000 
2.000000 	 665.306156 	 784.520294 	 608.000000 	 1.000000 
2.000000 	 670.389791 	 812.994125 	 632.000000 	 1.000000 
2.000000 	 675.473647 	 831.944407 	 648.000000 	 1.000000 
