stroke_id	 x	 y	 time	 is_writing
1.000000 	 393.561235 	 877.731984 	 0.000000 	 1.000000 
1.000000 	 393.743562 	 877.840430 	 16.000000 	 1.000000 
1.000000 	 393.446714 	 877.793527 	 32.000000 	 1.000000 
1.000000 	 398.264027 	 877.526875 	 64.000000 	 1.000000 
1.000000 	 408.765380 	 877.385536 	 80.000000 	 1.000000 
1.000000 	 423.608322 	 877.513998 	 112.000000 	 1.000000 
1.000000 	 441.309856 	 877.976121 	 136.000000 	 1.000000 
1.000000 	 460.407915 	 878.796540 	 152.000000 	 1.000000 
2.000000 	 383.231828 	 662.544066 	 296.000000 	 1.000000 
2.000000 	 386.132230 	 662.829355 	 312.000000 	 1.000000 
2.000000 	 389.377688 	 663.106949 	 328.000000 	 1.000000 
2.000000 	 393.358155 	 663.481532 	 344.000000 	 1.000000 
2.000000 	 398.868770 	 664.135408 	 360.000000 	 1.000000 
2.000000 	 406.666976 	 665.209542 	 384.000000 	 1.000000 
2.000000 	 417.033706 	 666.668307 	 400.000000 	 1.000000 
2.000000 	 429.601681 	 668.340986 	 416.000000 	 1.000000 
2.000000 	 443.617339 	 670.105858 	 432.000000 	 1.000000 
2.000000 	 458.326949 	 671.944876 	 448.000000 	 1.000000 
2.000000 	 473.149060 	 673.861148 	 464.000000 	 1.000000 
2.000000 	 487.647174 	 675.823809 	 488.000000 	 1.000000 
