stroke_id	 x	 y	 time	 is_writing
1.000000 	 326.436925 	 1027.199421 	 0.000000 	 1.000000 
1.000000 	 326.618932 	 987.415212 	 42.000000 	 1.000000 
1.000000 	 331.812129 	 898.739388 	 76.000000 	 1.000000 
1.000000 	 349.662591 	 789.482723 	 112.000000 	 1.000000 
1.000000 	 378.378187 	 689.602300 	 146.000000 	 1.000000 
1.000000 	 412.317999 	 606.747004 	 182.000000 	 1.000000 
1.000000 	 452.462738 	 561.912100 	 216.000000 	 1.000000 
1.000000 	 484.534640 	 551.348759 	 252.000000 	 1.000000 
