stroke_id	 x	 y	 time	 is_writing
1.000000 	 359.040955 	 1302.482321 	 0.000000 	 1.000000 
1.000000 	 379.115086 	 1316.224621 	 16.000000 	 1.000000 
1.000000 	 405.693420 	 1332.268469 	 32.000000 	 1.000000 
1.000000 	 436.945906 	 1347.632359 	 84.000000 	 1.000000 
1.000000 	 469.452075 	 1358.542005 	 116.000000 	 1.000000 
1.000000 	 499.018443 	 1361.576331 	 168.000000 	 1.000000 
1.000000 	 522.052786 	 1354.763294 	 200.000000 	 1.000000 
1.000000 	 536.994596 	 1338.179011 	 232.000000 	 1.000000 
1.000000 	 545.135172 	 1313.847181 	 248.000000 	 1.000000 
1.000000 	 550.270167 	 1284.911702 	 284.000000 	 1.000000 
1.000000 	 557.013672 	 1254.115875 	 300.000000 	 1.000000 
1.000000 	 568.226908 	 1221.891689 	 332.000000 	 1.000000 
1.000000 	 582.774315 	 1185.094348 	 348.000000 	 1.000000 
1.000000 	 595.152209 	 1137.841343 	 384.000000 	 1.000000 
1.000000 	 597.644230 	 1074.773329 	 400.000000 	 1.000000 
1.000000 	 583.940493 	 994.860278 	 432.000000 	 1.000000 
1.000000 	 552.262998 	 903.173933 	 448.000000 	 1.000000 
