stroke_id	 x	 y	 time	 is_writing
1.000000 	 366.722228 	 786.171665 	 0.000000 	 1.000000 
1.000000 	 371.570686 	 797.289877 	 20.000000 	 1.000000 
1.000000 	 378.248608 	 812.562420 	 36.000000 	 1.000000 
1.000000 	 386.916796 	 832.391915 	 52.000000 	 1.000000 
1.000000 	 397.534876 	 856.850658 	 70.000000 	 1.000000 
1.000000 	 409.825663 	 885.635285 	 86.000000 	 1.000000 
1.000000 	 423.294348 	 918.076743 	 104.000000 	 1.000000 
1.000000 	 437.305567 	 953.203479 	 120.000000 	 1.000000 
1.000000 	 451.198061 	 989.845872 	 136.000000 	 1.000000 
1.000000 	 464.400070 	 1026.764403 	 152.000000 	 1.000000 
1.000000 	 476.508601 	 1062.781435 	 168.000000 	 1.000000 
2.000000 	 580.690531 	 1302.071823 	 204.000000 	 1.000000 
2.000000 	 580.262679 	 1292.081146 	 220.000000 	 1.000000 
2.000000 	 579.880775 	 1279.710007 	 236.000000 	 1.000000 
2.000000 	 579.572704 	 1264.511042 	 252.000000 	 1.000000 
2.000000 	 579.326542 	 1246.167221 	 270.000000 	 1.000000 
2.000000 	 579.112204 	 1224.576951 	 286.000000 	 1.000000 
2.000000 	 578.910766 	 1199.871693 	 304.000000 	 1.000000 
2.000000 	 578.729024 	 1172.380998 	 320.000000 	 1.000000 
2.000000 	 578.595832 	 1142.574992 	 336.000000 	 1.000000 
2.000000 	 578.549412 	 1111.007321 	 352.000000 	 1.000000 
2.000000 	 578.624991 	 1078.268534 	 368.000000 	 1.000000 
2.000000 	 578.847002 	 1044.950961 	 386.000000 	 1.000000 
2.000000 	 579.225997 	 1011.622580 	 404.000000 	 1.000000 
