stroke_id	 x	 y	 time	 is_writing
1.000000 	 188.078845 	 782.459000 	 0.000000 	 1.000000 
1.000000 	 193.791024 	 785.565891 	 0.000000 	 1.000000 
1.000000 	 198.943430 	 787.578273 	 64.000000 	 1.000000 
1.000000 	 208.090019 	 790.550270 	 64.000000 	 1.000000 
1.000000 	 229.105563 	 796.818788 	 64.000000 	 1.000000 
1.000000 	 258.970099 	 803.306446 	 64.000000 	 1.000000 
1.000000 	 291.770735 	 806.011063 	 128.000000 	 1.000000 
1.000000 	 321.969173 	 801.519071 	 128.000000 	 1.000000 
1.000000 	 344.693178 	 788.830908 	 128.000000 	 1.000000 
1.000000 	 357.351301 	 769.576475 	 128.000000 	 1.000000 
1.000000 	 360.272239 	 746.683909 	 192.000000 	 1.000000 
1.000000 	 355.891547 	 722.958365 	 192.000000 	 1.000000 
1.000000 	 347.206645 	 700.421303 	 192.000000 	 1.000000 
1.000000 	 336.603198 	 680.359348 	 192.000000 	 1.000000 
1.000000 	 325.477332 	 663.480795 	 256.000000 	 1.000000 
1.000000 	 314.461150 	 649.898991 	 256.000000 	 1.000000 
1.000000 	 303.923186 	 639.098832 	 256.000000 	 1.000000 
1.000000 	 294.330786 	 630.169449 	 320.000000 	 1.000000 
1.000000 	 287.232484 	 622.510562 	 320.000000 	 1.000000 
1.000000 	 294.065601 	 617.767725 	 320.000000 	 1.000000 
1.000000 	 319.180898 	 613.142592 	 320.000000 	 1.000000 
1.000000 	 348.367471 	 602.554750 	 384.000000 	 1.000000 
1.000000 	 369.629797 	 586.038087 	 384.000000 	 1.000000 
1.000000 	 379.470864 	 566.424848 	 384.000000 	 1.000000 
1.000000 	 379.117617 	 545.743133 	 448.000000 	 1.000000 
1.000000 	 371.242172 	 525.180943 	 448.000000 	 1.000000 
1.000000 	 358.668969 	 505.735404 	 448.000000 	 1.000000 
1.000000 	 343.934193 	 488.357632 	 448.000000 	 1.000000 
1.000000 	 329.047264 	 473.739922 	 512.000000 	 1.000000 
1.000000 	 315.355881 	 462.116385 	 512.000000 	 1.000000 
