stroke_id	 x	 y	 time	 is_writing
1.000000 	 695.658579 	 1154.434993 	 0.000000 	 1.000000 
1.000000 	 690.793479 	 1162.297204 	 48.000000 	 1.000000 
1.000000 	 676.271057 	 1182.757136 	 80.000000 	 1.000000 
1.000000 	 645.467239 	 1216.030728 	 112.000000 	 1.000000 
1.000000 	 593.348401 	 1253.419103 	 128.000000 	 1.000000 
1.000000 	 520.812651 	 1280.808550 	 144.000000 	 1.000000 
1.000000 	 436.712192 	 1286.020659 	 160.000000 	 1.000000 
1.000000 	 354.551640 	 1264.719325 	 176.000000 	 1.000000 
1.000000 	 286.122007 	 1220.216288 	 192.000000 	 1.000000 
1.000000 	 236.077483 	 1156.144215 	 216.000000 	 1.000000 
1.000000 	 206.977733 	 1076.920778 	 232.000000 	 1.000000 
1.000000 	 203.520239 	 993.030807 	 248.000000 	 1.000000 
1.000000 	 224.748648 	 916.503112 	 264.000000 	 1.000000 
1.000000 	 263.070469 	 853.211897 	 280.000000 	 1.000000 
1.000000 	 310.167729 	 802.186990 	 312.000000 	 1.000000 
1.000000 	 359.770049 	 759.495979 	 328.000000 	 1.000000 
1.000000 	 407.150662 	 721.134348 	 344.000000 	 1.000000 
1.000000 	 448.458661 	 684.190512 	 376.000000 	 1.000000 
1.000000 	 480.877815 	 647.240154 	 392.000000 	 1.000000 
1.000000 	 502.931885 	 610.395243 	 424.000000 	 1.000000 
1.000000 	 514.348292 	 574.986717 	 464.000000 	 1.000000 
1.000000 	 515.265977 	 542.767748 	 496.000000 	 1.000000 
1.000000 	 499.039418 	 516.545853 	 528.000000 	 1.000000 
1.000000 	 478.383097 	 502.121364 	 560.000000 	 1.000000 
1.000000 	 458.604863 	 492.303798 	 608.000000 	 1.000000 
