stroke_id	 x	 y	 time	 is_writing
1.000000 	 361.302354 	 683.410193 	 0.000000 	 1.000000 
1.000000 	 359.496720 	 674.626053 	 0.000000 	 1.000000 
1.000000 	 357.972891 	 665.670455 	 64.000000 	 1.000000 
1.000000 	 356.513765 	 655.993889 	 64.000000 	 1.000000 
1.000000 	 355.009577 	 645.174675 	 64.000000 	 1.000000 
1.000000 	 353.424679 	 632.985229 	 64.000000 	 1.000000 
1.000000 	 351.768016 	 619.398682 	 128.000000 	 1.000000 
1.000000 	 350.071335 	 604.584194 	 128.000000 	 1.000000 
1.000000 	 348.372592 	 588.891843 	 128.000000 	 1.000000 
1.000000 	 346.705136 	 572.819435 	 128.000000 	 1.000000 
1.000000 	 345.094629 	 556.956815 	 192.000000 	 1.000000 
1.000000 	 343.563949 	 541.911375 	 192.000000 	 1.000000 
1.000000 	 342.142702 	 528.226893 	 192.000000 	 1.000000 
1.000000 	 340.874873 	 516.312305 	 192.000000 	 1.000000 
1.000000 	 339.818346 	 506.395664 	 256.000000 	 1.000000 
1.000000 	 339.034213 	 498.511858 	 256.000000 	 1.000000 
1.000000 	 338.579086 	 492.490645 	 256.000000 	 1.000000 
1.000000 	 338.556184 	 487.724012 	 256.000000 	 1.000000 
1.000000 	 338.856183 	 483.356331 	 320.000000 	 1.000000 
1.000000 	 337.271227 	 480.547611 	 320.000000 	 1.000000 
1.000000 	 330.822959 	 481.032272 	 320.000000 	 1.000000 
1.000000 	 318.661577 	 483.631815 	 320.000000 	 1.000000 
1.000000 	 301.724233 	 485.461304 	 384.000000 	 1.000000 
1.000000 	 281.905364 	 484.440854 	 384.000000 	 1.000000 
1.000000 	 259.888299 	 480.405457 	 384.000000 	 1.000000 
1.000000 	 237.881134 	 473.417935 	 448.000000 	 1.000000 
1.000000 	 222.624957 	 461.609878 	 448.000000 	 1.000000 
1.000000 	 217.933367 	 446.345483 	 448.000000 	 1.000000 
1.000000 	 224.212899 	 429.969350 	 448.000000 	 1.000000 
1.000000 	 239.295027 	 414.351072 	 512.000000 	 1.000000 
1.000000 	 259.595053 	 400.795279 	 512.000000 	 1.000000 
1.000000 	 280.962916 	 390.101242 	 576.000000 	 1.000000 
1.000000 	 295.470939 	 380.466186 	 576.000000 	 1.000000 
