stroke_id	 x	 y	 time	 is_writing
1.000000 	 285.276912 	 786.986145 	 0.000000 	 1.000000 
1.000000 	 293.897009 	 795.804594 	 20.000000 	 1.000000 
1.000000 	 314.709387 	 811.446628 	 36.000000 	 1.000000 
1.000000 	 342.368539 	 827.958566 	 68.000000 	 1.000000 
1.000000 	 370.277194 	 838.019603 	 100.000000 	 1.000000 
1.000000 	 395.163272 	 834.711761 	 120.000000 	 1.000000 
1.000000 	 413.818573 	 821.878079 	 136.000000 	 1.000000 
1.000000 	 425.670121 	 803.802247 	 152.000000 	 1.000000 
1.000000 	 431.421728 	 783.365272 	 168.000000 	 1.000000 
1.000000 	 432.195416 	 762.419671 	 188.000000 	 1.000000 
1.000000 	 429.486888 	 742.460083 	 204.000000 	 1.000000 
1.000000 	 425.265500 	 724.872561 	 220.000000 	 1.000000 
1.000000 	 421.670565 	 710.323827 	 252.000000 	 1.000000 
1.000000 	 420.397693 	 697.920031 	 268.000000 	 1.000000 
1.000000 	 422.736074 	 686.751509 	 284.000000 	 1.000000 
1.000000 	 429.198723 	 677.850443 	 320.000000 	 1.000000 
1.000000 	 434.839896 	 665.385643 	 352.000000 	 1.000000 
1.000000 	 436.834998 	 647.582514 	 368.000000 	 1.000000 
1.000000 	 434.384979 	 625.934722 	 388.000000 	 1.000000 
1.000000 	 427.668597 	 602.554724 	 420.000000 	 1.000000 
1.000000 	 417.331035 	 579.207400 	 436.000000 	 1.000000 
1.000000 	 404.178216 	 557.153092 	 452.000000 	 1.000000 
