stroke_id	 x	 y	 time	 is_writing
1.000000 	 312.813433 	 664.947240 	 0.000000 	 1.000000 
1.000000 	 315.116270 	 669.027823 	 80.000000 	 1.000000 
1.000000 	 319.537857 	 675.927931 	 104.000000 	 1.000000 
1.000000 	 326.979525 	 684.550577 	 120.000000 	 1.000000 
1.000000 	 337.191765 	 692.404899 	 136.000000 	 1.000000 
1.000000 	 350.489690 	 693.990469 	 152.000000 	 1.000000 
1.000000 	 366.997303 	 680.064017 	 168.000000 	 1.000000 
1.000000 	 378.812139 	 649.459339 	 184.000000 	 1.000000 
1.000000 	 378.711962 	 614.787418 	 200.000000 	 1.000000 
1.000000 	 370.938199 	 588.000052 	 216.000000 	 1.000000 
1.000000 	 363.295689 	 571.054597 	 232.000000 	 1.000000 
1.000000 	 359.298763 	 560.519222 	 248.000000 	 1.000000 
1.000000 	 358.766233 	 552.889831 	 264.000000 	 1.000000 
1.000000 	 360.466872 	 546.005602 	 280.000000 	 1.000000 
1.000000 	 363.385282 	 538.788259 	 296.000000 	 1.000000 
1.000000 	 366.911226 	 530.820121 	 312.000000 	 1.000000 
1.000000 	 370.702519 	 522.060064 	 328.000000 	 1.000000 
1.000000 	 374.549405 	 512.672133 	 352.000000 	 1.000000 
1.000000 	 378.303401 	 502.920662 	 368.000000 	 1.000000 
1.000000 	 381.851994 	 493.103516 	 376.000000 	 1.000000 
1.000000 	 384.964757 	 484.541492 	 632.000000 	 1.000000 
2.000000 	 361.226998 	 422.038895 	 1312.000000 	 1.000000 
2.000000 	 361.240054 	 421.945309 	 1408.000000 	 1.000000 
2.000000 	 361.310340 	 421.426786 	 1424.000000 	 1.000000 
2.000000 	 361.486727 	 419.991982 	 1448.000000 	 1.000000 
2.000000 	 361.745681 	 417.389876 	 1464.000000 	 1.000000 
2.000000 	 362.254791 	 411.719891 	 1480.000000 	 1.000000 
2.000000 	 363.622388 	 398.616519 	 1496.000000 	 1.000000 
2.000000 	 366.163945 	 378.607348 	 1512.000000 	 1.000000 
