stroke_id	 x	 y	 time	 is_writing
1.000000 	 331.232468 	 636.898891 	 0.000000 	 1.000000 
1.000000 	 327.093567 	 635.315163 	 26.000000 	 1.000000 
1.000000 	 321.502113 	 633.241730 	 58.000000 	 1.000000 
1.000000 	 314.447374 	 630.733253 	 88.000000 	 1.000000 
1.000000 	 306.080524 	 627.915024 	 102.000000 	 1.000000 
1.000000 	 296.690946 	 624.963618 	 118.000000 	 1.000000 
1.000000 	 286.641501 	 622.035479 	 150.000000 	 1.000000 
1.000000 	 276.265786 	 618.906458 	 182.000000 	 1.000000 
1.000000 	 265.754265 	 614.168823 	 214.000000 	 1.000000 
1.000000 	 255.186454 	 605.089948 	 228.000000 	 1.000000 
1.000000 	 244.816236 	 589.333396 	 244.000000 	 1.000000 
1.000000 	 235.261443 	 567.104993 	 258.000000 	 1.000000 
1.000000 	 227.190649 	 541.416973 	 286.000000 	 1.000000 
1.000000 	 220.846997 	 516.410845 	 306.000000 	 1.000000 
1.000000 	 216.035245 	 495.327293 	 322.000000 	 1.000000 
1.000000 	 212.448743 	 479.468605 	 336.000000 	 1.000000 
2.000000 	 204.219789 	 574.290039 	 400.000000 	 1.000000 
2.000000 	 213.051969 	 579.386133 	 414.000000 	 1.000000 
2.000000 	 228.482945 	 587.179066 	 430.000000 	 1.000000 
2.000000 	 248.231676 	 594.131887 	 446.000000 	 1.000000 
2.000000 	 269.419253 	 597.881851 	 462.000000 	 1.000000 
2.000000 	 289.731420 	 597.696892 	 494.000000 	 1.000000 
2.000000 	 307.806180 	 593.849731 	 510.000000 	 1.000000 
2.000000 	 323.067196 	 586.976642 	 524.000000 	 1.000000 
2.000000 	 335.389462 	 577.739031 	 540.000000 	 1.000000 
2.000000 	 344.824560 	 566.716624 	 556.000000 	 1.000000 
2.000000 	 351.439570 	 554.400290 	 570.000000 	 1.000000 
2.000000 	 355.249999 	 541.209470 	 586.000000 	 1.000000 
2.000000 	 356.223798 	 527.517215 	 602.000000 	 1.000000 
2.000000 	 354.340484 	 513.687231 	 618.000000 	 1.000000 
2.000000 	 349.678794 	 500.113876 	 634.000000 	 1.000000 
2.000000 	 342.492458 	 487.233821 	 650.000000 	 1.000000 
2.000000 	 333.236272 	 475.481243 	 666.000000 	 1.000000 
2.000000 	 322.523641 	 465.196584 	 680.000000 	 1.000000 
2.000000 	 311.023927 	 456.540944 	 696.000000 	 1.000000 
2.000000 	 299.336055 	 449.472476 	 722.000000 	 1.000000 
