stroke_id	 x	 y	 time	 is_writing
1.000000 	 298.132492 	 775.500639 	 0.000000 	 1.000000 
1.000000 	 302.258633 	 775.079442 	 32.000000 	 1.000000 
1.000000 	 308.351170 	 774.401786 	 48.000000 	 1.000000 
1.000000 	 316.460476 	 773.453490 	 64.000000 	 1.000000 
1.000000 	 326.270266 	 772.296488 	 88.000000 	 1.000000 
1.000000 	 337.112742 	 771.057463 	 104.000000 	 1.000000 
1.000000 	 348.131501 	 769.877818 	 120.000000 	 1.000000 
2.000000 	 287.152179 	 662.835003 	 336.000000 	 1.000000 
2.000000 	 290.176969 	 662.566392 	 368.000000 	 1.000000 
2.000000 	 294.750452 	 662.204204 	 384.000000 	 1.000000 
2.000000 	 301.102843 	 661.794748 	 400.000000 	 1.000000 
2.000000 	 309.273866 	 661.440990 	 416.000000 	 1.000000 
2.000000 	 319.072005 	 661.295209 	 432.000000 	 1.000000 
2.000000 	 330.084919 	 661.521737 	 448.000000 	 1.000000 
2.000000 	 341.739779 	 662.235021 	 464.000000 	 1.000000 
2.000000 	 353.401329 	 663.438803 	 496.000000 	 1.000000 
