stroke_id	 x	 y	 time	 is_writing
1.000000 	 351.737875 	 815.377174 	 0.000000 	 1.000000 
1.000000 	 356.823754 	 822.481192 	 28.000000 	 1.000000 
1.000000 	 362.854038 	 831.232362 	 59.000000 	 1.000000 
1.000000 	 369.972791 	 842.152185 	 91.000000 	 1.000000 
1.000000 	 378.417012 	 855.904798 	 123.000000 	 1.000000 
1.000000 	 388.391499 	 873.032222 	 139.000000 	 1.000000 
1.000000 	 399.923061 	 893.727076 	 155.000000 	 1.000000 
1.000000 	 412.786702 	 917.746062 	 171.000000 	 1.000000 
1.000000 	 426.539836 	 944.426273 	 203.000000 	 1.000000 
1.000000 	 440.636553 	 972.685794 	 219.000000 	 1.000000 
1.000000 	 455.413184 	 999.780855 	 235.000000 	 1.000000 
1.000000 	 471.391094 	 1020.441277 	 251.000000 	 1.000000 
1.000000 	 484.329796 	 1035.157392 	 283.000000 	 1.000000 
1.000000 	 493.679497 	 1046.068549 	 299.000000 	 1.000000 
1.000000 	 501.503622 	 1051.102330 	 331.000000 	 1.000000 
1.000000 	 509.089853 	 1046.822848 	 346.000000 	 1.000000 
1.000000 	 516.952243 	 1030.710585 	 362.000000 	 1.000000 
1.000000 	 524.937457 	 1001.941706 	 378.000000 	 1.000000 
1.000000 	 532.527213 	 961.547077 	 410.000000 	 1.000000 
1.000000 	 539.298836 	 911.948029 	 426.000000 	 1.000000 
1.000000 	 545.120455 	 856.202756 	 442.000000 	 1.000000 
1.000000 	 550.038768 	 797.401354 	 458.000000 	 1.000000 
1.000000 	 554.087700 	 738.343594 	 490.000000 	 1.000000 
1.000000 	 557.209497 	 681.410982 	 506.000000 	 1.000000 
1.000000 	 559.323718 	 628.508234 	 522.000000 	 1.000000 
1.000000 	 560.446969 	 581.004737 	 538.000000 	 1.000000 
1.000000 	 560.745732 	 539.686219 	 570.000000 	 1.000000 
1.000000 	 560.489193 	 504.767883 	 580.000000 	 1.000000 
