stroke_id	 x	 y	 time	 is_writing
1.000000 	 411.676334 	 999.649925 	 0.000000 	 1.000000 
1.000000 	 411.004844 	 1000.282073 	 32.000000 	 1.000000 
1.000000 	 417.542237 	 1002.136998 	 64.000000 	 1.000000 
1.000000 	 439.767814 	 1004.367507 	 96.000000 	 1.000000 
1.000000 	 473.849765 	 1006.908845 	 128.000000 	 1.000000 
1.000000 	 512.329254 	 1009.448738 	 160.000000 	 1.000000 
1.000000 	 549.201524 	 1011.176344 	 192.000000 	 1.000000 
2.000000 	 359.840249 	 932.603848 	 320.000000 	 1.000000 
2.000000 	 365.621706 	 933.549061 	 320.000000 	 1.000000 
2.000000 	 375.616335 	 935.088502 	 352.000000 	 1.000000 
2.000000 	 390.357574 	 937.293771 	 384.000000 	 1.000000 
2.000000 	 409.811793 	 940.266121 	 384.000000 	 1.000000 
2.000000 	 433.481496 	 944.112577 	 416.000000 	 1.000000 
2.000000 	 460.257495 	 948.799978 	 416.000000 	 1.000000 
2.000000 	 488.338151 	 954.059022 	 448.000000 	 1.000000 
