stroke_id	 x	 y	 time	 is_writing
1.000000 	 492.462231 	 885.311993 	 96.000000 	 1.000000 
1.000000 	 484.722283 	 879.384250 	 112.000000 	 1.000000 
1.000000 	 474.786480 	 871.805841 	 128.000000 	 1.000000 
1.000000 	 462.847924 	 862.547542 	 144.000000 	 1.000000 
1.000000 	 449.490571 	 851.668025 	 168.000000 	 1.000000 
1.000000 	 435.532621 	 839.185681 	 184.000000 	 1.000000 
1.000000 	 421.743084 	 824.971504 	 200.000000 	 1.000000 
1.000000 	 408.648388 	 808.818431 	 216.000000 	 1.000000 
1.000000 	 396.564571 	 790.645388 	 232.000000 	 1.000000 
1.000000 	 385.765794 	 770.622689 	 248.000000 	 1.000000 
1.000000 	 376.586367 	 749.133175 	 264.000000 	 1.000000 
1.000000 	 369.281366 	 726.574761 	 280.000000 	 1.000000 
1.000000 	 363.744955 	 703.071816 	 296.000000 	 1.000000 
1.000000 	 359.960818 	 678.703991 	 312.000000 	 1.000000 
1.000000 	 358.626272 	 654.191110 	 328.000000 	 1.000000 
1.000000 	 360.399353 	 631.030487 	 344.000000 	 1.000000 
1.000000 	 365.046092 	 610.732816 	 360.000000 	 1.000000 
1.000000 	 371.704209 	 594.212415 	 376.000000 	 1.000000 
1.000000 	 379.382380 	 581.904064 	 392.000000 	 1.000000 
1.000000 	 387.108738 	 574.048047 	 416.000000 	 1.000000 
1.000000 	 393.912163 	 570.748428 	 432.000000 	 1.000000 
1.000000 	 398.822886 	 571.839335 	 448.000000 	 1.000000 
1.000000 	 400.933291 	 576.728298 	 464.000000 	 1.000000 
1.000000 	 399.509953 	 584.356661 	 480.000000 	 1.000000 
1.000000 	 394.136241 	 593.326541 	 496.000000 	 1.000000 
1.000000 	 384.852405 	 602.151694 	 512.000000 	 1.000000 
1.000000 	 372.239369 	 609.541549 	 528.000000 	 1.000000 
1.000000 	 357.376819 	 614.633875 	 552.000000 	 1.000000 
