stroke_id	 x	 y	 time	 is_writing
1.000000 	 368.268726 	 867.796533 	 0.000000 	 1.000000 
1.000000 	 367.473626 	 882.647116 	 12.000000 	 1.000000 
1.000000 	 367.060268 	 900.342334 	 24.000000 	 1.000000 
1.000000 	 367.301684 	 920.702361 	 40.000000 	 1.000000 
1.000000 	 368.474052 	 943.367601 	 56.000000 	 1.000000 
1.000000 	 370.782462 	 967.773263 	 76.000000 	 1.000000 
1.000000 	 374.020581 	 992.719632 	 92.000000 	 1.000000 
2.000000 	 620.580784 	 1375.519807 	 124.000000 	 1.000000 
2.000000 	 627.510404 	 1374.837397 	 140.000000 	 1.000000 
2.000000 	 637.338289 	 1372.830315 	 156.000000 	 1.000000 
2.000000 	 649.323784 	 1369.155959 	 172.000000 	 1.000000 
2.000000 	 662.721761 	 1363.557300 	 192.000000 	 1.000000 
2.000000 	 674.999974 	 1353.668464 	 208.000000 	 1.000000 
2.000000 	 685.083670 	 1339.987691 	 224.000000 	 1.000000 
2.000000 	 694.963047 	 1325.423386 	 240.000000 	 1.000000 
2.000000 	 705.942610 	 1309.893812 	 260.000000 	 1.000000 
2.000000 	 717.705800 	 1291.005700 	 276.000000 	 1.000000 
2.000000 	 728.941074 	 1265.858906 	 292.000000 	 1.000000 
2.000000 	 737.709238 	 1232.815990 	 308.000000 	 1.000000 
2.000000 	 741.679072 	 1192.578445 	 324.000000 	 1.000000 
2.000000 	 738.775917 	 1148.068166 	 340.000000 	 1.000000 
2.000000 	 727.980915 	 1103.338352 	 356.000000 	 1.000000 
2.000000 	 709.617074 	 1062.223411 	 376.000000 	 1.000000 
2.000000 	 684.967365 	 1027.469895 	 392.000000 	 1.000000 
2.000000 	 655.674910 	 1000.609396 	 408.000000 	 1.000000 
2.000000 	 623.405707 	 982.265615 	 424.000000 	 1.000000 
2.000000 	 589.807408 	 972.435697 	 444.000000 	 1.000000 
2.000000 	 556.477993 	 970.517078 	 460.000000 	 1.000000 
2.000000 	 524.823843 	 975.170856 	 476.000000 	 1.000000 
