stroke_id	 x	 y	 time	 is_writing
1.000000 	 373.483862 	 1191.696109 	 0.000000 	 1.000000 
1.000000 	 375.505225 	 1176.163835 	 0.000000 	 1.000000 
1.000000 	 378.427764 	 1156.698431 	 0.000000 	 1.000000 
1.000000 	 382.526573 	 1133.278088 	 0.000000 	 1.000000 
1.000000 	 388.132753 	 1105.844395 	 128.000000 	 1.000000 
1.000000 	 395.597475 	 1074.178782 	 128.000000 	 1.000000 
1.000000 	 405.113784 	 1038.286200 	 128.000000 	 1.000000 
1.000000 	 416.501979 	 999.051252 	 256.000000 	 1.000000 
1.000000 	 429.220540 	 958.401147 	 256.000000 	 1.000000 
1.000000 	 442.615002 	 918.721241 	 256.000000 	 1.000000 
1.000000 	 455.110035 	 883.998129 	 256.000000 	 1.000000 
1.000000 	 463.923888 	 869.375018 	 256.000000 	 1.000000 
1.000000 	 471.797203 	 879.801872 	 256.000000 	 1.000000 
1.000000 	 475.178483 	 905.031316 	 256.000000 	 1.000000 
1.000000 	 474.244604 	 937.722018 	 384.000000 	 1.000000 
1.000000 	 466.190435 	 970.008072 	 384.000000 	 1.000000 
1.000000 	 448.611380 	 993.466270 	 384.000000 	 1.000000 
1.000000 	 422.118062 	 1003.341619 	 512.000000 	 1.000000 
1.000000 	 390.209761 	 1000.134410 	 512.000000 	 1.000000 
1.000000 	 358.168124 	 988.285613 	 512.000000 	 1.000000 
1.000000 	 339.622540 	 975.042596 	 640.000000 	 1.000000 
