stroke_id	 x	 y	 time	 is_writing
1.000000 	 409.258725 	 1303.330116 	 0.000000 	 1.000000 
1.000000 	 413.607627 	 1306.299335 	 14.000000 	 1.000000 
1.000000 	 424.045249 	 1313.455156 	 30.000000 	 1.000000 
1.000000 	 441.584846 	 1323.419699 	 46.000000 	 1.000000 
1.000000 	 465.174918 	 1332.696667 	 64.000000 	 1.000000 
1.000000 	 492.189868 	 1337.751391 	 80.000000 	 1.000000 
1.000000 	 519.382786 	 1336.256070 	 96.000000 	 1.000000 
1.000000 	 543.839076 	 1327.180020 	 114.000000 	 1.000000 
1.000000 	 563.487348 	 1310.342210 	 130.000000 	 1.000000 
1.000000 	 577.133744 	 1286.027978 	 146.000000 	 1.000000 
1.000000 	 584.260284 	 1254.875423 	 164.000000 	 1.000000 
1.000000 	 584.661236 	 1218.256407 	 180.000000 	 1.000000 
1.000000 	 576.625630 	 1179.732604 	 196.000000 	 1.000000 
1.000000 	 559.880915 	 1137.422739 	 214.000000 	 1.000000 
1.000000 	 539.428258 	 1090.178134 	 230.000000 	 1.000000 
1.000000 	 519.860499 	 1041.962059 	 246.000000 	 1.000000 
1.000000 	 502.611576 	 996.622647 	 264.000000 	 1.000000 
1.000000 	 488.180958 	 955.570961 	 280.000000 	 1.000000 
1.000000 	 477.438864 	 918.663007 	 296.000000 	 1.000000 
1.000000 	 471.518670 	 885.338237 	 314.000000 	 1.000000 
1.000000 	 471.382010 	 855.232141 	 330.000000 	 1.000000 
1.000000 	 477.510170 	 828.359704 	 346.000000 	 1.000000 
1.000000 	 489.764960 	 805.028987 	 364.000000 	 1.000000 
1.000000 	 507.379994 	 785.629363 	 380.000000 	 1.000000 
1.000000 	 529.063526 	 770.424564 	 396.000000 	 1.000000 
