stroke_id	 x	 y	 time	 is_writing
1.000000 	 374.005892 	 1297.275074 	 0.000000 	 1.000000 
1.000000 	 381.123519 	 1294.934430 	 128.000000 	 1.000000 
1.000000 	 393.744825 	 1290.711293 	 128.000000 	 1.000000 
1.000000 	 413.182785 	 1283.940262 	 128.000000 	 1.000000 
1.000000 	 439.498392 	 1273.998860 	 256.000000 	 1.000000 
1.000000 	 470.938295 	 1260.309110 	 256.000000 	 1.000000 
1.000000 	 503.825262 	 1242.338022 	 256.000000 	 1.000000 
1.000000 	 533.211114 	 1219.328966 	 256.000000 	 1.000000 
1.000000 	 554.422286 	 1189.781429 	 384.000000 	 1.000000 
1.000000 	 565.094346 	 1151.654114 	 384.000000 	 1.000000 
1.000000 	 566.013528 	 1103.237382 	 384.000000 	 1.000000 
1.000000 	 559.205696 	 1043.608599 	 384.000000 	 1.000000 
1.000000 	 545.629364 	 974.945756 	 512.000000 	 1.000000 
2.000000 	 383.858539 	 828.057569 	 768.000000 	 1.000000 
2.000000 	 384.599329 	 827.876433 	 768.000000 	 1.000000 
2.000000 	 387.440783 	 827.792298 	 768.000000 	 1.000000 
2.000000 	 394.815476 	 828.204332 	 896.000000 	 1.000000 
2.000000 	 409.478907 	 829.700766 	 896.000000 	 1.000000 
2.000000 	 433.087698 	 832.826297 	 896.000000 	 1.000000 
