stroke_id	 x	 y	 time	 is_writing
1.000000 	 356.738767 	 1152.629567 	 0.000000 	 1.000000 
1.000000 	 359.956569 	 1117.053246 	 0.000000 	 1.000000 
1.000000 	 364.151720 	 1067.699671 	 128.000000 	 1.000000 
1.000000 	 368.613238 	 1011.267376 	 128.000000 	 1.000000 
1.000000 	 372.677268 	 955.645188 	 128.000000 	 1.000000 
1.000000 	 375.870048 	 907.209675 	 128.000000 	 1.000000 
1.000000 	 378.146959 	 868.311247 	 256.000000 	 1.000000 
1.000000 	 380.644994 	 833.228307 	 256.000000 	 1.000000 
2.000000 	 378.532814 	 1169.402935 	 512.000000 	 1.000000 
2.000000 	 377.995554 	 1169.913832 	 512.000000 	 1.000000 
2.000000 	 377.919629 	 1170.613550 	 640.000000 	 1.000000 
2.000000 	 379.867861 	 1171.119206 	 640.000000 	 1.000000 
2.000000 	 385.847797 	 1170.740668 	 640.000000 	 1.000000 
2.000000 	 397.494841 	 1168.609967 	 640.000000 	 1.000000 
2.000000 	 415.344088 	 1163.861006 	 768.000000 	 1.000000 
2.000000 	 438.511601 	 1155.751170 	 768.000000 	 1.000000 
2.000000 	 464.824329 	 1143.701954 	 768.000000 	 1.000000 
2.000000 	 491.281190 	 1127.330151 	 768.000000 	 1.000000 
2.000000 	 514.682523 	 1106.539429 	 896.000000 	 1.000000 
2.000000 	 532.260622 	 1081.659988 	 896.000000 	 1.000000 
2.000000 	 542.167257 	 1053.547904 	 896.000000 	 1.000000 
2.000000 	 543.708364 	 1023.608145 	 896.000000 	 1.000000 
2.000000 	 537.114117 	 994.329372 	 1024.000000 	 1.000000 
2.000000 	 523.282938 	 970.200956 	 1024.000000 	 1.000000 
2.000000 	 505.654440 	 954.711316 	 1152.000000 	 1.000000 
