stroke_id	 x	 y	 time	 is_writing
1.000000 	 503.638184 	 867.406614 	 0.000000 	 1.000000 
1.000000 	 503.940859 	 864.219170 	 32.000000 	 1.000000 
1.000000 	 504.766107 	 856.016345 	 48.000000 	 1.000000 
1.000000 	 506.186479 	 842.680017 	 64.000000 	 1.000000 
1.000000 	 508.242569 	 825.562874 	 80.000000 	 1.000000 
1.000000 	 510.835060 	 806.827173 	 96.000000 	 1.000000 
1.000000 	 513.714232 	 788.615345 	 112.000000 	 1.000000 
1.000000 	 516.569495 	 772.472844 	 128.000000 	 1.000000 
1.000000 	 519.368332 	 758.576457 	 144.000000 	 1.000000 
1.000000 	 522.700359 	 746.469397 	 176.000000 	 1.000000 
1.000000 	 526.231516 	 738.195289 	 200.000000 	 1.000000 
1.000000 	 529.513986 	 739.502928 	 216.000000 	 1.000000 
1.000000 	 533.565725 	 753.549456 	 232.000000 	 1.000000 
1.000000 	 539.985557 	 774.837516 	 248.000000 	 1.000000 
1.000000 	 548.904531 	 796.366137 	 264.000000 	 1.000000 
1.000000 	 559.210720 	 813.911363 	 280.000000 	 1.000000 
1.000000 	 569.812923 	 825.896068 	 296.000000 	 1.000000 
1.000000 	 580.143164 	 832.187676 	 312.000000 	 1.000000 
1.000000 	 590.003469 	 833.287545 	 328.000000 	 1.000000 
1.000000 	 599.315146 	 829.998183 	 344.000000 	 1.000000 
1.000000 	 608.024452 	 823.321697 	 360.000000 	 1.000000 
1.000000 	 616.143359 	 814.399446 	 376.000000 	 1.000000 
1.000000 	 623.806635 	 804.410600 	 392.000000 	 1.000000 
1.000000 	 631.256426 	 794.434187 	 408.000000 	 1.000000 
1.000000 	 638.743544 	 785.324632 	 432.000000 	 1.000000 
1.000000 	 646.399955 	 777.644065 	 448.000000 	 1.000000 
2.000000 	 609.030949 	 959.304681 	 712.000000 	 1.000000 
2.000000 	 607.181837 	 958.271476 	 760.000000 	 1.000000 
2.000000 	 608.145586 	 958.045935 	 776.000000 	 1.000000 
2.000000 	 621.101273 	 961.683263 	 792.000000 	 1.000000 
2.000000 	 642.030482 	 967.839879 	 808.000000 	 1.000000 
2.000000 	 662.497714 	 973.912756 	 832.000000 	 1.000000 
2.000000 	 678.969678 	 978.963404 	 848.000000 	 1.000000 
2.000000 	 690.965135 	 983.018208 	 864.000000 	 1.000000 
