stroke_id	 x	 y	 time	 is_writing
1.000000 	 314.576658 	 1303.132713 	 0.000000 	 1.000000 
1.000000 	 324.234658 	 1304.044241 	 21.000000 	 1.000000 
1.000000 	 335.422766 	 1305.025019 	 25.000000 	 1.000000 
1.000000 	 348.117589 	 1306.036772 	 33.000000 	 1.000000 
1.000000 	 362.237864 	 1307.026379 	 50.000000 	 1.000000 
1.000000 	 377.640710 	 1307.919789 	 66.000000 	 1.000000 
1.000000 	 394.117595 	 1308.610627 	 83.000000 	 1.000000 
1.000000 	 411.389329 	 1308.942680 	 100.000000 	 1.000000 
1.000000 	 429.100760 	 1308.687920 	 116.000000 	 1.000000 
1.000000 	 446.817727 	 1307.524959 	 133.000000 	 1.000000 
1.000000 	 464.030521 	 1305.025418 	 150.000000 	 1.000000 
1.000000 	 480.168668 	 1300.656395 	 167.000000 	 1.000000 
1.000000 	 494.630523 	 1293.804939 	 183.000000 	 1.000000 
1.000000 	 506.827969 	 1283.825807 	 200.000000 	 1.000000 
1.000000 	 516.242177 	 1270.108337 	 217.000000 	 1.000000 
1.000000 	 522.482518 	 1252.154996 	 233.000000 	 1.000000 
1.000000 	 525.339145 	 1229.665271 	 250.000000 	 1.000000 
1.000000 	 524.820624 	 1202.620976 	 267.000000 	 1.000000 
1.000000 	 521.169283 	 1171.362562 	 283.000000 	 1.000000 
1.000000 	 514.846779 	 1136.626183 	 300.000000 	 1.000000 
1.000000 	 506.484172 	 1099.497275 	 317.000000 	 1.000000 
1.000000 	 496.799469 	 1061.258183 	 334.000000 	 1.000000 
2.000000 	 592.062388 	 864.656966 	 2418.000000 	 1.000000 
2.000000 	 592.804024 	 865.550447 	 2443.000000 	 1.000000 
2.000000 	 586.498724 	 866.257399 	 2455.000000 	 1.000000 
2.000000 	 571.888814 	 864.893233 	 2472.000000 	 1.000000 
2.000000 	 550.459532 	 861.457405 	 2488.000000 	 1.000000 
2.000000 	 524.227437 	 856.295207 	 2511.000000 	 1.000000 
