stroke_id	 x	 y	 time	 is_writing
1.000000 	 512.400974 	 1156.145206 	 0.000000 	 1.000000 
1.000000 	 511.607023 	 1153.998330 	 64.000000 	 1.000000 
1.000000 	 508.979998 	 1140.892426 	 64.000000 	 1.000000 
1.000000 	 508.339809 	 1112.296097 	 64.000000 	 1.000000 
1.000000 	 509.283366 	 1075.986554 	 128.000000 	 1.000000 
1.000000 	 511.067263 	 1039.889544 	 128.000000 	 1.000000 
1.000000 	 513.408023 	 1009.033548 	 128.000000 	 1.000000 
1.000000 	 516.278023 	 984.921175 	 128.000000 	 1.000000 
1.000000 	 519.886731 	 968.044362 	 192.000000 	 1.000000 
1.000000 	 524.451130 	 959.433282 	 192.000000 	 1.000000 
1.000000 	 529.902809 	 959.648251 	 192.000000 	 1.000000 
1.000000 	 535.891992 	 967.327460 	 192.000000 	 1.000000 
1.000000 	 541.955341 	 978.903606 	 256.000000 	 1.000000 
1.000000 	 547.646942 	 989.539623 	 384.000000 	 1.000000 
1.000000 	 552.624904 	 994.787239 	 448.000000 	 1.000000 
1.000000 	 556.656526 	 992.329458 	 448.000000 	 1.000000 
1.000000 	 559.491240 	 983.038458 	 448.000000 	 1.000000 
1.000000 	 560.854449 	 970.472815 	 512.000000 	 1.000000 
1.000000 	 560.878583 	 958.618803 	 512.000000 	 1.000000 
1.000000 	 560.200237 	 949.547689 	 512.000000 	 1.000000 
1.000000 	 558.754895 	 943.321899 	 512.000000 	 1.000000 
1.000000 	 555.341233 	 939.819780 	 576.000000 	 1.000000 
1.000000 	 549.262788 	 939.523186 	 576.000000 	 1.000000 
1.000000 	 541.098531 	 942.629157 	 576.000000 	 1.000000 
1.000000 	 532.326961 	 948.747397 	 640.000000 	 1.000000 
1.000000 	 525.516930 	 957.379443 	 768.000000 	 1.000000 
1.000000 	 523.892152 	 968.066185 	 832.000000 	 1.000000 
1.000000 	 529.041618 	 979.942003 	 896.000000 	 1.000000 
1.000000 	 539.658647 	 991.785990 	 896.000000 	 1.000000 
1.000000 	 553.047401 	 1002.594386 	 896.000000 	 1.000000 
1.000000 	 566.398730 	 1011.440486 	 896.000000 	 1.000000 
1.000000 	 576.408064 	 1017.192176 	 960.000000 	 1.000000 
1.000000 	 580.296992 	 1019.225686 	 960.000000 	 1.000000 
1.000000 	 577.625944 	 1017.861625 	 1088.000000 	 1.000000 
1.000000 	 569.209503 	 1013.703446 	 1152.000000 	 1.000000 
1.000000 	 556.704413 	 1007.678118 	 1152.000000 	 1.000000 
1.000000 	 560.110982 	 1004.865545 	 1216.000000 	 1.000000 
1.000000 	 570.519646 	 1001.428588 	 1280.000000 	 1.000000 
