stroke_id	 x	 y	 time	 is_writing
1.000000 	 393.567754 	 1200.350690 	 0.000000 	 1.000000 
1.000000 	 410.252593 	 1151.711501 	 76.000000 	 1.000000 
1.000000 	 484.072241 	 1009.184163 	 176.000000 	 1.000000 
1.000000 	 522.750182 	 921.218418 	 256.000000 	 1.000000 
1.000000 	 498.136144 	 893.169896 	 304.000000 	 1.000000 
1.000000 	 445.205498 	 883.963331 	 724.000000 	 1.000000 
1.000000 	 394.716222 	 876.692559 	 800.000000 	 1.000000 
1.000000 	 500.199009 	 1081.819162 	 882.000000 	 1.000000 
