stroke_id	 x	 y	 time	 is_writing
1.000000 	 439.069854 	 1054.801942 	 0.000000 	 1.000000 
1.000000 	 437.573982 	 1054.188445 	 112.000000 	 1.000000 
1.000000 	 435.068749 	 1052.725050 	 144.000000 	 1.000000 
1.000000 	 432.406509 	 1050.345951 	 144.000000 	 1.000000 
1.000000 	 430.083294 	 1047.172625 	 176.000000 	 1.000000 
1.000000 	 428.007045 	 1043.037367 	 192.000000 	 1.000000 
1.000000 	 426.628421 	 1037.729811 	 208.000000 	 1.000000 
1.000000 	 427.527011 	 1032.304490 	 224.000000 	 1.000000 
1.000000 	 432.403427 	 1029.745176 	 240.000000 	 1.000000 
1.000000 	 441.039313 	 1032.508333 	 256.000000 	 1.000000 
1.000000 	 450.559016 	 1040.100676 	 272.000000 	 1.000000 
1.000000 	 457.689602 	 1049.715237 	 288.000000 	 1.000000 
1.000000 	 461.018901 	 1058.424304 	 304.000000 	 1.000000 
1.000000 	 460.968058 	 1064.645630 	 320.000000 	 1.000000 
1.000000 	 458.737421 	 1068.153940 	 336.000000 	 1.000000 
2.000000 	 527.271526 	 1151.231187 	 512.000000 	 1.000000 
2.000000 	 523.363695 	 1146.757595 	 544.000000 	 1.000000 
2.000000 	 517.410422 	 1139.245718 	 576.000000 	 1.000000 
2.000000 	 509.054629 	 1127.929827 	 592.000000 	 1.000000 
2.000000 	 498.250584 	 1112.557988 	 608.000000 	 1.000000 
2.000000 	 485.358303 	 1093.596667 	 624.000000 	 1.000000 
2.000000 	 471.134411 	 1072.247564 	 640.000000 	 1.000000 
2.000000 	 456.631110 	 1050.294230 	 656.000000 	 1.000000 
3.000000 	 608.553696 	 931.234516 	 864.000000 	 1.000000 
3.000000 	 606.395872 	 928.863188 	 912.000000 	 1.000000 
3.000000 	 603.091527 	 925.449403 	 928.000000 	 1.000000 
3.000000 	 598.746082 	 920.923020 	 944.000000 	 1.000000 
3.000000 	 593.767722 	 915.465197 	 960.000000 	 1.000000 
3.000000 	 588.751002 	 909.539640 	 960.000000 	 1.000000 
3.000000 	 584.330498 	 903.773826 	 992.000000 	 1.000000 
3.000000 	 581.045265 	 898.777471 	 1008.000000 	 1.000000 
3.000000 	 579.207950 	 895.005649 	 1024.000000 	 1.000000 
3.000000 	 578.824240 	 892.709170 	 1040.000000 	 1.000000 
3.000000 	 579.619152 	 891.941302 	 1056.000000 	 1.000000 
3.000000 	 581.156918 	 892.574419 	 1088.000000 	 1.000000 
