stroke_id	 x	 y	 time	 is_writing
1.000000 	 526.306864 	 1027.637604 	 0.000000 	 1.000000 
1.000000 	 525.985795 	 1027.563024 	 32.000000 	 1.000000 
1.000000 	 524.908386 	 1027.359485 	 48.000000 	 1.000000 
1.000000 	 526.747359 	 1028.287059 	 64.000000 	 1.000000 
1.000000 	 550.762512 	 1023.191953 	 80.000000 	 1.000000 
1.000000 	 600.396156 	 1005.990406 	 96.000000 	 1.000000 
1.000000 	 652.603289 	 978.564017 	 112.000000 	 1.000000 
1.000000 	 691.203491 	 944.950277 	 128.000000 	 1.000000 
1.000000 	 710.972710 	 909.451374 	 144.000000 	 1.000000 
1.000000 	 715.466247 	 875.081747 	 160.000000 	 1.000000 
1.000000 	 710.117958 	 842.210149 	 176.000000 	 1.000000 
1.000000 	 700.711058 	 805.689480 	 192.000000 	 1.000000 
1.000000 	 691.801612 	 767.732102 	 208.000000 	 1.000000 
1.000000 	 683.407829 	 733.977012 	 224.000000 	 1.000000 
1.000000 	 675.201170 	 704.775332 	 240.000000 	 1.000000 
1.000000 	 667.678284 	 679.464536 	 256.000000 	 1.000000 
1.000000 	 661.434184 	 657.605785 	 272.000000 	 1.000000 
1.000000 	 656.807450 	 638.959979 	 288.000000 	 1.000000 
1.000000 	 653.846032 	 623.349122 	 304.000000 	 1.000000 
