stroke_id	 x	 y	 time	 is_writing
1.000000 	 499.406442 	 672.432392 	 0.000000 	 1.000000 
1.000000 	 499.028113 	 673.222708 	 0.000000 	 1.000000 
1.000000 	 498.834889 	 673.483384 	 64.000000 	 1.000000 
1.000000 	 500.771054 	 670.841082 	 64.000000 	 1.000000 
1.000000 	 504.918689 	 665.229216 	 64.000000 	 1.000000 
1.000000 	 510.566987 	 657.196823 	 64.000000 	 1.000000 
1.000000 	 516.853699 	 647.358492 	 128.000000 	 1.000000 
1.000000 	 522.961542 	 636.356932 	 128.000000 	 1.000000 
1.000000 	 528.230286 	 624.850061 	 128.000000 	 1.000000 
1.000000 	 532.238948 	 613.471130 	 192.000000 	 1.000000 
1.000000 	 534.779760 	 602.911651 	 192.000000 	 1.000000 
1.000000 	 535.738644 	 594.185666 	 192.000000 	 1.000000 
1.000000 	 535.214185 	 588.828400 	 192.000000 	 1.000000 
1.000000 	 533.898618 	 589.181384 	 256.000000 	 1.000000 
1.000000 	 532.522405 	 597.608722 	 256.000000 	 1.000000 
1.000000 	 531.414798 	 613.546016 	 256.000000 	 1.000000 
1.000000 	 532.277705 	 632.784363 	 256.000000 	 1.000000 
1.000000 	 537.778122 	 650.954939 	 320.000000 	 1.000000 
1.000000 	 548.784773 	 665.617089 	 320.000000 	 1.000000 
1.000000 	 563.716159 	 675.971463 	 320.000000 	 1.000000 
