stroke_id	 x	 y	 time	 is_writing
1.000000 	 654.773099 	 1401.762445 	 0.000000 	 1.000000 
1.000000 	 644.693117 	 1397.470010 	 8.000000 	 1.000000 
1.000000 	 631.860410 	 1391.083384 	 40.000000 	 1.000000 
1.000000 	 617.215677 	 1382.090253 	 56.000000 	 1.000000 
1.000000 	 602.466655 	 1370.137838 	 88.000000 	 1.000000 
1.000000 	 589.841318 	 1355.237645 	 104.000000 	 1.000000 
1.000000 	 581.607410 	 1337.973012 	 136.000000 	 1.000000 
1.000000 	 579.486091 	 1319.612655 	 160.000000 	 1.000000 
1.000000 	 584.157330 	 1302.042361 	 192.000000 	 1.000000 
1.000000 	 595.059573 	 1287.450121 	 208.000000 	 1.000000 
1.000000 	 610.543268 	 1277.603834 	 232.000000 	 1.000000 
1.000000 	 628.243662 	 1272.642619 	 264.000000 	 1.000000 
1.000000 	 645.490338 	 1270.091923 	 272.000000 	 1.000000 
1.000000 	 659.634126 	 1265.372473 	 304.000000 	 1.000000 
1.000000 	 668.396819 	 1253.870259 	 320.000000 	 1.000000 
1.000000 	 670.451366 	 1232.907314 	 360.000000 	 1.000000 
1.000000 	 665.924777 	 1202.199186 	 376.000000 	 1.000000 
1.000000 	 656.170616 	 1163.127726 	 408.000000 	 1.000000 
1.000000 	 642.848139 	 1117.980008 	 424.000000 	 1.000000 
1.000000 	 627.195071 	 1069.535779 	 440.000000 	 1.000000 
1.000000 	 610.181064 	 1020.604462 	 456.000000 	 1.000000 
