stroke_id	 x	 y	 time	 is_writing
1.000000 	 737.911309 	 1911.471878 	 0.000000 	 1.000000 
1.000000 	 737.493903 	 1898.462378 	 24.000000 	 1.000000 
1.000000 	 737.224497 	 1876.977414 	 56.000000 	 1.000000 
1.000000 	 737.210321 	 1844.056272 	 72.000000 	 1.000000 
1.000000 	 737.084870 	 1798.346425 	 88.000000 	 1.000000 
1.000000 	 736.228582 	 1740.774271 	 104.000000 	 1.000000 
1.000000 	 734.092372 	 1674.152641 	 136.000000 	 1.000000 
1.000000 	 730.399048 	 1602.296507 	 152.000000 	 1.000000 
1.000000 	 725.259657 	 1528.918168 	 168.000000 	 1.000000 
1.000000 	 719.247277 	 1456.648096 	 192.000000 	 1.000000 
1.000000 	 714.127350 	 1388.478183 	 200.000000 	 1.000000 
1.000000 	 714.717065 	 1332.855292 	 224.000000 	 1.000000 
1.000000 	 725.558079 	 1311.010409 	 256.000000 	 1.000000 
1.000000 	 748.185591 	 1337.781460 	 272.000000 	 1.000000 
1.000000 	 782.905804 	 1389.969092 	 304.000000 	 1.000000 
1.000000 	 824.577638 	 1434.224783 	 320.000000 	 1.000000 
1.000000 	 864.314836 	 1452.017942 	 336.000000 	 1.000000 
1.000000 	 897.403076 	 1445.452535 	 360.000000 	 1.000000 
1.000000 	 926.157018 	 1424.490595 	 392.000000 	 1.000000 
1.000000 	 951.239540 	 1393.476010 	 408.000000 	 1.000000 
1.000000 	 971.016518 	 1355.627482 	 440.000000 	 1.000000 
1.000000 	 984.614464 	 1315.554440 	 456.000000 	 1.000000 
1.000000 	 993.357397 	 1277.822816 	 472.000000 	 1.000000 
1.000000 	 999.615569 	 1244.596050 	 488.000000 	 1.000000 
