stroke_id	 x	 y	 time	 is_writing
1.000000 	 699.380711 	 1074.561012 	 0.000000 	 1.000000 
1.000000 	 699.517597 	 1074.974686 	 32.000000 	 1.000000 
1.000000 	 697.314839 	 1075.338447 	 64.000000 	 1.000000 
1.000000 	 691.122819 	 1075.373500 	 64.000000 	 1.000000 
1.000000 	 680.853931 	 1074.728012 	 96.000000 	 1.000000 
1.000000 	 667.518962 	 1073.163799 	 128.000000 	 1.000000 
1.000000 	 652.405951 	 1070.685963 	 160.000000 	 1.000000 
1.000000 	 636.450029 	 1067.437886 	 160.000000 	 1.000000 
1.000000 	 619.917522 	 1063.341063 	 224.000000 	 1.000000 
1.000000 	 602.581705 	 1057.848460 	 224.000000 	 1.000000 
1.000000 	 584.366525 	 1050.242096 	 256.000000 	 1.000000 
1.000000 	 565.868644 	 1040.075312 	 288.000000 	 1.000000 
1.000000 	 548.523609 	 1026.489143 	 320.000000 	 1.000000 
1.000000 	 534.477425 	 1007.181525 	 320.000000 	 1.000000 
1.000000 	 525.669341 	 980.128810 	 352.000000 	 1.000000 
1.000000 	 522.809442 	 946.684404 	 384.000000 	 1.000000 
1.000000 	 525.767760 	 911.340510 	 384.000000 	 1.000000 
1.000000 	 534.746802 	 878.506306 	 416.000000 	 1.000000 
1.000000 	 550.218082 	 850.417296 	 416.000000 	 1.000000 
1.000000 	 571.547224 	 827.540542 	 448.000000 	 1.000000 
1.000000 	 596.072459 	 809.804705 	 448.000000 	 1.000000 
