stroke_id	 x	 y	 time	 is_writing
1.000000 	 652.893918 	 963.459066 	 0.000000 	 1.000000 
1.000000 	 652.018014 	 963.393397 	 25.000000 	 1.000000 
1.000000 	 643.761477 	 963.875298 	 42.000000 	 1.000000 
1.000000 	 624.135182 	 963.615904 	 59.000000 	 1.000000 
1.000000 	 597.993514 	 960.303755 	 76.000000 	 1.000000 
2.000000 	 454.698392 	 990.330232 	 126.000000 	 1.000000 
2.000000 	 456.696760 	 985.901134 	 142.000000 	 1.000000 
2.000000 	 464.775434 	 977.423445 	 159.000000 	 1.000000 
2.000000 	 480.501696 	 963.244174 	 176.000000 	 1.000000 
2.000000 	 502.671123 	 943.290547 	 193.000000 	 1.000000 
2.000000 	 528.455683 	 918.938942 	 209.000000 	 1.000000 
2.000000 	 553.730658 	 890.622883 	 226.000000 	 1.000000 
2.000000 	 574.400112 	 859.105901 	 243.000000 	 1.000000 
2.000000 	 588.199634 	 826.673663 	 259.000000 	 1.000000 
2.000000 	 594.977014 	 796.082555 	 276.000000 	 1.000000 
2.000000 	 595.799006 	 769.638314 	 293.000000 	 1.000000 
2.000000 	 592.168623 	 749.048410 	 309.000000 	 1.000000 
2.000000 	 585.690519 	 735.582325 	 326.000000 	 1.000000 
2.000000 	 577.958941 	 730.198814 	 343.000000 	 1.000000 
2.000000 	 570.421920 	 733.514134 	 360.000000 	 1.000000 
2.000000 	 564.211238 	 745.631741 	 376.000000 	 1.000000 
2.000000 	 560.158878 	 765.964797 	 393.000000 	 1.000000 
2.000000 	 559.036941 	 793.278315 	 410.000000 	 1.000000 
2.000000 	 561.626669 	 826.023329 	 426.000000 	 1.000000 
2.000000 	 568.351901 	 862.683141 	 443.000000 	 1.000000 
2.000000 	 578.815376 	 901.863376 	 460.000000 	 1.000000 
2.000000 	 591.759772 	 942.144037 	 476.000000 	 1.000000 
