stroke_id	 x	 y	 time	 is_writing
1.000000 	 454.434260 	 875.018243 	 0.000000 	 1.000000 
1.000000 	 470.293210 	 924.594452 	 80.000000 	 1.000000 
1.000000 	 500.564534 	 1015.443121 	 167.000000 	 1.000000 
1.000000 	 534.484194 	 1108.630844 	 251.000000 	 1.000000 
1.000000 	 554.235362 	 1143.607440 	 336.000000 	 1.000000 
1.000000 	 558.336371 	 1088.087384 	 416.000000 	 1.000000 
1.000000 	 558.432507 	 968.676445 	 494.000000 	 1.000000 
