stroke_id	 x	 y	 time	 is_writing
1.000000 	 416.445060 	 986.652131 	 0.000000 	 1.000000 
1.000000 	 415.910964 	 988.210933 	 0.000000 	 1.000000 
1.000000 	 415.433690 	 989.666042 	 64.000000 	 1.000000 
1.000000 	 415.930178 	 988.382053 	 64.000000 	 1.000000 
1.000000 	 418.632238 	 980.662056 	 64.000000 	 1.000000 
1.000000 	 423.993861 	 964.660233 	 128.000000 	 1.000000 
1.000000 	 431.218565 	 941.776081 	 128.000000 	 1.000000 
1.000000 	 438.906891 	 915.227193 	 128.000000 	 1.000000 
1.000000 	 445.904333 	 887.883860 	 192.000000 	 1.000000 
1.000000 	 451.651965 	 861.153950 	 192.000000 	 1.000000 
1.000000 	 456.101952 	 835.105695 	 192.000000 	 1.000000 
1.000000 	 459.497233 	 809.196411 	 192.000000 	 1.000000 
1.000000 	 462.181299 	 782.992934 	 256.000000 	 1.000000 
1.000000 	 464.467142 	 756.590998 	 256.000000 	 1.000000 
1.000000 	 466.557648 	 730.694531 	 320.000000 	 1.000000 
1.000000 	 468.524470 	 706.404307 	 320.000000 	 1.000000 
2.000000 	 469.466839 	 977.852562 	 512.000000 	 1.000000 
2.000000 	 472.514779 	 976.401032 	 576.000000 	 1.000000 
2.000000 	 479.926078 	 972.887260 	 576.000000 	 1.000000 
2.000000 	 490.194004 	 968.159229 	 576.000000 	 1.000000 
2.000000 	 501.880209 	 963.294683 	 576.000000 	 1.000000 
2.000000 	 515.368728 	 958.730290 	 640.000000 	 1.000000 
2.000000 	 531.860993 	 954.441601 	 640.000000 	 1.000000 
2.000000 	 551.701223 	 950.374977 	 640.000000 	 1.000000 
2.000000 	 573.629355 	 946.646181 	 640.000000 	 1.000000 
3.000000 	 629.549178 	 1142.992271 	 896.000000 	 1.000000 
3.000000 	 629.770527 	 1138.713374 	 896.000000 	 1.000000 
3.000000 	 630.306774 	 1129.010273 	 960.000000 	 1.000000 
3.000000 	 631.048070 	 1114.477765 	 960.000000 	 1.000000 
3.000000 	 631.749540 	 1097.381779 	 960.000000 	 1.000000 
3.000000 	 632.155573 	 1080.440958 	 960.000000 	 1.000000 
3.000000 	 632.163930 	 1065.221423 	 1024.000000 	 1.000000 
3.000000 	 631.915902 	 1051.163359 	 1024.000000 	 1.000000 
3.000000 	 631.741705 	 1035.935378 	 1088.000000 	 1.000000 
3.000000 	 632.005784 	 1016.780477 	 1088.000000 	 1.000000 
