stroke_id	 x	 y	 time	 is_writing
1.000000 	 487.648903 	 1296.201137 	 0.000000 	 1.000000 
1.000000 	 485.502024 	 1289.009062 	 64.000000 	 1.000000 
1.000000 	 482.469062 	 1279.479815 	 64.000000 	 1.000000 
1.000000 	 478.196775 	 1266.939104 	 64.000000 	 1.000000 
1.000000 	 472.591001 	 1250.844758 	 64.000000 	 1.000000 
1.000000 	 466.004819 	 1230.931604 	 128.000000 	 1.000000 
1.000000 	 459.230625 	 1207.258416 	 128.000000 	 1.000000 
1.000000 	 453.288336 	 1180.273307 	 192.000000 	 1.000000 
1.000000 	 449.111728 	 1151.028774 	 192.000000 	 1.000000 
1.000000 	 447.278869 	 1121.480478 	 192.000000 	 1.000000 
1.000000 	 447.907163 	 1094.602595 	 256.000000 	 1.000000 
1.000000 	 450.740217 	 1074.066911 	 256.000000 	 1.000000 
1.000000 	 455.334541 	 1063.469109 	 256.000000 	 1.000000 
1.000000 	 461.211615 	 1065.372043 	 256.000000 	 1.000000 
1.000000 	 467.917640 	 1080.568251 	 320.000000 	 1.000000 
1.000000 	 474.959021 	 1107.742674 	 320.000000 	 1.000000 
1.000000 	 480.242231 	 1141.336637 	 320.000000 	 1.000000 
1.000000 	 480.187514 	 1171.264836 	 320.000000 	 1.000000 
1.000000 	 477.615374 	 1195.162663 	 384.000000 	 1.000000 
