stroke_id	 x	 y	 time	 is_writing
1.000000 	 325.937002 	 1338.963188 	 0.000000 	 1.000000 
1.000000 	 331.182624 	 1341.399563 	 12.000000 	 1.000000 
1.000000 	 337.469716 	 1344.412266 	 29.000000 	 1.000000 
1.000000 	 344.906087 	 1347.820395 	 45.000000 	 1.000000 
1.000000 	 353.383012 	 1351.095725 	 62.000000 	 1.000000 
1.000000 	 362.476213 	 1353.415224 	 78.000000 	 1.000000 
1.000000 	 371.468111 	 1353.794402 	 95.000000 	 1.000000 
1.000000 	 379.472683 	 1351.234406 	 112.000000 	 1.000000 
1.000000 	 385.605299 	 1344.854895 	 129.000000 	 1.000000 
1.000000 	 389.146446 	 1334.008762 	 145.000000 	 1.000000 
1.000000 	 389.667943 	 1318.375177 	 162.000000 	 1.000000 
1.000000 	 387.105870 	 1298.021583 	 178.000000 	 1.000000 
1.000000 	 381.772544 	 1273.420921 	 195.000000 	 1.000000 
1.000000 	 374.303460 	 1245.409142 	 212.000000 	 1.000000 
1.000000 	 365.543085 	 1215.077102 	 228.000000 	 1.000000 
1.000000 	 356.392807 	 1183.614800 	 245.000000 	 1.000000 
1.000000 	 347.669316 	 1152.154986 	 261.000000 	 1.000000 
1.000000 	 340.036100 	 1121.682882 	 278.000000 	 1.000000 
1.000000 	 334.026503 	 1093.055604 	 295.000000 	 1.000000 
1.000000 	 330.030263 	 1067.083680 	 311.000000 	 1.000000 
1.000000 	 328.249306 	 1044.681936 	 328.000000 	 1.000000 
1.000000 	 333.503957 	 1031.390503 	 344.000000 	 1.000000 
1.000000 	 343.576831 	 1033.052667 	 361.000000 	 1.000000 
1.000000 	 346.995065 	 1043.246997 	 378.000000 	 1.000000 
1.000000 	 343.609783 	 1054.268792 	 394.000000 	 1.000000 
1.000000 	 338.023789 	 1064.751507 	 411.000000 	 1.000000 
1.000000 	 333.189077 	 1076.485183 	 427.000000 	 1.000000 
1.000000 	 330.216957 	 1091.139302 	 444.000000 	 1.000000 
1.000000 	 329.333386 	 1109.294768 	 460.000000 	 1.000000 
