stroke_id	 x	 y	 time	 is_writing
1.000000 	 662.594706 	 1245.834878 	 0.000000 	 1.000000 
1.000000 	 661.179667 	 1246.557891 	 32.000000 	 1.000000 
1.000000 	 659.130008 	 1247.646622 	 64.000000 	 1.000000 
1.000000 	 655.918755 	 1248.751064 	 96.000000 	 1.000000 
1.000000 	 647.863046 	 1247.170946 	 96.000000 	 1.000000 
1.000000 	 628.270632 	 1237.420995 	 128.000000 	 1.000000 
1.000000 	 593.760554 	 1214.124276 	 128.000000 	 1.000000 
1.000000 	 547.992244 	 1174.304320 	 160.000000 	 1.000000 
1.000000 	 499.370231 	 1118.514129 	 160.000000 	 1.000000 
1.000000 	 456.396911 	 1050.848541 	 192.000000 	 1.000000 
1.000000 	 424.295468 	 976.309812 	 192.000000 	 1.000000 
1.000000 	 404.285661 	 896.100050 	 224.000000 	 1.000000 
1.000000 	 396.141375 	 811.382944 	 224.000000 	 1.000000 
1.000000 	 399.904861 	 727.354145 	 256.000000 	 1.000000 
1.000000 	 414.217162 	 650.557381 	 256.000000 	 1.000000 
1.000000 	 437.355278 	 584.834954 	 288.000000 	 1.000000 
1.000000 	 470.394238 	 530.125611 	 288.000000 	 1.000000 
1.000000 	 511.505126 	 486.306813 	 320.000000 	 1.000000 
1.000000 	 554.211932 	 454.509412 	 320.000000 	 1.000000 
1.000000 	 596.218075 	 441.413050 	 352.000000 	 1.000000 
1.000000 	 639.125695 	 453.921933 	 352.000000 	 1.000000 
1.000000 	 680.568466 	 487.899070 	 384.000000 	 1.000000 
1.000000 	 717.186388 	 534.916787 	 384.000000 	 1.000000 
1.000000 	 746.941073 	 587.384153 	 416.000000 	 1.000000 
1.000000 	 769.151788 	 639.974218 	 448.000000 	 1.000000 
1.000000 	 785.566582 	 693.785422 	 448.000000 	 1.000000 
1.000000 	 800.307094 	 760.784529 	 480.000000 	 1.000000 
1.000000 	 809.285740 	 838.777964 	 480.000000 	 1.000000 
1.000000 	 807.646593 	 918.941035 	 512.000000 	 1.000000 
1.000000 	 794.987830 	 993.526682 	 512.000000 	 1.000000 
1.000000 	 774.104600 	 1057.809321 	 544.000000 	 1.000000 
1.000000 	 748.706328 	 1109.998158 	 544.000000 	 1.000000 
1.000000 	 721.972438 	 1150.298682 	 576.000000 	 1.000000 
1.000000 	 695.983610 	 1179.943673 	 576.000000 	 1.000000 
1.000000 	 671.711501 	 1200.588300 	 608.000000 	 1.000000 
1.000000 	 649.476252 	 1214.109813 	 608.000000 	 1.000000 
1.000000 	 631.694948 	 1223.298175 	 640.000000 	 1.000000 
1.000000 	 620.243120 	 1230.467460 	 672.000000 	 1.000000 
1.000000 	 613.275680 	 1236.098638 	 704.000000 	 1.000000 
