stroke_id	 x	 y	 time	 is_writing
1.000000 	 401.745482 	 817.123713 	 0.000000 	 1.000000 
1.000000 	 405.400365 	 821.609588 	 16.000000 	 1.000000 
1.000000 	 412.750083 	 830.833778 	 48.000000 	 1.000000 
1.000000 	 424.993205 	 846.839472 	 64.000000 	 1.000000 
1.000000 	 442.199048 	 870.828450 	 112.000000 	 1.000000 
1.000000 	 462.929471 	 902.436417 	 128.000000 	 1.000000 
1.000000 	 484.681287 	 939.524266 	 160.000000 	 1.000000 
1.000000 	 504.882536 	 978.317595 	 176.000000 	 1.000000 
1.000000 	 521.701552 	 1010.220932 	 208.000000 	 1.000000 
1.000000 	 534.318128 	 1018.930275 	 224.000000 	 1.000000 
1.000000 	 543.084555 	 993.951829 	 256.000000 	 1.000000 
1.000000 	 549.212926 	 941.209353 	 272.000000 	 1.000000 
1.000000 	 553.822525 	 875.733164 	 304.000000 	 1.000000 
1.000000 	 557.454086 	 810.844592 	 320.000000 	 1.000000 
1.000000 	 560.395086 	 754.029688 	 368.000000 	 1.000000 
1.000000 	 563.006015 	 708.004753 	 384.000000 	 1.000000 
1.000000 	 565.552554 	 672.864687 	 432.000000 	 1.000000 
1.000000 	 567.979697 	 647.422452 	 448.000000 	 1.000000 
