stroke_id	 x	 y	 time	 is_writing
1.000000 	 589.395386 	 1008.217012 	 0.000000 	 1.000000 
1.000000 	 589.217734 	 1008.107189 	 32.000000 	 1.000000 
1.000000 	 588.749466 	 1007.824304 	 32.000000 	 1.000000 
1.000000 	 586.479867 	 1006.814834 	 64.000000 	 1.000000 
1.000000 	 577.176166 	 1003.294594 	 64.000000 	 1.000000 
1.000000 	 554.739711 	 994.889101 	 96.000000 	 1.000000 
1.000000 	 518.734432 	 980.464142 	 96.000000 	 1.000000 
1.000000 	 475.122728 	 961.045864 	 128.000000 	 1.000000 
1.000000 	 431.784694 	 939.149417 	 128.000000 	 1.000000 
1.000000 	 396.039614 	 915.451208 	 160.000000 	 1.000000 
1.000000 	 374.569747 	 886.762822 	 160.000000 	 1.000000 
1.000000 	 370.819650 	 851.316672 	 192.000000 	 1.000000 
1.000000 	 383.875876 	 811.987253 	 192.000000 	 1.000000 
1.000000 	 409.791204 	 773.706679 	 224.000000 	 1.000000 
1.000000 	 443.484947 	 740.067008 	 224.000000 	 1.000000 
1.000000 	 480.295645 	 712.030011 	 256.000000 	 1.000000 
1.000000 	 516.678359 	 688.430716 	 256.000000 	 1.000000 
1.000000 	 550.106513 	 667.132612 	 288.000000 	 1.000000 
1.000000 	 578.699714 	 646.029747 	 288.000000 	 1.000000 
1.000000 	 601.026864 	 623.513452 	 320.000000 	 1.000000 
1.000000 	 616.034564 	 598.442208 	 320.000000 	 1.000000 
1.000000 	 622.799659 	 570.142002 	 352.000000 	 1.000000 
1.000000 	 620.470339 	 538.872706 	 384.000000 	 1.000000 
1.000000 	 608.869334 	 506.084596 	 384.000000 	 1.000000 
1.000000 	 588.994450 	 473.856684 	 416.000000 	 1.000000 
1.000000 	 562.878126 	 444.852315 	 416.000000 	 1.000000 
1.000000 	 533.447261 	 423.179413 	 448.000000 	 1.000000 
1.000000 	 504.392233 	 410.608865 	 448.000000 	 1.000000 
1.000000 	 478.267284 	 403.561160 	 480.000000 	 1.000000 
