stroke_id	 x	 y	 time	 is_writing
1.000000 	 465.026504 	 1008.447073 	 0.000000 	 1.000000 
1.000000 	 462.066294 	 994.586821 	 0.000000 	 1.000000 
1.000000 	 460.961383 	 973.095672 	 0.000000 	 1.000000 
1.000000 	 464.708670 	 951.401130 	 128.000000 	 1.000000 
1.000000 	 472.298113 	 935.001081 	 128.000000 	 1.000000 
1.000000 	 481.930264 	 925.699073 	 128.000000 	 1.000000 
1.000000 	 492.470349 	 923.054033 	 128.000000 	 1.000000 
1.000000 	 503.258821 	 925.633316 	 256.000000 	 1.000000 
1.000000 	 513.899512 	 931.716545 	 256.000000 	 1.000000 
1.000000 	 524.198606 	 939.678181 	 256.000000 	 1.000000 
1.000000 	 534.134994 	 948.127147 	 256.000000 	 1.000000 
1.000000 	 543.815390 	 955.938919 	 384.000000 	 1.000000 
1.000000 	 553.404983 	 962.285205 	 384.000000 	 1.000000 
1.000000 	 563.045632 	 966.675602 	 384.000000 	 1.000000 
1.000000 	 572.776641 	 968.981935 	 384.000000 	 1.000000 
1.000000 	 582.448098 	 969.437337 	 512.000000 	 1.000000 
