stroke_id	 x	 y	 time	 is_writing
1.000000 	 474.122398 	 709.292402 	 64.000000 	 1.000000 
1.000000 	 468.574453 	 709.261522 	 88.000000 	 1.000000 
1.000000 	 461.973929 	 709.328063 	 96.000000 	 1.000000 
1.000000 	 454.072544 	 709.537402 	 120.000000 	 1.000000 
1.000000 	 444.839392 	 709.664829 	 136.000000 	 1.000000 
1.000000 	 434.497111 	 709.213398 	 152.000000 	 1.000000 
1.000000 	 423.442620 	 707.567875 	 168.000000 	 1.000000 
1.000000 	 412.141463 	 704.195025 	 184.000000 	 1.000000 
1.000000 	 401.004427 	 698.857018 	 200.000000 	 1.000000 
1.000000 	 389.061881 	 693.214299 	 224.000000 	 1.000000 
1.000000 	 375.308498 	 687.488071 	 240.000000 	 1.000000 
1.000000 	 360.689217 	 679.222557 	 256.000000 	 1.000000 
1.000000 	 347.148440 	 667.197311 	 272.000000 	 1.000000 
1.000000 	 336.430019 	 651.873890 	 288.000000 	 1.000000 
1.000000 	 329.463856 	 634.497584 	 304.000000 	 1.000000 
1.000000 	 326.455775 	 616.377247 	 320.000000 	 1.000000 
1.000000 	 327.187981 	 598.604623 	 336.000000 	 1.000000 
1.000000 	 331.249690 	 582.028317 	 352.000000 	 1.000000 
1.000000 	 338.156487 	 567.305355 	 368.000000 	 1.000000 
1.000000 	 347.397257 	 554.949189 	 384.000000 	 1.000000 
1.000000 	 358.448303 	 545.353878 	 400.000000 	 1.000000 
1.000000 	 370.777872 	 538.798056 	 424.000000 	 1.000000 
1.000000 	 383.851296 	 535.437690 	 440.000000 	 1.000000 
1.000000 	 397.139599 	 535.295639 	 456.000000 	 1.000000 
1.000000 	 410.131391 	 538.253943 	 472.000000 	 1.000000 
1.000000 	 422.347341 	 544.053436 	 488.000000 	 1.000000 
1.000000 	 433.357240 	 552.304416 	 504.000000 	 1.000000 
1.000000 	 442.800022 	 562.510730 	 520.000000 	 1.000000 
1.000000 	 450.406130 	 574.106895 	 536.000000 	 1.000000 
1.000000 	 456.019120 	 586.504451 	 552.000000 	 1.000000 
1.000000 	 459.610823 	 599.141049 	 568.000000 	 1.000000 
1.000000 	 461.283546 	 611.524857 	 592.000000 	 1.000000 
1.000000 	 461.255120 	 623.267753 	 608.000000 	 1.000000 
