stroke_id	 x	 y	 time	 is_writing
1.000000 	 463.032524 	 1201.600383 	 0.000000 	 1.000000 
1.000000 	 462.975460 	 1201.501996 	 64.000000 	 1.000000 
1.000000 	 462.344364 	 1200.412241 	 80.000000 	 1.000000 
1.000000 	 459.670788 	 1195.762038 	 96.000000 	 1.000000 
1.000000 	 453.237488 	 1184.342465 	 112.000000 	 1.000000 
1.000000 	 442.460932 	 1164.432292 	 128.000000 	 1.000000 
1.000000 	 428.344222 	 1136.683023 	 144.000000 	 1.000000 
1.000000 	 412.768509 	 1103.460534 	 168.000000 	 1.000000 
1.000000 	 397.494249 	 1067.611437 	 184.000000 	 1.000000 
1.000000 	 383.612430 	 1031.534189 	 200.000000 	 1.000000 
1.000000 	 371.578150 	 996.895433 	 216.000000 	 1.000000 
1.000000 	 361.513605 	 964.792229 	 232.000000 	 1.000000 
1.000000 	 353.728468 	 936.060221 	 248.000000 	 1.000000 
1.000000 	 352.934027 	 912.409509 	 264.000000 	 1.000000 
1.000000 	 367.202994 	 896.041040 	 280.000000 	 1.000000 
1.000000 	 396.632320 	 886.628907 	 296.000000 	 1.000000 
1.000000 	 434.682502 	 881.947907 	 312.000000 	 1.000000 
1.000000 	 474.388421 	 879.840233 	 336.000000 	 1.000000 
1.000000 	 511.114720 	 878.955274 	 352.000000 	 1.000000 
1.000000 	 542.618308 	 878.627854 	 368.000000 	 1.000000 
1.000000 	 568.272065 	 878.581281 	 384.000000 	 1.000000 
1.000000 	 588.328140 	 878.708523 	 400.000000 	 1.000000 
1.000000 	 603.438367 	 878.950107 	 408.000000 	 1.000000 
2.000000 	 638.799072 	 1069.472356 	 624.000000 	 1.000000 
2.000000 	 637.433522 	 1064.149622 	 656.000000 	 1.000000 
2.000000 	 635.761306 	 1057.405550 	 664.000000 	 1.000000 
2.000000 	 633.748898 	 1049.003199 	 680.000000 	 1.000000 
2.000000 	 631.380299 	 1038.768703 	 696.000000 	 1.000000 
2.000000 	 628.665884 	 1026.618245 	 720.000000 	 1.000000 
2.000000 	 625.645996 	 1012.567312 	 736.000000 	 1.000000 
2.000000 	 622.388411 	 996.727090 	 752.000000 	 1.000000 
2.000000 	 618.981335 	 979.295085 	 768.000000 	 1.000000 
2.000000 	 615.524426 	 960.544290 	 784.000000 	 1.000000 
2.000000 	 612.119682 	 940.810782 	 800.000000 	 1.000000 
2.000000 	 608.862917 	 920.476618 	 816.000000 	 1.000000 
2.000000 	 605.835958 	 899.945331 	 832.000000 	 1.000000 
2.000000 	 603.099892 	 879.610848 	 848.000000 	 1.000000 
2.000000 	 600.690425 	 859.824871 	 856.000000 	 1.000000 
2.000000 	 598.616830 	 840.869987 	 888.000000 	 1.000000 
