stroke_id	 x	 y	 time	 is_writing
1.000000 	 609.504117 	 1309.433129 	 0.000000 	 1.000000 
1.000000 	 609.325055 	 1305.828616 	 64.000000 	 1.000000 
1.000000 	 609.169589 	 1301.301511 	 64.000000 	 1.000000 
1.000000 	 609.060847 	 1295.796009 	 64.000000 	 1.000000 
1.000000 	 609.366394 	 1290.920446 	 128.000000 	 1.000000 
1.000000 	 610.071255 	 1285.335878 	 192.000000 	 1.000000 
2.000000 	 559.239321 	 1027.759108 	 256.000000 	 1.000000 
2.000000 	 564.854168 	 1028.068964 	 320.000000 	 1.000000 
2.000000 	 573.404197 	 1028.602172 	 320.000000 	 1.000000 
2.000000 	 584.289717 	 1029.479308 	 320.000000 	 1.000000 
2.000000 	 595.936166 	 1030.838694 	 320.000000 	 1.000000 
2.000000 	 606.270045 	 1032.796040 	 384.000000 	 1.000000 
2.000000 	 613.474859 	 1035.383226 	 384.000000 	 1.000000 
2.000000 	 616.565921 	 1038.520650 	 448.000000 	 1.000000 
2.000000 	 615.592089 	 1042.221378 	 512.000000 	 1.000000 
2.000000 	 612.746943 	 1046.900178 	 512.000000 	 1.000000 
2.000000 	 612.528172 	 1050.990657 	 576.000000 	 1.000000 
2.000000 	 615.317785 	 1049.790638 	 576.000000 	 1.000000 
2.000000 	 616.491746 	 1043.030057 	 576.000000 	 1.000000 
2.000000 	 614.391090 	 1033.653951 	 576.000000 	 1.000000 
2.000000 	 609.233509 	 1022.435443 	 640.000000 	 1.000000 
2.000000 	 600.818045 	 1009.969181 	 704.000000 	 1.000000 
2.000000 	 589.841464 	 998.239042 	 704.000000 	 1.000000 
2.000000 	 578.342759 	 989.327187 	 768.000000 	 1.000000 
2.000000 	 568.988979 	 984.725883 	 832.000000 	 1.000000 
2.000000 	 565.138892 	 987.246807 	 832.000000 	 1.000000 
2.000000 	 570.357129 	 1001.080160 	 832.000000 	 1.000000 
