stroke_id	 x	 y	 time	 is_writing
1.000000 	 404.527526 	 1301.802557 	 32.000000 	 1.000000 
1.000000 	 406.838402 	 1303.256553 	 48.000000 	 1.000000 
1.000000 	 414.833698 	 1311.812593 	 64.000000 	 1.000000 
1.000000 	 431.073920 	 1326.802780 	 80.000000 	 1.000000 
1.000000 	 455.675493 	 1342.860928 	 96.000000 	 1.000000 
1.000000 	 485.192810 	 1355.307039 	 112.000000 	 1.000000 
1.000000 	 516.578752 	 1362.401268 	 128.000000 	 1.000000 
1.000000 	 548.756719 	 1362.558464 	 144.000000 	 1.000000 
1.000000 	 579.203032 	 1355.990615 	 160.000000 	 1.000000 
1.000000 	 606.435328 	 1343.950195 	 176.000000 	 1.000000 
1.000000 	 629.910549 	 1327.666015 	 192.000000 	 1.000000 
1.000000 	 649.457195 	 1308.137981 	 208.000000 	 1.000000 
1.000000 	 664.918225 	 1286.208189 	 224.000000 	 1.000000 
1.000000 	 676.034633 	 1262.629825 	 240.000000 	 1.000000 
1.000000 	 682.520378 	 1238.082382 	 256.000000 	 1.000000 
1.000000 	 684.236188 	 1213.167144 	 272.000000 	 1.000000 
1.000000 	 681.350961 	 1188.426219 	 288.000000 	 1.000000 
2.000000 	 488.346294 	 956.178728 	 336.000000 	 1.000000 
2.000000 	 484.984816 	 955.356298 	 352.000000 	 1.000000 
2.000000 	 481.906148 	 954.901594 	 368.000000 	 1.000000 
2.000000 	 482.776098 	 957.173288 	 384.000000 	 1.000000 
2.000000 	 490.382886 	 962.188237 	 400.000000 	 1.000000 
2.000000 	 505.634997 	 967.079331 	 416.000000 	 1.000000 
2.000000 	 527.603242 	 968.439668 	 432.000000 	 1.000000 
2.000000 	 553.943974 	 964.949342 	 448.000000 	 1.000000 
2.000000 	 581.942606 	 956.604873 	 464.000000 	 1.000000 
2.000000 	 609.276103 	 943.032824 	 480.000000 	 1.000000 
2.000000 	 633.822511 	 924.022656 	 496.000000 	 1.000000 
2.000000 	 653.700622 	 900.287370 	 512.000000 	 1.000000 
2.000000 	 667.743424 	 873.335146 	 528.000000 	 1.000000 
2.000000 	 675.666989 	 844.862204 	 544.000000 	 1.000000 
2.000000 	 677.831709 	 816.300188 	 560.000000 	 1.000000 
2.000000 	 674.903873 	 788.684692 	 576.000000 	 1.000000 
2.000000 	 667.617632 	 762.718672 	 592.000000 	 1.000000 
2.000000 	 656.667342 	 738.888236 	 608.000000 	 1.000000 
2.000000 	 642.688198 	 717.558047 	 624.000000 	 1.000000 
2.000000 	 625.441904 	 700.497860 	 640.000000 	 1.000000 
2.000000 	 603.844962 	 689.934309 	 656.000000 	 1.000000 
2.000000 	 580.418132 	 682.095947 	 672.000000 	 1.000000 
