stroke_id	 x	 y	 time	 is_writing
1.000000 	 442.063687 	 1242.420333 	 0.000000 	 1.000000 
1.000000 	 435.799560 	 1240.111183 	 128.000000 	 1.000000 
1.000000 	 428.314186 	 1234.491667 	 128.000000 	 1.000000 
1.000000 	 424.915215 	 1227.274986 	 128.000000 	 1.000000 
1.000000 	 428.877828 	 1221.628919 	 128.000000 	 1.000000 
1.000000 	 441.812661 	 1218.902925 	 192.000000 	 1.000000 
1.000000 	 463.760503 	 1218.041498 	 192.000000 	 1.000000 
1.000000 	 492.404864 	 1215.986797 	 192.000000 	 1.000000 
1.000000 	 523.309836 	 1208.443694 	 192.000000 	 1.000000 
1.000000 	 551.094043 	 1191.289097 	 256.000000 	 1.000000 
1.000000 	 570.775437 	 1162.188767 	 256.000000 	 1.000000 
1.000000 	 578.990643 	 1121.491483 	 256.000000 	 1.000000 
1.000000 	 574.479330 	 1068.409602 	 256.000000 	 1.000000 
1.000000 	 556.192846 	 1004.978730 	 320.000000 	 1.000000 
1.000000 	 530.828295 	 947.303246 	 320.000000 	 1.000000 
1.000000 	 511.478107 	 901.129919 	 320.000000 	 1.000000 
1.000000 	 505.477191 	 864.581799 	 320.000000 	 1.000000 
1.000000 	 514.438971 	 835.176789 	 384.000000 	 1.000000 
1.000000 	 535.862676 	 811.569457 	 384.000000 	 1.000000 
1.000000 	 565.212003 	 793.572940 	 384.000000 	 1.000000 
1.000000 	 597.608608 	 781.205953 	 384.000000 	 1.000000 
1.000000 	 628.825088 	 773.976322 	 448.000000 	 1.000000 
1.000000 	 655.938143 	 770.768368 	 576.000000 	 1.000000 
2.000000 	 318.900510 	 918.967181 	 640.000000 	 1.000000 
2.000000 	 335.777130 	 918.486214 	 640.000000 	 1.000000 
2.000000 	 358.453112 	 917.883324 	 704.000000 	 1.000000 
2.000000 	 385.919773 	 917.203727 	 704.000000 	 1.000000 
