stroke_id	 x	 y	 time	 is_writing
1.000000 	 555.328277 	 1039.570905 	 0.000000 	 1.000000 
1.000000 	 568.443929 	 1056.654818 	 16.000000 	 1.000000 
1.000000 	 589.362326 	 1082.020368 	 52.000000 	 1.000000 
1.000000 	 617.679884 	 1111.807474 	 84.000000 	 1.000000 
1.000000 	 650.228893 	 1139.473351 	 124.000000 	 1.000000 
1.000000 	 682.339351 	 1158.886420 	 324.000000 	 1.000000 
1.000000 	 709.787721 	 1166.484537 	 332.000000 	 1.000000 
1.000000 	 730.104039 	 1161.746895 	 364.000000 	 1.000000 
1.000000 	 743.016620 	 1146.721752 	 380.000000 	 1.000000 
1.000000 	 751.764221 	 1128.342997 	 416.000000 	 1.000000 
1.000000 	 756.692380 	 1114.469634 	 432.000000 	 1.000000 
1.000000 	 750.806100 	 1103.514420 	 464.000000 	 1.000000 
1.000000 	 732.654902 	 1088.064752 	 480.000000 	 1.000000 
1.000000 	 708.187652 	 1065.981233 	 516.000000 	 1.000000 
1.000000 	 683.366202 	 1040.966020 	 532.000000 	 1.000000 
1.000000 	 661.887783 	 1016.596286 	 564.000000 	 1.000000 
1.000000 	 646.168788 	 994.382865 	 580.000000 	 1.000000 
1.000000 	 637.237366 	 975.348948 	 612.000000 	 1.000000 
1.000000 	 634.426075 	 960.570428 	 628.000000 	 1.000000 
1.000000 	 636.133021 	 950.440173 	 664.000000 	 1.000000 
1.000000 	 640.427646 	 944.458957 	 688.000000 	 1.000000 
2.000000 	 763.749401 	 1371.702776 	 1104.000000 	 1.000000 
2.000000 	 762.323792 	 1370.880342 	 1132.000000 	 1.000000 
2.000000 	 757.254916 	 1367.419497 	 1164.000000 	 1.000000 
2.000000 	 751.071139 	 1359.665275 	 1216.000000 	 1.000000 
2.000000 	 750.653412 	 1350.610848 	 1252.000000 	 1.000000 
2.000000 	 760.326109 	 1345.365241 	 1304.000000 	 1.000000 
2.000000 	 779.344591 	 1346.324104 	 1324.000000 	 1.000000 
2.000000 	 801.370786 	 1352.495554 	 1352.000000 	 1.000000 
