stroke_id	 x	 y	 time	 is_writing
1.000000 	 492.253637 	 1130.303205 	 24.000000 	 1.000000 
1.000000 	 492.093477 	 1128.588501 	 40.000000 	 1.000000 
1.000000 	 490.644548 	 1113.780819 	 56.000000 	 1.000000 
1.000000 	 487.154641 	 1077.239900 	 76.000000 	 1.000000 
1.000000 	 482.274529 	 1023.177976 	 92.000000 	 1.000000 
1.000000 	 477.098190 	 960.588659 	 108.000000 	 1.000000 
1.000000 	 472.471372 	 897.133881 	 124.000000 	 1.000000 
1.000000 	 468.687339 	 837.421691 	 144.000000 	 1.000000 
1.000000 	 464.365849 	 781.960213 	 160.000000 	 1.000000 
1.000000 	 458.289692 	 728.340478 	 176.000000 	 1.000000 
1.000000 	 453.590004 	 675.111246 	 192.000000 	 1.000000 
1.000000 	 455.421391 	 624.257293 	 208.000000 	 1.000000 
1.000000 	 465.778486 	 580.069782 	 224.000000 	 1.000000 
1.000000 	 482.657528 	 545.511585 	 240.000000 	 1.000000 
1.000000 	 502.812976 	 520.648678 	 256.000000 	 1.000000 
1.000000 	 523.909729 	 503.718740 	 276.000000 	 1.000000 
1.000000 	 544.874739 	 492.599274 	 292.000000 	 1.000000 
1.000000 	 565.418551 	 485.544669 	 308.000000 	 1.000000 
1.000000 	 585.549781 	 481.318546 	 324.000000 	 1.000000 
1.000000 	 605.306343 	 479.087730 	 340.000000 	 1.000000 
1.000000 	 624.657587 	 478.285255 	 360.000000 	 1.000000 
1.000000 	 643.494934 	 478.508204 	 376.000000 	 1.000000 
