stroke_id	 x	 y	 time	 is_writing
1.000000 	 534.345103 	 1089.908424 	 0.000000 	 1.000000 
1.000000 	 537.761429 	 1080.101041 	 12.000000 	 1.000000 
1.000000 	 541.249969 	 1044.553469 	 56.000000 	 1.000000 
1.000000 	 550.148704 	 984.137680 	 88.000000 	 1.000000 
1.000000 	 570.021339 	 918.337326 	 120.000000 	 1.000000 
1.000000 	 603.436122 	 874.012496 	 138.000000 	 1.000000 
1.000000 	 638.729585 	 852.551561 	 172.000000 	 1.000000 
1.000000 	 675.409232 	 850.064181 	 188.000000 	 1.000000 
1.000000 	 709.834882 	 867.947496 	 222.000000 	 1.000000 
