stroke_id	 x	 y	 time	 is_writing
1.000000 	 237.779531 	 1155.190255 	 0.000000 	 1.000000 
1.000000 	 235.296027 	 1160.495204 	 32.000000 	 1.000000 
1.000000 	 233.313689 	 1169.207519 	 64.000000 	 1.000000 
1.000000 	 233.151671 	 1182.307078 	 96.000000 	 1.000000 
1.000000 	 236.345137 	 1200.459688 	 96.000000 	 1.000000 
1.000000 	 244.359151 	 1223.668527 	 128.000000 	 1.000000 
1.000000 	 258.340677 	 1250.985046 	 128.000000 	 1.000000 
1.000000 	 278.954603 	 1280.397711 	 160.000000 	 1.000000 
1.000000 	 306.292788 	 1308.945092 	 160.000000 	 1.000000 
1.000000 	 339.819848 	 1333.047316 	 192.000000 	 1.000000 
1.000000 	 378.344176 	 1349.024012 	 192.000000 	 1.000000 
1.000000 	 420.050115 	 1353.712515 	 224.000000 	 1.000000 
1.000000 	 462.636718 	 1345.012052 	 224.000000 	 1.000000 
1.000000 	 503.559555 	 1322.154627 	 256.000000 	 1.000000 
1.000000 	 540.322747 	 1285.632222 	 256.000000 	 1.000000 
1.000000 	 570.783165 	 1236.916367 	 288.000000 	 1.000000 
1.000000 	 593.456508 	 1178.198071 	 288.000000 	 1.000000 
1.000000 	 607.731667 	 1112.273620 	 320.000000 	 1.000000 
1.000000 	 613.789107 	 1042.485604 	 320.000000 	 1.000000 
1.000000 	 612.179458 	 972.460753 	 352.000000 	 1.000000 
1.000000 	 603.405104 	 905.511621 	 352.000000 	 1.000000 
1.000000 	 587.904857 	 843.986064 	 384.000000 	 1.000000 
1.000000 	 566.944691 	 788.937927 	 384.000000 	 1.000000 
1.000000 	 553.707179 	 738.507934 	 416.000000 	 1.000000 
1.000000 	 575.335095 	 703.736428 	 416.000000 	 1.000000 
1.000000 	 618.495136 	 683.749652 	 448.000000 	 1.000000 
1.000000 	 663.469423 	 666.143614 	 480.000000 	 1.000000 
1.000000 	 703.404286 	 646.837673 	 480.000000 	 1.000000 
1.000000 	 737.427524 	 626.272003 	 512.000000 	 1.000000 
1.000000 	 766.625107 	 605.901184 	 512.000000 	 1.000000 
1.000000 	 792.125021 	 587.089443 	 544.000000 	 1.000000 
1.000000 	 814.332804 	 570.736008 	 544.000000 	 1.000000 
1.000000 	 819.450726 	 556.796482 	 576.000000 	 1.000000 
1.000000 	 812.610674 	 546.814761 	 608.000000 	 1.000000 
