stroke_id	 x	 y	 time	 is_writing
1.000000 	 817.177115 	 1690.210782 	 0.000000 	 1.000000 
1.000000 	 803.399844 	 1685.799768 	 0.000000 	 1.000000 
1.000000 	 781.483020 	 1678.461494 	 48.000000 	 1.000000 
1.000000 	 738.630001 	 1670.763616 	 48.000000 	 1.000000 
1.000000 	 691.295814 	 1660.084894 	 96.000000 	 1.000000 
1.000000 	 652.463208 	 1637.715129 	 112.000000 	 1.000000 
1.000000 	 621.530424 	 1600.723725 	 128.000000 	 1.000000 
1.000000 	 595.915317 	 1552.213372 	 144.000000 	 1.000000 
1.000000 	 575.159462 	 1498.892485 	 176.000000 	 1.000000 
1.000000 	 562.302422 	 1448.662160 	 192.000000 	 1.000000 
1.000000 	 565.693049 	 1405.938965 	 224.000000 	 1.000000 
1.000000 	 588.937222 	 1368.194105 	 240.000000 	 1.000000 
1.000000 	 621.283838 	 1339.928654 	 272.000000 	 1.000000 
1.000000 	 660.877955 	 1327.904943 	 288.000000 	 1.000000 
1.000000 	 705.565504 	 1329.938192 	 304.000000 	 1.000000 
1.000000 	 749.708208 	 1342.359534 	 336.000000 	 1.000000 
1.000000 	 788.310197 	 1362.102030 	 368.000000 	 1.000000 
1.000000 	 818.347260 	 1386.529373 	 384.000000 	 1.000000 
1.000000 	 838.763804 	 1413.486176 	 400.000000 	 1.000000 
1.000000 	 850.097896 	 1441.369751 	 432.000000 	 1.000000 
1.000000 	 853.980980 	 1469.062003 	 464.000000 	 1.000000 
