stroke_id	 x	 y	 time	 is_writing
1.000000 	 375.875934 	 863.553001 	 96.000000 	 1.000000 
1.000000 	 392.289074 	 864.348887 	 96.000000 	 1.000000 
1.000000 	 431.803503 	 871.522115 	 128.000000 	 1.000000 
1.000000 	 477.857983 	 885.943371 	 128.000000 	 1.000000 
1.000000 	 522.753898 	 908.970295 	 160.000000 	 1.000000 
1.000000 	 554.986806 	 942.721074 	 160.000000 	 1.000000 
1.000000 	 565.924602 	 979.386131 	 192.000000 	 1.000000 
1.000000 	 555.489179 	 1009.668674 	 192.000000 	 1.000000 
1.000000 	 528.558056 	 1029.212958 	 224.000000 	 1.000000 
1.000000 	 491.148140 	 1036.527348 	 224.000000 	 1.000000 
1.000000 	 449.267461 	 1029.916753 	 256.000000 	 1.000000 
1.000000 	 408.506712 	 1007.578533 	 256.000000 	 1.000000 
1.000000 	 373.696872 	 969.266038 	 288.000000 	 1.000000 
1.000000 	 348.699117 	 917.125800 	 288.000000 	 1.000000 
1.000000 	 335.946927 	 855.281049 	 320.000000 	 1.000000 
1.000000 	 335.774346 	 788.806242 	 320.000000 	 1.000000 
1.000000 	 346.531244 	 722.755588 	 352.000000 	 1.000000 
1.000000 	 365.673333 	 661.467535 	 352.000000 	 1.000000 
1.000000 	 392.596944 	 608.344949 	 384.000000 	 1.000000 
1.000000 	 431.802578 	 568.976680 	 384.000000 	 1.000000 
