stroke_id	 x	 y	 time	 is_writing
1.000000 	 426.350826 	 1041.333290 	 0.000000 	 1.000000 
1.000000 	 445.163336 	 1047.487755 	 32.000000 	 1.000000 
1.000000 	 476.961357 	 1055.864581 	 48.000000 	 1.000000 
1.000000 	 509.735749 	 1061.113188 	 80.000000 	 1.000000 
1.000000 	 531.076852 	 1058.600890 	 112.000000 	 1.000000 
1.000000 	 537.646335 	 1044.562535 	 224.000000 	 1.000000 
1.000000 	 535.404493 	 1022.903110 	 272.000000 	 1.000000 
1.000000 	 537.166235 	 1005.411217 	 288.000000 	 1.000000 
1.000000 	 554.012548 	 997.167291 	 304.000000 	 1.000000 
1.000000 	 578.000129 	 993.107891 	 336.000000 	 1.000000 
