stroke_id	 x	 y	 time	 is_writing
1.000000 	 456.555730 	 1280.216172 	 0.000000 	 1.000000 
1.000000 	 460.202557 	 1278.862807 	 11.000000 	 1.000000 
1.000000 	 473.638775 	 1271.703718 	 59.000000 	 1.000000 
1.000000 	 502.777598 	 1258.648779 	 91.000000 	 1.000000 
1.000000 	 547.503865 	 1246.291053 	 123.000000 	 1.000000 
1.000000 	 599.635946 	 1242.127411 	 155.000000 	 1.000000 
1.000000 	 648.087288 	 1247.377772 	 187.000000 	 1.000000 
1.000000 	 682.632749 	 1252.513039 	 219.000000 	 1.000000 
1.000000 	 687.911180 	 1228.698477 	 251.000000 	 1.000000 
1.000000 	 659.171527 	 1153.527788 	 282.000000 	 1.000000 
1.000000 	 615.795553 	 1039.756967 	 314.000000 	 1.000000 
1.000000 	 578.917908 	 918.909100 	 346.000000 	 1.000000 
1.000000 	 555.809794 	 815.976247 	 378.000000 	 1.000000 
1.000000 	 544.238792 	 740.991862 	 410.000000 	 1.000000 
1.000000 	 539.567331 	 692.836096 	 442.000000 	 1.000000 
1.000000 	 537.857625 	 665.102045 	 477.000000 	 1.000000 
2.000000 	 341.229309 	 831.021616 	 749.000000 	 1.000000 
2.000000 	 346.135388 	 831.133386 	 776.000000 	 1.000000 
2.000000 	 355.204289 	 830.205375 	 808.000000 	 1.000000 
2.000000 	 372.931265 	 827.877665 	 840.000000 	 1.000000 
2.000000 	 400.921748 	 824.622217 	 856.000000 	 1.000000 
2.000000 	 436.664024 	 821.519551 	 868.000000 	 1.000000 
