stroke_id	 x	 y	 time	 is_writing
1.000000 	 638.271533 	 1154.137688 	 58.000000 	 1.000000 
1.000000 	 624.164658 	 1151.993267 	 74.000000 	 1.000000 
1.000000 	 583.972932 	 1148.007186 	 108.000000 	 1.000000 
1.000000 	 537.294488 	 1140.090854 	 124.000000 	 1.000000 
1.000000 	 498.427603 	 1128.328809 	 158.000000 	 1.000000 
1.000000 	 470.102325 	 1113.579585 	 174.000000 	 1.000000 
1.000000 	 450.502317 	 1096.433410 	 190.000000 	 1.000000 
1.000000 	 437.274720 	 1077.425721 	 206.000000 	 1.000000 
1.000000 	 428.756102 	 1057.401395 	 242.000000 	 1.000000 
1.000000 	 424.105391 	 1037.654294 	 258.000000 	 1.000000 
1.000000 	 423.134416 	 1019.783924 	 274.000000 	 1.000000 
1.000000 	 426.114108 	 1005.299915 	 290.000000 	 1.000000 
1.000000 	 433.612056 	 995.098719 	 324.000000 	 1.000000 
1.000000 	 446.277736 	 989.014241 	 342.000000 	 1.000000 
1.000000 	 464.472483 	 985.659627 	 358.000000 	 1.000000 
1.000000 	 487.801015 	 982.706457 	 374.000000 	 1.000000 
1.000000 	 514.829956 	 977.561693 	 390.000000 	 1.000000 
1.000000 	 544.608629 	 967.992803 	 406.000000 	 1.000000 
1.000000 	 577.418282 	 951.982769 	 424.000000 	 1.000000 
1.000000 	 609.568040 	 927.657883 	 442.000000 	 1.000000 
1.000000 	 635.246111 	 895.248035 	 458.000000 	 1.000000 
1.000000 	 650.598422 	 857.839918 	 474.000000 	 1.000000 
1.000000 	 655.005602 	 819.307052 	 490.000000 	 1.000000 
1.000000 	 649.926872 	 782.501107 	 506.000000 	 1.000000 
1.000000 	 637.415848 	 748.966490 	 524.000000 	 1.000000 
1.000000 	 619.358409 	 719.403782 	 540.000000 	 1.000000 
1.000000 	 594.169641 	 694.050881 	 558.000000 	 1.000000 
1.000000 	 561.473566 	 669.051437 	 574.000000 	 1.000000 
1.000000 	 531.653909 	 644.115097 	 588.000000 	 1.000000 
