stroke_id	 x	 y	 time	 is_writing
1.000000 	 716.244461 	 1153.558522 	 0.000000 	 1.000000 
1.000000 	 705.118146 	 1153.264178 	 24.000000 	 1.000000 
1.000000 	 690.605405 	 1149.648089 	 40.000000 	 1.000000 
1.000000 	 675.227027 	 1141.306107 	 56.000000 	 1.000000 
1.000000 	 661.791574 	 1128.416231 	 72.000000 	 1.000000 
1.000000 	 652.248445 	 1112.442325 	 96.000000 	 1.000000 
1.000000 	 647.438077 	 1095.314543 	 112.000000 	 1.000000 
1.000000 	 647.915235 	 1079.119220 	 128.000000 	 1.000000 
1.000000 	 654.616208 	 1066.286973 	 144.000000 	 1.000000 
1.000000 	 667.661241 	 1059.353645 	 160.000000 	 1.000000 
1.000000 	 684.677345 	 1059.872180 	 176.000000 	 1.000000 
1.000000 	 701.461897 	 1067.109386 	 192.000000 	 1.000000 
1.000000 	 714.512441 	 1077.970053 	 208.000000 	 1.000000 
1.000000 	 722.691869 	 1088.527343 	 224.000000 	 1.000000 
1.000000 	 726.857807 	 1095.721343 	 240.000000 	 1.000000 
1.000000 	 728.553743 	 1097.966583 	 256.000000 	 1.000000 
1.000000 	 729.081770 	 1094.848371 	 272.000000 	 1.000000 
1.000000 	 729.246324 	 1086.631489 	 288.000000 	 1.000000 
1.000000 	 729.452997 	 1073.947643 	 304.000000 	 1.000000 
1.000000 	 729.868811 	 1057.660160 	 328.000000 	 1.000000 
1.000000 	 730.534262 	 1038.795210 	 344.000000 	 1.000000 
1.000000 	 731.425438 	 1018.459636 	 360.000000 	 1.000000 
1.000000 	 732.489887 	 997.727514 	 376.000000 	 1.000000 
1.000000 	 733.669930 	 977.523772 	 392.000000 	 1.000000 
2.000000 	 696.950516 	 868.271392 	 512.000000 	 1.000000 
2.000000 	 698.665330 	 868.829268 	 560.000000 	 1.000000 
2.000000 	 702.433328 	 870.275631 	 576.000000 	 1.000000 
2.000000 	 712.639136 	 873.281016 	 592.000000 	 1.000000 
2.000000 	 729.461772 	 877.468418 	 608.000000 	 1.000000 
