stroke_id	 x	 y	 time	 is_writing
1.000000 	 693.017547 	 1262.721682 	 0.000000 	 1.000000 
1.000000 	 684.160707 	 1259.754788 	 0.000000 	 1.000000 
1.000000 	 673.161937 	 1255.678648 	 64.000000 	 1.000000 
1.000000 	 660.334218 	 1250.215055 	 64.000000 	 1.000000 
1.000000 	 646.080304 	 1242.960057 	 64.000000 	 1.000000 
1.000000 	 630.764096 	 1233.357642 	 64.000000 	 1.000000 
1.000000 	 614.654697 	 1220.741906 	 128.000000 	 1.000000 
1.000000 	 597.977140 	 1204.452628 	 128.000000 	 1.000000 
1.000000 	 581.032265 	 1183.987675 	 128.000000 	 1.000000 
1.000000 	 564.301801 	 1159.134156 	 128.000000 	 1.000000 
1.000000 	 548.464436 	 1130.029350 	 192.000000 	 1.000000 
1.000000 	 534.301270 	 1097.131576 	 192.000000 	 1.000000 
1.000000 	 522.937182 	 1061.300328 	 192.000000 	 1.000000 
1.000000 	 521.181747 	 1025.917604 	 192.000000 	 1.000000 
1.000000 	 531.042858 	 991.004185 	 256.000000 	 1.000000 
1.000000 	 545.600068 	 953.321942 	 256.000000 	 1.000000 
1.000000 	 559.550731 	 912.418842 	 256.000000 	 1.000000 
1.000000 	 570.410829 	 869.325749 	 256.000000 	 1.000000 
1.000000 	 577.050267 	 825.097990 	 320.000000 	 1.000000 
1.000000 	 578.757771 	 780.654455 	 320.000000 	 1.000000 
1.000000 	 574.997305 	 737.066465 	 320.000000 	 1.000000 
1.000000 	 565.528701 	 695.817913 	 384.000000 	 1.000000 
1.000000 	 550.659506 	 658.884478 	 384.000000 	 1.000000 
1.000000 	 531.612807 	 626.879559 	 384.000000 	 1.000000 
1.000000 	 509.441170 	 593.344046 	 384.000000 	 1.000000 
1.000000 	 479.347339 	 561.287431 	 448.000000 	 1.000000 
1.000000 	 439.666539 	 545.147210 	 448.000000 	 1.000000 
1.000000 	 400.155227 	 555.343641 	 448.000000 	 1.000000 
1.000000 	 372.896177 	 590.714890 	 448.000000 	 1.000000 
1.000000 	 363.732759 	 643.557831 	 512.000000 	 1.000000 
1.000000 	 372.221390 	 706.108724 	 512.000000 	 1.000000 
1.000000 	 394.775132 	 772.861277 	 512.000000 	 1.000000 
1.000000 	 426.963707 	 840.278676 	 512.000000 	 1.000000 
1.000000 	 464.530134 	 906.005549 	 576.000000 	 1.000000 
1.000000 	 503.742307 	 968.350777 	 576.000000 	 1.000000 
1.000000 	 541.521755 	 1026.071586 	 576.000000 	 1.000000 
1.000000 	 575.512027 	 1078.317110 	 576.000000 	 1.000000 
1.000000 	 604.111872 	 1124.616978 	 640.000000 	 1.000000 
1.000000 	 626.461133 	 1164.856571 	 640.000000 	 1.000000 
