stroke_id	 x	 y	 time	 is_writing
1.000000 	 543.937345 	 1207.357003 	 0.000000 	 1.000000 
1.000000 	 543.114122 	 1204.559402 	 64.000000 	 1.000000 
1.000000 	 539.829935 	 1186.971560 	 64.000000 	 1.000000 
1.000000 	 534.255911 	 1146.156379 	 96.000000 	 1.000000 
1.000000 	 529.735111 	 1088.009579 	 96.000000 	 1.000000 
1.000000 	 534.943942 	 1028.021315 	 128.000000 	 1.000000 
1.000000 	 547.568414 	 966.612307 	 160.000000 	 1.000000 
