stroke_id	 x	 y	 time	 is_writing
1.000000 	 387.546368 	 883.540272 	 0.000000 	 1.000000 
1.000000 	 389.419833 	 884.150195 	 44.000000 	 1.000000 
1.000000 	 415.289374 	 887.505171 	 72.000000 	 1.000000 
1.000000 	 472.729370 	 893.859291 	 108.000000 	 1.000000 
1.000000 	 542.215789 	 902.395129 	 124.000000 	 1.000000 
1.000000 	 604.188178 	 911.852566 	 140.000000 	 1.000000 
1.000000 	 650.654536 	 921.538451 	 156.000000 	 1.000000 
1.000000 	 680.911631 	 930.833165 	 176.000000 	 1.000000 
1.000000 	 694.489552 	 932.884671 	 192.000000 	 1.000000 
1.000000 	 689.727752 	 914.388496 	 208.000000 	 1.000000 
1.000000 	 670.232576 	 870.035040 	 240.000000 	 1.000000 
1.000000 	 644.547570 	 804.551479 	 272.000000 	 1.000000 
1.000000 	 620.899133 	 726.854676 	 288.000000 	 1.000000 
1.000000 	 604.002764 	 645.585709 	 308.000000 	 1.000000 
1.000000 	 594.998690 	 567.208730 	 340.000000 	 1.000000 
1.000000 	 592.548498 	 496.090912 	 356.000000 	 1.000000 
1.000000 	 593.165158 	 436.430561 	 376.000000 	 1.000000 
1.000000 	 592.462240 	 392.599204 	 392.000000 	 1.000000 
1.000000 	 588.753551 	 365.545763 	 408.000000 	 1.000000 
1.000000 	 583.922390 	 351.225899 	 424.000000 	 1.000000 
1.000000 	 580.486323 	 343.473569 	 444.000000 	 1.000000 
2.000000 	 399.837662 	 594.998770 	 688.000000 	 1.000000 
2.000000 	 410.434324 	 596.406112 	 736.000000 	 1.000000 
2.000000 	 428.565096 	 598.800256 	 756.000000 	 1.000000 
2.000000 	 455.241425 	 602.291169 	 776.000000 	 1.000000 
2.000000 	 489.690581 	 606.743499 	 792.000000 	 1.000000 
2.000000 	 529.410399 	 611.799090 	 816.000000 	 1.000000 
