stroke_id	 x	 y	 time	 is_writing
1.000000 	 505.078242 	 1319.231703 	 0.000000 	 1.000000 
1.000000 	 505.082652 	 1319.121195 	 72.000000 	 1.000000 
1.000000 	 505.144327 	 1317.551959 	 92.000000 	 1.000000 
1.000000 	 505.368466 	 1311.417050 	 108.000000 	 1.000000 
1.000000 	 505.735996 	 1299.095525 	 124.000000 	 1.000000 
1.000000 	 506.056138 	 1282.093237 	 144.000000 	 1.000000 
1.000000 	 506.140000 	 1263.344374 	 160.000000 	 1.000000 
1.000000 	 505.920134 	 1245.326036 	 176.000000 	 1.000000 
1.000000 	 505.434730 	 1229.402600 	 192.000000 	 1.000000 
1.000000 	 504.773286 	 1216.024501 	 208.000000 	 1.000000 
1.000000 	 504.039341 	 1205.145901 	 224.000000 	 1.000000 
1.000000 	 503.326712 	 1196.529266 	 240.000000 	 1.000000 
2.000000 	 447.839633 	 1101.996861 	 384.000000 	 1.000000 
2.000000 	 449.225973 	 1103.816029 	 408.000000 	 1.000000 
2.000000 	 451.428546 	 1106.641188 	 424.000000 	 1.000000 
2.000000 	 454.275313 	 1110.232366 	 440.000000 	 1.000000 
2.000000 	 457.502591 	 1114.276589 	 460.000000 	 1.000000 
2.000000 	 460.921193 	 1118.519321 	 476.000000 	 1.000000 
2.000000 	 464.654900 	 1122.552042 	 492.000000 	 1.000000 
2.000000 	 468.877487 	 1125.995759 	 508.000000 	 1.000000 
2.000000 	 473.501880 	 1128.748659 	 524.000000 	 1.000000 
2.000000 	 478.269792 	 1130.921303 	 544.000000 	 1.000000 
2.000000 	 482.452255 	 1133.396530 	 560.000000 	 1.000000 
2.000000 	 485.678998 	 1136.003476 	 592.000000 	 1.000000 
2.000000 	 488.886910 	 1137.486489 	 608.000000 	 1.000000 
2.000000 	 492.966877 	 1134.209944 	 624.000000 	 1.000000 
2.000000 	 497.705556 	 1125.559737 	 640.000000 	 1.000000 
2.000000 	 502.319209 	 1114.622374 	 660.000000 	 1.000000 
2.000000 	 506.444326 	 1103.632632 	 676.000000 	 1.000000 
2.000000 	 510.063545 	 1093.666490 	 692.000000 	 1.000000 
2.000000 	 513.285165 	 1085.095664 	 708.000000 	 1.000000 
2.000000 	 516.212008 	 1077.918546 	 724.000000 	 1.000000 
2.000000 	 518.900214 	 1072.050419 	 744.000000 	 1.000000 
