stroke_id	 x	 y	 time	 is_writing
1.000000 	 648.467055 	 1271.500885 	 0.000000 	 1.000000 
1.000000 	 636.592625 	 1276.767284 	 32.000000 	 1.000000 
1.000000 	 619.652241 	 1281.996114 	 64.000000 	 1.000000 
1.000000 	 597.386836 	 1285.433438 	 96.000000 	 1.000000 
1.000000 	 570.574651 	 1285.129492 	 128.000000 	 1.000000 
1.000000 	 540.789387 	 1279.465523 	 128.000000 	 1.000000 
1.000000 	 509.912007 	 1267.475323 	 160.000000 	 1.000000 
1.000000 	 479.717554 	 1248.998666 	 160.000000 	 1.000000 
1.000000 	 451.710687 	 1224.700774 	 192.000000 	 1.000000 
1.000000 	 427.146187 	 1195.910550 	 192.000000 	 1.000000 
1.000000 	 406.880215 	 1162.919891 	 224.000000 	 1.000000 
1.000000 	 392.601986 	 1123.762920 	 224.000000 	 1.000000 
1.000000 	 389.290416 	 1084.273015 	 256.000000 	 1.000000 
1.000000 	 399.898080 	 1053.186443 	 256.000000 	 1.000000 
1.000000 	 424.909280 	 1035.770208 	 288.000000 	 1.000000 
1.000000 	 462.950324 	 1035.541244 	 288.000000 	 1.000000 
1.000000 	 508.720924 	 1054.056526 	 320.000000 	 1.000000 
1.000000 	 553.506443 	 1089.397855 	 320.000000 	 1.000000 
1.000000 	 589.031202 	 1136.664240 	 352.000000 	 1.000000 
1.000000 	 611.025375 	 1189.740612 	 384.000000 	 1.000000 
1.000000 	 619.896899 	 1242.886491 	 384.000000 	 1.000000 
1.000000 	 618.943081 	 1291.646971 	 416.000000 	 1.000000 
1.000000 	 614.321473 	 1329.075325 	 448.000000 	 1.000000 
