stroke_id	 x	 y	 time	 is_writing
1.000000 	 285.926886 	 1031.857298 	 0.000000 	 1.000000 
1.000000 	 288.556237 	 1027.294934 	 72.000000 	 1.000000 
1.000000 	 294.301450 	 1018.549263 	 88.000000 	 1.000000 
1.000000 	 303.461148 	 1006.291609 	 104.000000 	 1.000000 
1.000000 	 314.469120 	 993.604462 	 120.000000 	 1.000000 
1.000000 	 324.810990 	 984.393278 	 136.000000 	 1.000000 
1.000000 	 332.448414 	 981.221081 	 152.000000 	 1.000000 
1.000000 	 336.490551 	 983.788041 	 264.000000 	 1.000000 
1.000000 	 336.973625 	 988.875991 	 336.000000 	 1.000000 
1.000000 	 334.291689 	 991.982194 	 352.000000 	 1.000000 
1.000000 	 328.802803 	 989.564674 	 384.000000 	 1.000000 
1.000000 	 320.878861 	 980.268088 	 404.000000 	 1.000000 
1.000000 	 311.326358 	 964.927754 	 420.000000 	 1.000000 
1.000000 	 301.448300 	 946.002476 	 444.000000 	 1.000000 
2.000000 	 213.069035 	 795.570147 	 580.000000 	 1.000000 
2.000000 	 212.489801 	 795.685599 	 652.000000 	 1.000000 
2.000000 	 214.633382 	 796.717799 	 668.000000 	 1.000000 
2.000000 	 226.926573 	 800.446193 	 684.000000 	 1.000000 
2.000000 	 251.123377 	 806.620756 	 704.000000 	 1.000000 
2.000000 	 280.621411 	 812.890675 	 720.000000 	 1.000000 
2.000000 	 307.911086 	 817.579776 	 736.000000 	 1.000000 
2.000000 	 329.083600 	 820.459505 	 756.000000 	 1.000000 
