stroke_id	 x	 y	 time	 is_writing
1.000000 	 593.768195 	 1318.603812 	 0.000000 	 1.000000 
1.000000 	 565.666144 	 1316.020247 	 0.000000 	 1.000000 
1.000000 	 521.224737 	 1308.038682 	 0.000000 	 1.000000 
1.000000 	 473.382653 	 1294.029813 	 128.000000 	 1.000000 
1.000000 	 433.305187 	 1275.517932 	 128.000000 	 1.000000 
1.000000 	 403.881690 	 1245.318577 	 128.000000 	 1.000000 
1.000000 	 401.433583 	 1205.103600 	 128.000000 	 1.000000 
1.000000 	 438.200847 	 1157.927817 	 128.000000 	 1.000000 
1.000000 	 493.337301 	 1105.029904 	 128.000000 	 1.000000 
1.000000 	 551.894377 	 1051.065961 	 128.000000 	 1.000000 
1.000000 	 609.218022 	 994.716744 	 256.000000 	 1.000000 
1.000000 	 643.986433 	 934.084803 	 256.000000 	 1.000000 
1.000000 	 652.002940 	 877.736552 	 256.000000 	 1.000000 
1.000000 	 638.659567 	 832.615741 	 256.000000 	 1.000000 
1.000000 	 611.409855 	 801.445093 	 256.000000 	 1.000000 
1.000000 	 576.746715 	 784.423577 	 256.000000 	 1.000000 
1.000000 	 539.872561 	 781.275079 	 256.000000 	 1.000000 
1.000000 	 504.907142 	 791.999481 	 384.000000 	 1.000000 
1.000000 	 474.322729 	 815.136891 	 384.000000 	 1.000000 
1.000000 	 442.750768 	 854.135739 	 384.000000 	 1.000000 
1.000000 	 408.581252 	 909.310809 	 384.000000 	 1.000000 
1.000000 	 381.910042 	 969.284636 	 384.000000 	 1.000000 
1.000000 	 366.714941 	 1028.013964 	 512.000000 	 1.000000 
1.000000 	 363.327776 	 1082.650993 	 512.000000 	 1.000000 
1.000000 	 370.601997 	 1131.678958 	 640.000000 	 1.000000 
1.000000 	 386.751346 	 1174.302264 	 640.000000 	 1.000000 
1.000000 	 409.714071 	 1210.272325 	 640.000000 	 1.000000 
1.000000 	 437.374293 	 1239.793716 	 640.000000 	 1.000000 
1.000000 	 467.728351 	 1263.415139 	 640.000000 	 1.000000 
1.000000 	 499.008397 	 1281.903436 	 640.000000 	 1.000000 
1.000000 	 529.760701 	 1296.121196 	 640.000000 	 1.000000 
1.000000 	 558.879247 	 1306.925881 	 640.000000 	 1.000000 
1.000000 	 585.600946 	 1315.099328 	 768.000000 	 1.000000 
1.000000 	 609.472552 	 1321.308033 	 768.000000 	 1.000000 
