stroke_id	 x	 y	 time	 is_writing
1.000000 	 266.823834 	 791.292478 	 48.000000 	 1.000000 
1.000000 	 272.929683 	 794.497359 	 64.000000 	 1.000000 
1.000000 	 283.274206 	 800.277567 	 80.000000 	 1.000000 
1.000000 	 296.758409 	 808.510569 	 96.000000 	 1.000000 
1.000000 	 311.692067 	 818.632850 	 112.000000 	 1.000000 
1.000000 	 326.571575 	 829.888763 	 128.000000 	 1.000000 
1.000000 	 340.396490 	 841.529462 	 144.000000 	 1.000000 
1.000000 	 352.657500 	 852.925326 	 160.000000 	 1.000000 
1.000000 	 363.191910 	 863.592884 	 176.000000 	 1.000000 
1.000000 	 372.035646 	 873.171269 	 192.000000 	 1.000000 
1.000000 	 379.324621 	 881.388351 	 208.000000 	 1.000000 
1.000000 	 385.246983 	 888.040338 	 224.000000 	 1.000000 
1.000000 	 390.022740 	 892.987906 	 240.000000 	 1.000000 
1.000000 	 393.883545 	 896.159190 	 256.000000 	 1.000000 
1.000000 	 397.039350 	 897.549066 	 272.000000 	 1.000000 
1.000000 	 399.641482 	 897.210178 	 288.000000 	 1.000000 
1.000000 	 401.765334 	 895.237284 	 304.000000 	 1.000000 
1.000000 	 403.426936 	 891.751404 	 320.000000 	 1.000000 
1.000000 	 404.624467 	 886.891556 	 336.000000 	 1.000000 
1.000000 	 405.380033 	 880.815114 	 352.000000 	 1.000000 
1.000000 	 405.760771 	 873.698730 	 368.000000 	 1.000000 
1.000000 	 405.873918 	 865.732022 	 384.000000 	 1.000000 
1.000000 	 405.844042 	 857.105432 	 400.000000 	 1.000000 
1.000000 	 405.785999 	 848.000008 	 416.000000 	 1.000000 
1.000000 	 405.784916 	 838.587513 	 432.000000 	 1.000000 
2.000000 	 475.903370 	 700.244012 	 464.000000 	 1.000000 
2.000000 	 475.835724 	 699.700187 	 480.000000 	 1.000000 
2.000000 	 475.860964 	 697.592107 	 496.000000 	 1.000000 
2.000000 	 476.344457 	 695.362169 	 512.000000 	 1.000000 
2.000000 	 477.192741 	 693.572466 	 528.000000 	 1.000000 
2.000000 	 478.491758 	 692.672768 	 544.000000 	 1.000000 
