stroke_id	 x	 y	 time	 is_writing
1.000000 	 576.325377 	 1068.576407 	 0.000000 	 1.000000 
1.000000 	 575.635240 	 1057.898427 	 32.000000 	 1.000000 
1.000000 	 574.561612 	 1045.187845 	 48.000000 	 1.000000 
1.000000 	 572.529708 	 1029.975058 	 64.000000 	 1.000000 
1.000000 	 567.602569 	 1010.582967 	 80.000000 	 1.000000 
1.000000 	 562.430193 	 986.254446 	 96.000000 	 1.000000 
1.000000 	 559.124962 	 959.525167 	 112.000000 	 1.000000 
1.000000 	 556.707356 	 931.891139 	 128.000000 	 1.000000 
1.000000 	 554.502870 	 903.516789 	 144.000000 	 1.000000 
1.000000 	 552.464527 	 874.597122 	 160.000000 	 1.000000 
1.000000 	 550.725683 	 845.572241 	 176.000000 	 1.000000 
1.000000 	 549.445963 	 816.976253 	 192.000000 	 1.000000 
1.000000 	 548.790056 	 789.299654 	 208.000000 	 1.000000 
2.000000 	 337.302989 	 1302.545502 	 432.000000 	 1.000000 
2.000000 	 340.756716 	 1302.759633 	 464.000000 	 1.000000 
2.000000 	 347.589468 	 1303.175466 	 480.000000 	 1.000000 
2.000000 	 359.490899 	 1303.875815 	 496.000000 	 1.000000 
2.000000 	 377.986246 	 1304.906863 	 512.000000 	 1.000000 
2.000000 	 403.908924 	 1306.242439 	 528.000000 	 1.000000 
2.000000 	 436.969751 	 1307.773878 	 544.000000 	 1.000000 
2.000000 	 475.637435 	 1309.335143 	 560.000000 	 1.000000 
2.000000 	 517.424687 	 1310.748067 	 576.000000 	 1.000000 
