stroke_id	 x	 y	 time	 is_writing
1.000000 	 373.423761 	 629.179486 	 0.000000 	 1.000000 
1.000000 	 373.721452 	 629.522996 	 16.000000 	 1.000000 
1.000000 	 374.818056 	 630.790875 	 24.000000 	 1.000000 
1.000000 	 377.748214 	 634.198060 	 48.000000 	 1.000000 
1.000000 	 383.858039 	 641.394792 	 64.000000 	 1.000000 
1.000000 	 394.323519 	 654.021369 	 88.000000 	 1.000000 
1.000000 	 409.607344 	 673.179452 	 104.000000 	 1.000000 
1.000000 	 429.177829 	 699.065687 	 120.000000 	 1.000000 
1.000000 	 451.638389 	 730.882256 	 136.000000 	 1.000000 
1.000000 	 475.163463 	 767.010616 	 152.000000 	 1.000000 
1.000000 	 497.999284 	 805.361059 	 168.000000 	 1.000000 
1.000000 	 518.821334 	 843.777789 	 184.000000 	 1.000000 
1.000000 	 536.868885 	 880.383911 	 200.000000 	 1.000000 
1.000000 	 551.894767 	 913.792071 	 216.000000 	 1.000000 
1.000000 	 564.020281 	 943.155914 	 232.000000 	 1.000000 
1.000000 	 573.576627 	 968.058971 	 248.000000 	 1.000000 
1.000000 	 580.977867 	 988.276154 	 264.000000 	 1.000000 
1.000000 	 586.634312 	 1003.590525 	 280.000000 	 1.000000 
1.000000 	 590.895540 	 1013.906588 	 304.000000 	 1.000000 
1.000000 	 593.270553 	 1011.064970 	 320.000000 	 1.000000 
1.000000 	 592.163395 	 972.742654 	 336.000000 	 1.000000 
1.000000 	 589.329980 	 912.077851 	 352.000000 	 1.000000 
1.000000 	 586.268835 	 846.357487 	 368.000000 	 1.000000 
1.000000 	 583.361915 	 784.662744 	 384.000000 	 1.000000 
1.000000 	 580.690775 	 730.516253 	 400.000000 	 1.000000 
1.000000 	 578.405329 	 684.574711 	 424.000000 	 1.000000 
1.000000 	 576.685654 	 646.188671 	 440.000000 	 1.000000 
1.000000 	 575.614389 	 614.649703 	 456.000000 	 1.000000 
1.000000 	 575.080945 	 591.617807 	 472.000000 	 1.000000 
