stroke_id	 x	 y	 time	 is_writing
1.000000 	 388.701251 	 735.239189 	 0.000000 	 1.000000 
1.000000 	 377.296319 	 728.782792 	 32.000000 	 1.000000 
1.000000 	 361.819284 	 718.106822 	 64.000000 	 1.000000 
1.000000 	 342.915127 	 701.673121 	 96.000000 	 1.000000 
1.000000 	 321.748333 	 679.918944 	 128.000000 	 1.000000 
1.000000 	 296.038849 	 655.431405 	 160.000000 	 1.000000 
1.000000 	 282.650874 	 615.637624 	 192.000000 	 1.000000 
1.000000 	 291.452480 	 568.244414 	 224.000000 	 1.000000 
1.000000 	 317.418381 	 526.012206 	 256.000000 	 1.000000 
1.000000 	 352.045753 	 496.834572 	 288.000000 	 1.000000 
1.000000 	 388.044904 	 482.346111 	 320.000000 	 1.000000 
1.000000 	 421.264577 	 480.790349 	 352.000000 	 1.000000 
1.000000 	 450.058014 	 489.895635 	 384.000000 	 1.000000 
1.000000 	 474.555592 	 508.000030 	 416.000000 	 1.000000 
1.000000 	 495.082236 	 532.898344 	 448.000000 	 1.000000 
1.000000 	 510.500247 	 561.263353 	 480.000000 	 1.000000 
1.000000 	 519.029519 	 590.547163 	 512.000000 	 1.000000 
1.000000 	 519.696335 	 619.329650 	 544.000000 	 1.000000 
1.000000 	 512.801856 	 646.405147 	 592.000000 	 1.000000 
1.000000 	 500.600443 	 670.348952 	 624.000000 	 1.000000 
