stroke_id	 x	 y	 time	 is_writing
1.000000 	 646.658024 	 1168.231428 	 0.000000 	 1.000000 
1.000000 	 648.352821 	 1156.275411 	 48.000000 	 1.000000 
1.000000 	 650.618203 	 1139.381393 	 84.000000 	 1.000000 
1.000000 	 653.390348 	 1116.834469 	 116.000000 	 1.000000 
1.000000 	 656.454789 	 1088.282916 	 132.000000 	 1.000000 
1.000000 	 659.421876 	 1053.837990 	 148.000000 	 1.000000 
1.000000 	 661.734144 	 1014.107101 	 164.000000 	 1.000000 
1.000000 	 662.711498 	 970.155486 	 180.000000 	 1.000000 
1.000000 	 661.630413 	 923.407442 	 200.000000 	 1.000000 
1.000000 	 657.823986 	 875.508256 	 216.000000 	 1.000000 
1.000000 	 650.783745 	 828.170285 	 232.000000 	 1.000000 
1.000000 	 640.243540 	 783.023427 	 248.000000 	 1.000000 
1.000000 	 626.234650 	 741.487064 	 264.000000 	 1.000000 
1.000000 	 609.132267 	 704.687474 	 284.000000 	 1.000000 
1.000000 	 589.749550 	 673.454944 	 300.000000 	 1.000000 
1.000000 	 569.452664 	 648.388764 	 316.000000 	 1.000000 
1.000000 	 550.058894 	 629.869857 	 332.000000 	 1.000000 
1.000000 	 533.316558 	 617.911157 	 348.000000 	 1.000000 
1.000000 	 520.208395 	 611.948925 	 364.000000 	 1.000000 
1.000000 	 510.609445 	 610.820184 	 380.000000 	 1.000000 
1.000000 	 503.543794 	 613.019544 	 412.000000 	 1.000000 
1.000000 	 497.789073 	 617.077606 	 460.000000 	 1.000000 
2.000000 	 527.619591 	 1112.676287 	 916.000000 	 1.000000 
2.000000 	 529.149284 	 1112.594677 	 980.000000 	 1.000000 
2.000000 	 536.217108 	 1112.231892 	 1000.000000 	 1.000000 
2.000000 	 555.029628 	 1111.380651 	 1016.000000 	 1.000000 
2.000000 	 589.035483 	 1110.263423 	 1032.000000 	 1.000000 
2.000000 	 635.517143 	 1109.613040 	 1048.000000 	 1.000000 
2.000000 	 687.184118 	 1110.077592 	 1064.000000 	 1.000000 
2.000000 	 736.325415 	 1111.680225 	 1084.000000 	 1.000000 
2.000000 	 777.813515 	 1113.916171 	 1100.000000 	 1.000000 
2.000000 	 809.758504 	 1116.190276 	 1116.000000 	 1.000000 
2.000000 	 832.650514 	 1118.116488 	 1132.000000 	 1.000000 
2.000000 	 848.153943 	 1119.562012 	 1172.000000 	 1.000000 
