stroke_id	 x	 y	 time	 is_writing
1.000000 	 236.607337 	 493.205755 	 176.000000 	 1.000000 
1.000000 	 236.035611 	 494.693014 	 176.000000 	 1.000000 
1.000000 	 235.558189 	 496.522068 	 192.000000 	 1.000000 
1.000000 	 235.395320 	 498.539712 	 208.000000 	 1.000000 
1.000000 	 235.763754 	 500.571350 	 240.000000 	 1.000000 
1.000000 	 236.831857 	 502.467114 	 272.000000 	 1.000000 
1.000000 	 238.693944 	 504.129114 	 288.000000 	 1.000000 
1.000000 	 241.362672 	 505.516136 	 320.000000 	 1.000000 
1.000000 	 244.773811 	 506.631741 	 336.000000 	 1.000000 
1.000000 	 248.799185 	 507.503667 	 352.000000 	 1.000000 
1.000000 	 253.274914 	 508.164302 	 368.000000 	 1.000000 
1.000000 	 258.041133 	 508.631854 	 384.000000 	 1.000000 
1.000000 	 262.932198 	 508.851477 	 416.000000 	 1.000000 
1.000000 	 267.717800 	 508.628982 	 432.000000 	 1.000000 
1.000000 	 272.102246 	 507.708432 	 448.000000 	 1.000000 
1.000000 	 275.838686 	 505.959162 	 480.000000 	 1.000000 
1.000000 	 278.677467 	 503.451978 	 496.000000 	 1.000000 
1.000000 	 280.234670 	 500.277210 	 512.000000 	 1.000000 
1.000000 	 280.796391 	 496.230738 	 528.000000 	 1.000000 
1.000000 	 281.314375 	 491.203390 	 560.000000 	 1.000000 
1.000000 	 283.376675 	 485.530476 	 592.000000 	 1.000000 
1.000000 	 289.963788 	 479.413541 	 624.000000 	 1.000000 
1.000000 	 302.004676 	 473.931449 	 640.000000 	 1.000000 
1.000000 	 316.863802 	 470.712112 	 656.000000 	 1.000000 
1.000000 	 330.964244 	 470.168922 	 656.000000 	 1.000000 
1.000000 	 341.762965 	 471.396349 	 688.000000 	 1.000000 
1.000000 	 348.794730 	 473.054505 	 704.000000 	 1.000000 
1.000000 	 353.140671 	 474.307497 	 752.000000 	 1.000000 
