stroke_id	 x	 y	 time	 is_writing
1.000000 	 642.291514 	 1096.008210 	 0.000000 	 1.000000 
1.000000 	 568.265117 	 1117.302112 	 16.000000 	 1.000000 
1.000000 	 374.545604 	 1053.290664 	 48.000000 	 1.000000 
1.000000 	 278.623323 	 899.258066 	 64.000000 	 1.000000 
1.000000 	 263.455855 	 781.775677 	 96.000000 	 1.000000 
1.000000 	 282.486291 	 718.588041 	 112.000000 	 1.000000 
1.000000 	 318.117241 	 690.836711 	 128.000000 	 1.000000 
