stroke_id	 x	 y	 time	 is_writing
1.000000 	 730.434633 	 1139.758648 	 0.000000 	 1.000000 
1.000000 	 730.598069 	 1148.352547 	 12.000000 	 1.000000 
1.000000 	 727.715411 	 1157.678611 	 28.000000 	 1.000000 
1.000000 	 719.543152 	 1165.133920 	 44.000000 	 1.000000 
1.000000 	 704.873011 	 1168.388666 	 60.000000 	 1.000000 
1.000000 	 683.371394 	 1165.733965 	 76.000000 	 1.000000 
1.000000 	 655.348952 	 1156.060864 	 96.000000 	 1.000000 
1.000000 	 621.663840 	 1138.728448 	 112.000000 	 1.000000 
1.000000 	 583.690901 	 1113.490323 	 128.000000 	 1.000000 
1.000000 	 543.252489 	 1080.512790 	 144.000000 	 1.000000 
1.000000 	 502.467224 	 1040.435523 	 164.000000 	 1.000000 
1.000000 	 463.536171 	 994.405222 	 180.000000 	 1.000000 
1.000000 	 428.516415 	 944.033616 	 196.000000 	 1.000000 
1.000000 	 399.128269 	 891.268681 	 212.000000 	 1.000000 
1.000000 	 376.620300 	 838.201656 	 228.000000 	 1.000000 
1.000000 	 361.695776 	 786.852127 	 244.000000 	 1.000000 
1.000000 	 354.494724 	 738.978599 	 260.000000 	 1.000000 
1.000000 	 354.625294 	 695.954657 	 276.000000 	 1.000000 
1.000000 	 361.239298 	 658.730608 	 296.000000 	 1.000000 
1.000000 	 373.091604 	 627.854051 	 312.000000 	 1.000000 
1.000000 	 387.967134 	 603.362434 	 328.000000 	 1.000000 
1.000000 	 402.796717 	 585.335488 	 344.000000 	 1.000000 
1.000000 	 416.135724 	 575.259805 	 364.000000 	 1.000000 
1.000000 	 429.122481 	 574.373072 	 380.000000 	 1.000000 
1.000000 	 443.313895 	 581.214808 	 396.000000 	 1.000000 
1.000000 	 458.330130 	 592.764264 	 412.000000 	 1.000000 
1.000000 	 472.300119 	 606.690502 	 428.000000 	 1.000000 
1.000000 	 483.402282 	 621.843487 	 444.000000 	 1.000000 
1.000000 	 490.585771 	 637.686924 	 460.000000 	 1.000000 
1.000000 	 493.541948 	 653.828092 	 480.000000 	 1.000000 
1.000000 	 492.471617 	 669.868999 	 496.000000 	 1.000000 
1.000000 	 487.886735 	 685.421213 	 512.000000 	 1.000000 
1.000000 	 480.473102 	 700.153856 	 528.000000 	 1.000000 
1.000000 	 470.991218 	 713.825161 	 544.000000 	 1.000000 
