stroke_id	 x	 y	 time	 is_writing
1.000000 	 565.893373 	 1056.438486 	 56.000000 	 1.000000 
1.000000 	 552.654460 	 1056.050816 	 72.000000 	 1.000000 
1.000000 	 527.707028 	 1051.986106 	 88.000000 	 1.000000 
1.000000 	 498.009723 	 1043.128634 	 104.000000 	 1.000000 
1.000000 	 470.657652 	 1028.039009 	 136.000000 	 1.000000 
1.000000 	 451.790435 	 1007.955851 	 152.000000 	 1.000000 
1.000000 	 444.741839 	 984.695871 	 168.000000 	 1.000000 
1.000000 	 450.167980 	 959.564381 	 184.000000 	 1.000000 
1.000000 	 466.578970 	 933.872808 	 200.000000 	 1.000000 
1.000000 	 491.051498 	 909.088738 	 216.000000 	 1.000000 
1.000000 	 520.065890 	 886.349482 	 232.000000 	 1.000000 
1.000000 	 550.250890 	 866.017859 	 248.000000 	 1.000000 
1.000000 	 578.859669 	 847.678480 	 264.000000 	 1.000000 
1.000000 	 603.944885 	 830.482472 	 280.000000 	 1.000000 
1.000000 	 624.314203 	 813.565363 	 304.000000 	 1.000000 
1.000000 	 639.375615 	 796.341174 	 320.000000 	 1.000000 
1.000000 	 648.959322 	 778.620194 	 336.000000 	 1.000000 
1.000000 	 653.172690 	 760.588943 	 352.000000 	 1.000000 
1.000000 	 652.314813 	 742.712758 	 368.000000 	 1.000000 
1.000000 	 646.628727 	 725.451949 	 384.000000 	 1.000000 
1.000000 	 634.310124 	 707.408681 	 400.000000 	 1.000000 
1.000000 	 618.762168 	 690.619224 	 416.000000 	 1.000000 
1.000000 	 602.255793 	 677.257634 	 432.000000 	 1.000000 
