stroke_id	 x	 y	 time	 is_writing
1.000000 	 375.468626 	 1195.101425 	 0.000000 	 1.000000 
1.000000 	 381.451100 	 1195.609207 	 45.000000 	 1.000000 
1.000000 	 389.192780 	 1196.323629 	 78.000000 	 1.000000 
1.000000 	 398.726971 	 1197.291747 	 95.000000 	 1.000000 
1.000000 	 409.940944 	 1198.549937 	 112.000000 	 1.000000 
1.000000 	 422.565572 	 1200.096873 	 128.000000 	 1.000000 
1.000000 	 436.171586 	 1201.846315 	 145.000000 	 1.000000 
1.000000 	 450.192268 	 1203.584239 	 162.000000 	 1.000000 
1.000000 	 464.025419 	 1204.985881 	 178.000000 	 1.000000 
1.000000 	 475.232333 	 1201.499011 	 195.000000 	 1.000000 
1.000000 	 472.623472 	 1168.400827 	 212.000000 	 1.000000 
1.000000 	 459.205275 	 1107.238956 	 228.000000 	 1.000000 
1.000000 	 444.352711 	 1034.972049 	 245.000000 	 1.000000 
1.000000 	 432.670048 	 963.368929 	 261.000000 	 1.000000 
1.000000 	 424.960891 	 898.179928 	 278.000000 	 1.000000 
1.000000 	 421.569095 	 840.340377 	 295.000000 	 1.000000 
1.000000 	 424.893365 	 789.637087 	 311.000000 	 1.000000 
1.000000 	 430.923331 	 752.584242 	 328.000000 	 1.000000 
1.000000 	 437.714183 	 734.952342 	 348.000000 	 1.000000 
2.000000 	 419.522436 	 872.847285 	 517.000000 	 1.000000 
2.000000 	 427.989632 	 877.498035 	 557.000000 	 1.000000 
2.000000 	 440.875326 	 884.345278 	 578.000000 	 1.000000 
2.000000 	 458.462401 	 893.277971 	 595.000000 	 1.000000 
2.000000 	 480.168485 	 903.713856 	 611.000000 	 1.000000 
2.000000 	 504.560064 	 914.738969 	 631.000000 	 1.000000 
