stroke_id	 x	 y	 time	 is_writing
1.000000 	 672.475230 	 1377.194166 	 0.000000 	 1.000000 
1.000000 	 673.395875 	 1376.319932 	 64.000000 	 1.000000 
1.000000 	 674.467919 	 1375.685778 	 80.000000 	 1.000000 
1.000000 	 673.167598 	 1379.709966 	 96.000000 	 1.000000 
1.000000 	 665.747394 	 1392.326415 	 112.000000 	 1.000000 
1.000000 	 650.519681 	 1410.019638 	 128.000000 	 1.000000 
1.000000 	 627.669210 	 1426.881767 	 144.000000 	 1.000000 
1.000000 	 599.302158 	 1438.109644 	 160.000000 	 1.000000 
1.000000 	 568.646668 	 1441.220723 	 176.000000 	 1.000000 
1.000000 	 538.933763 	 1435.965016 	 192.000000 	 1.000000 
1.000000 	 512.161223 	 1423.597910 	 208.000000 	 1.000000 
1.000000 	 487.769174 	 1406.264774 	 224.000000 	 1.000000 
1.000000 	 466.054409 	 1387.183051 	 240.000000 	 1.000000 
1.000000 	 449.078164 	 1369.159360 	 256.000000 	 1.000000 
1.000000 	 438.341189 	 1352.953691 	 272.000000 	 1.000000 
1.000000 	 433.660513 	 1338.108878 	 304.000000 	 1.000000 
2.000000 	 618.128566 	 961.535706 	 528.000000 	 1.000000 
2.000000 	 619.688710 	 957.921757 	 544.000000 	 1.000000 
2.000000 	 621.513961 	 953.059710 	 560.000000 	 1.000000 
2.000000 	 623.387124 	 947.527482 	 576.000000 	 1.000000 
3.000000 	 446.370549 	 917.022005 	 816.000000 	 1.000000 
3.000000 	 443.104851 	 918.366893 	 832.000000 	 1.000000 
3.000000 	 438.639560 	 920.423833 	 848.000000 	 1.000000 
3.000000 	 433.374913 	 923.063337 	 864.000000 	 1.000000 
3.000000 	 427.727100 	 926.146696 	 880.000000 	 1.000000 
4.000000 	 349.485946 	 1084.441639 	 1120.000000 	 1.000000 
4.000000 	 350.377318 	 1085.169486 	 1136.000000 	 1.000000 
4.000000 	 351.670933 	 1086.012698 	 1152.000000 	 1.000000 
4.000000 	 353.076147 	 1086.738217 	 1168.000000 	 1.000000 
