stroke_id	 x	 y	 time	 is_writing
1.000000 	 312.070025 	 1074.306428 	 64.000000 	 1.000000 
1.000000 	 326.277561 	 1073.595892 	 80.000000 	 1.000000 
1.000000 	 349.701089 	 1072.735677 	 96.000000 	 1.000000 
1.000000 	 382.836353 	 1072.225383 	 112.000000 	 1.000000 
1.000000 	 424.456806 	 1072.757059 	 128.000000 	 1.000000 
1.000000 	 471.955961 	 1074.942754 	 144.000000 	 1.000000 
1.000000 	 522.043797 	 1079.054138 	 160.000000 	 1.000000 
1.000000 	 571.483713 	 1084.918327 	 176.000000 	 1.000000 
1.000000 	 617.628865 	 1091.992972 	 192.000000 	 1.000000 
1.000000 	 658.661267 	 1099.538533 	 208.000000 	 1.000000 
1.000000 	 693.570822 	 1106.785956 	 232.000000 	 1.000000 
1.000000 	 721.987037 	 1113.045764 	 248.000000 	 1.000000 
1.000000 	 743.986060 	 1117.762031 	 264.000000 	 1.000000 
1.000000 	 759.954605 	 1120.541114 	 280.000000 	 1.000000 
1.000000 	 770.526872 	 1121.178163 	 296.000000 	 1.000000 
1.000000 	 775.016443 	 1117.489663 	 312.000000 	 1.000000 
1.000000 	 756.833355 	 1084.164939 	 328.000000 	 1.000000 
1.000000 	 713.194366 	 1013.316649 	 344.000000 	 1.000000 
1.000000 	 659.631434 	 923.277590 	 360.000000 	 1.000000 
1.000000 	 607.523161 	 829.784229 	 376.000000 	 1.000000 
1.000000 	 561.825987 	 741.681094 	 400.000000 	 1.000000 
1.000000 	 523.747872 	 662.939149 	 416.000000 	 1.000000 
1.000000 	 492.824446 	 594.712872 	 432.000000 	 1.000000 
1.000000 	 468.013804 	 536.686244 	 448.000000 	 1.000000 
1.000000 	 448.214476 	 487.931675 	 464.000000 	 1.000000 
1.000000 	 433.962618 	 451.793695 	 480.000000 	 1.000000 
1.000000 	 425.750469 	 431.313539 	 496.000000 	 1.000000 
1.000000 	 421.228652 	 420.953225 	 512.000000 	 1.000000 
1.000000 	 418.525566 	 415.845542 	 528.000000 	 1.000000 
1.000000 	 416.676879 	 413.262311 	 544.000000 	 1.000000 
1.000000 	 415.242324 	 411.827713 	 560.000000 	 1.000000 
1.000000 	 414.030434 	 410.879517 	 576.000000 	 1.000000 
