stroke_id	 x	 y	 time	 is_writing
1.000000 	 277.947621 	 767.941428 	 48.000000 	 1.000000 
1.000000 	 283.506521 	 757.573574 	 80.000000 	 1.000000 
1.000000 	 290.537548 	 744.452627 	 96.000000 	 1.000000 
1.000000 	 299.076371 	 728.523027 	 112.000000 	 1.000000 
1.000000 	 309.062567 	 709.938505 	 128.000000 	 1.000000 
1.000000 	 320.471921 	 689.001448 	 144.000000 	 1.000000 
1.000000 	 333.989092 	 665.776495 	 160.000000 	 1.000000 
1.000000 	 350.123062 	 640.957989 	 176.000000 	 1.000000 
1.000000 	 368.261587 	 616.433791 	 200.000000 	 1.000000 
1.000000 	 387.163929 	 594.247048 	 216.000000 	 1.000000 
1.000000 	 405.603099 	 575.891990 	 232.000000 	 1.000000 
1.000000 	 422.729449 	 562.313426 	 248.000000 	 1.000000 
1.000000 	 438.113415 	 554.089379 	 264.000000 	 1.000000 
1.000000 	 451.629580 	 551.510888 	 280.000000 	 1.000000 
1.000000 	 463.330028 	 554.565741 	 296.000000 	 1.000000 
1.000000 	 473.357618 	 562.909975 	 312.000000 	 1.000000 
1.000000 	 481.895029 	 575.879844 	 328.000000 	 1.000000 
1.000000 	 489.134845 	 592.554732 	 352.000000 	 1.000000 
1.000000 	 495.261166 	 611.856689 	 368.000000 	 1.000000 
