stroke_id	 x	 y	 time	 is_writing
1.000000 	 398.658957 	 1143.327577 	 0.000000 	 1.000000 
1.000000 	 398.749614 	 1149.275612 	 0.000000 	 1.000000 
1.000000 	 399.260658 	 1156.700910 	 32.000000 	 1.000000 
1.000000 	 400.445768 	 1165.486387 	 64.000000 	 1.000000 
1.000000 	 402.544559 	 1175.372593 	 96.000000 	 1.000000 
1.000000 	 405.720936 	 1185.981059 	 128.000000 	 1.000000 
1.000000 	 410.324293 	 1197.006214 	 160.000000 	 1.000000 
1.000000 	 417.881383 	 1208.687718 	 160.000000 	 1.000000 
1.000000 	 430.493475 	 1221.028357 	 192.000000 	 1.000000 
1.000000 	 448.684167 	 1232.021136 	 192.000000 	 1.000000 
1.000000 	 470.445933 	 1238.011480 	 224.000000 	 1.000000 
1.000000 	 492.080476 	 1236.049904 	 224.000000 	 1.000000 
1.000000 	 510.201619 	 1225.379090 	 256.000000 	 1.000000 
1.000000 	 523.263480 	 1207.029799 	 288.000000 	 1.000000 
1.000000 	 531.619267 	 1182.751804 	 288.000000 	 1.000000 
1.000000 	 536.606554 	 1154.356019 	 320.000000 	 1.000000 
1.000000 	 539.547447 	 1123.466835 	 320.000000 	 1.000000 
1.000000 	 541.133005 	 1091.317132 	 352.000000 	 1.000000 
1.000000 	 541.271862 	 1058.495152 	 352.000000 	 1.000000 
1.000000 	 539.305289 	 1024.852362 	 384.000000 	 1.000000 
1.000000 	 534.416007 	 989.772343 	 384.000000 	 1.000000 
1.000000 	 526.040152 	 952.732562 	 416.000000 	 1.000000 
1.000000 	 514.139139 	 913.841619 	 448.000000 	 1.000000 
1.000000 	 499.578340 	 874.138318 	 448.000000 	 1.000000 
1.000000 	 491.494109 	 837.857910 	 480.000000 	 1.000000 
1.000000 	 503.966065 	 811.091425 	 480.000000 	 1.000000 
1.000000 	 533.910406 	 794.193937 	 512.000000 	 1.000000 
1.000000 	 570.523873 	 784.280203 	 544.000000 	 1.000000 
1.000000 	 606.012104 	 778.598428 	 576.000000 	 1.000000 
1.000000 	 637.092186 	 775.378490 	 576.000000 	 1.000000 
1.000000 	 663.346530 	 773.602932 	 608.000000 	 1.000000 
1.000000 	 685.495595 	 772.560272 	 608.000000 	 1.000000 
1.000000 	 704.283600 	 771.601628 	 640.000000 	 1.000000 
