stroke_id	 x	 y	 time	 is_writing
1.000000 	 428.173965 	 692.736872 	 0.000000 	 1.000000 
1.000000 	 427.680174 	 704.088731 	 32.000000 	 1.000000 
1.000000 	 428.365338 	 721.410061 	 48.000000 	 1.000000 
1.000000 	 430.439371 	 743.369604 	 80.000000 	 1.000000 
1.000000 	 433.891121 	 768.198734 	 112.000000 	 1.000000 
1.000000 	 439.302815 	 793.038433 	 128.000000 	 1.000000 
1.000000 	 447.782566 	 814.076276 	 144.000000 	 1.000000 
1.000000 	 460.096369 	 827.998390 	 160.000000 	 1.000000 
1.000000 	 475.777295 	 833.765077 	 176.000000 	 1.000000 
1.000000 	 493.197755 	 833.316034 	 192.000000 	 1.000000 
1.000000 	 510.994189 	 830.796692 	 216.000000 	 1.000000 
1.000000 	 530.772832 	 830.881543 	 232.000000 	 1.000000 
1.000000 	 556.325515 	 837.121208 	 248.000000 	 1.000000 
1.000000 	 587.834237 	 851.253187 	 264.000000 	 1.000000 
1.000000 	 620.826730 	 874.362498 	 280.000000 	 1.000000 
1.000000 	 650.680912 	 907.687518 	 296.000000 	 1.000000 
1.000000 	 675.473544 	 951.097923 	 312.000000 	 1.000000 
1.000000 	 695.888836 	 1000.605244 	 328.000000 	 1.000000 
