stroke_id	 x	 y	 time	 is_writing
1.000000 	 524.246025 	 1285.732059 	 0.000000 	 1.000000 
1.000000 	 522.903626 	 1281.144838 	 64.000000 	 1.000000 
1.000000 	 520.934893 	 1274.882743 	 64.000000 	 1.000000 
1.000000 	 518.216949 	 1266.558025 	 128.000000 	 1.000000 
1.000000 	 514.694351 	 1255.508944 	 128.000000 	 1.000000 
1.000000 	 510.476653 	 1240.866460 	 128.000000 	 1.000000 
1.000000 	 505.978939 	 1221.898895 	 128.000000 	 1.000000 
1.000000 	 502.027059 	 1198.487211 	 192.000000 	 1.000000 
1.000000 	 499.800831 	 1171.442303 	 192.000000 	 1.000000 
1.000000 	 500.620084 	 1142.551000 	 192.000000 	 1.000000 
1.000000 	 505.692169 	 1114.441666 	 192.000000 	 1.000000 
1.000000 	 515.690050 	 1090.211249 	 256.000000 	 1.000000 
1.000000 	 530.197879 	 1072.624214 	 256.000000 	 1.000000 
1.000000 	 547.712488 	 1063.168722 	 256.000000 	 1.000000 
1.000000 	 566.310243 	 1061.714840 	 256.000000 	 1.000000 
1.000000 	 584.292549 	 1066.921942 	 320.000000 	 1.000000 
1.000000 	 599.429627 	 1076.930619 	 320.000000 	 1.000000 
1.000000 	 607.014662 	 1092.373978 	 320.000000 	 1.000000 
1.000000 	 612.331626 	 1118.397285 	 384.000000 	 1.000000 
1.000000 	 617.242720 	 1151.274815 	 384.000000 	 1.000000 
1.000000 	 618.140571 	 1184.881370 	 384.000000 	 1.000000 
1.000000 	 611.854175 	 1214.275719 	 384.000000 	 1.000000 
1.000000 	 598.205098 	 1236.285907 	 448.000000 	 1.000000 
1.000000 	 579.361609 	 1249.883727 	 512.000000 	 1.000000 
1.000000 	 558.297269 	 1255.947415 	 512.000000 	 1.000000 
