stroke_id	 x	 y	 time	 is_writing
1.000000 	 391.153579 	 831.051835 	 80.000000 	 1.000000 
1.000000 	 384.848305 	 805.815896 	 96.000000 	 1.000000 
1.000000 	 375.340726 	 764.930644 	 112.000000 	 1.000000 
1.000000 	 370.060638 	 716.841956 	 128.000000 	 1.000000 
1.000000 	 372.201627 	 669.903442 	 144.000000 	 1.000000 
1.000000 	 381.113444 	 628.932496 	 160.000000 	 1.000000 
1.000000 	 394.969734 	 595.486036 	 176.000000 	 1.000000 
1.000000 	 412.125666 	 569.363663 	 192.000000 	 1.000000 
1.000000 	 431.308455 	 549.886796 	 208.000000 	 1.000000 
1.000000 	 451.505827 	 536.725911 	 224.000000 	 1.000000 
1.000000 	 472.106358 	 530.217991 	 240.000000 	 1.000000 
1.000000 	 493.258546 	 530.923651 	 256.000000 	 1.000000 
1.000000 	 515.717507 	 538.617764 	 272.000000 	 1.000000 
1.000000 	 539.860901 	 551.814429 	 288.000000 	 1.000000 
1.000000 	 564.904263 	 568.494437 	 304.000000 	 1.000000 
1.000000 	 589.224751 	 587.147254 	 320.000000 	 1.000000 
1.000000 	 611.264681 	 607.092830 	 336.000000 	 1.000000 
1.000000 	 630.113238 	 628.169413 	 352.000000 	 1.000000 
2.000000 	 609.621746 	 874.526053 	 384.000000 	 1.000000 
2.000000 	 585.973944 	 867.067325 	 400.000000 	 1.000000 
2.000000 	 555.579498 	 854.580767 	 416.000000 	 1.000000 
2.000000 	 524.973590 	 839.269540 	 432.000000 	 1.000000 
