stroke_id	 x	 y	 time	 is_writing
1.000000 	 437.728407 	 751.732310 	 0.000000 	 1.000000 
1.000000 	 446.531818 	 753.862731 	 48.000000 	 1.000000 
1.000000 	 461.056661 	 757.567262 	 64.000000 	 1.000000 
1.000000 	 481.195267 	 761.763890 	 96.000000 	 1.000000 
1.000000 	 504.934614 	 765.866048 	 128.000000 	 1.000000 
1.000000 	 529.714102 	 770.016568 	 160.000000 	 1.000000 
1.000000 	 553.142345 	 773.959501 	 192.000000 	 1.000000 
1.000000 	 573.453684 	 776.998996 	 224.000000 	 1.000000 
2.000000 	 527.423834 	 653.892247 	 384.000000 	 1.000000 
2.000000 	 532.377721 	 654.815131 	 416.000000 	 1.000000 
2.000000 	 539.709208 	 656.358016 	 432.000000 	 1.000000 
2.000000 	 549.283081 	 658.373110 	 448.000000 	 1.000000 
2.000000 	 560.785687 	 660.535672 	 464.000000 	 1.000000 
2.000000 	 574.268968 	 662.601884 	 480.000000 	 1.000000 
2.000000 	 589.655153 	 664.746883 	 512.000000 	 1.000000 
2.000000 	 605.567587 	 667.316954 	 544.000000 	 1.000000 
