stroke_id	 x	 y	 time	 is_writing
1.000000 	 451.254927 	 946.655114 	 0.000000 	 1.000000 
1.000000 	 450.967141 	 946.721853 	 32.000000 	 1.000000 
1.000000 	 442.071114 	 948.217276 	 64.000000 	 1.000000 
1.000000 	 420.924439 	 946.974844 	 96.000000 	 1.000000 
1.000000 	 400.888020 	 938.471770 	 160.000000 	 1.000000 
1.000000 	 384.705701 	 924.213185 	 192.000000 	 1.000000 
1.000000 	 369.492329 	 903.465758 	 224.000000 	 1.000000 
1.000000 	 355.880744 	 876.063835 	 256.000000 	 1.000000 
1.000000 	 347.202956 	 845.321770 	 288.000000 	 1.000000 
1.000000 	 345.398301 	 816.462440 	 320.000000 	 1.000000 
1.000000 	 349.343571 	 793.559482 	 352.000000 	 1.000000 
1.000000 	 355.718676 	 778.176640 	 384.000000 	 1.000000 
1.000000 	 360.493042 	 769.623980 	 416.000000 	 1.000000 
1.000000 	 360.435665 	 765.364867 	 448.000000 	 1.000000 
1.000000 	 354.381268 	 761.441781 	 480.000000 	 1.000000 
1.000000 	 343.857484 	 753.850126 	 512.000000 	 1.000000 
1.000000 	 333.379731 	 740.423015 	 544.000000 	 1.000000 
1.000000 	 329.622369 	 721.578280 	 576.000000 	 1.000000 
1.000000 	 336.884832 	 700.184527 	 608.000000 	 1.000000 
1.000000 	 352.506438 	 680.444598 	 640.000000 	 1.000000 
1.000000 	 368.631256 	 664.935794 	 672.000000 	 1.000000 
1.000000 	 378.101193 	 652.916442 	 704.000000 	 1.000000 
1.000000 	 378.089808 	 641.731937 	 736.000000 	 1.000000 
1.000000 	 369.905421 	 628.815581 	 768.000000 	 1.000000 
1.000000 	 357.254817 	 612.690309 	 800.000000 	 1.000000 
1.000000 	 344.611419 	 593.236679 	 832.000000 	 1.000000 
1.000000 	 335.969879 	 571.508441 	 896.000000 	 1.000000 
1.000000 	 333.946794 	 549.257310 	 928.000000 	 1.000000 
1.000000 	 339.292331 	 528.450867 	 960.000000 	 1.000000 
1.000000 	 350.896757 	 510.867185 	 992.000000 	 1.000000 
