stroke_id	 x	 y	 time	 is_writing
1.000000 	 966.975701 	 1824.529897 	 0.000000 	 1.000000 
1.000000 	 963.361062 	 1825.019145 	 20.000000 	 1.000000 
1.000000 	 939.282017 	 1834.118175 	 60.000000 	 1.000000 
1.000000 	 901.746236 	 1847.838412 	 92.000000 	 1.000000 
1.000000 	 851.492464 	 1843.509890 	 120.000000 	 1.000000 
1.000000 	 802.921890 	 1808.267451 	 136.000000 	 1.000000 
1.000000 	 774.275895 	 1752.783560 	 168.000000 	 1.000000 
1.000000 	 771.332254 	 1695.801092 	 188.000000 	 1.000000 
1.000000 	 788.423553 	 1649.686213 	 236.000000 	 1.000000 
1.000000 	 816.236474 	 1620.295975 	 252.000000 	 1.000000 
1.000000 	 843.634970 	 1607.450356 	 304.000000 	 1.000000 
1.000000 	 861.923184 	 1602.146756 	 320.000000 	 1.000000 
1.000000 	 861.966680 	 1586.523704 	 372.000000 	 1.000000 
1.000000 	 843.042401 	 1540.132365 	 388.000000 	 1.000000 
1.000000 	 816.346853 	 1480.052057 	 436.000000 	 1.000000 
1.000000 	 783.440133 	 1419.241178 	 456.000000 	 1.000000 
1.000000 	 770.608758 	 1362.335097 	 504.000000 	 1.000000 
1.000000 	 773.613609 	 1318.591848 	 524.000000 	 1.000000 
1.000000 	 791.148774 	 1278.178136 	 572.000000 	 1.000000 
1.000000 	 817.349219 	 1253.229555 	 588.000000 	 1.000000 
1.000000 	 835.332504 	 1236.311606 	 640.000000 	 1.000000 
1.000000 	 849.724329 	 1221.638142 	 656.000000 	 1.000000 
1.000000 	 854.436295 	 1211.640376 	 708.000000 	 1.000000 
1.000000 	 848.075478 	 1194.046962 	 724.000000 	 1.000000 
1.000000 	 844.131811 	 1167.643202 	 772.000000 	 1.000000 
1.000000 	 847.071667 	 1141.948894 	 792.000000 	 1.000000 
1.000000 	 857.346765 	 1118.637105 	 844.000000 	 1.000000 
