stroke_id	 x	 y	 time	 is_writing
1.000000 	 774.111209 	 1173.946271 	 0.000000 	 1.000000 
1.000000 	 767.392094 	 1161.385921 	 64.000000 	 1.000000 
1.000000 	 758.251082 	 1144.320208 	 64.000000 	 1.000000 
1.000000 	 747.529569 	 1124.200534 	 64.000000 	 1.000000 
1.000000 	 736.004211 	 1102.642837 	 128.000000 	 1.000000 
1.000000 	 724.044990 	 1080.964719 	 128.000000 	 1.000000 
1.000000 	 711.670162 	 1060.366994 	 128.000000 	 1.000000 
1.000000 	 698.852620 	 1042.259851 	 128.000000 	 1.000000 
1.000000 	 685.832722 	 1028.225891 	 192.000000 	 1.000000 
1.000000 	 673.198374 	 1019.610830 	 320.000000 	 1.000000 
1.000000 	 661.664824 	 1017.102982 	 384.000000 	 1.000000 
1.000000 	 651.743179 	 1020.553268 	 384.000000 	 1.000000 
1.000000 	 643.560252 	 1028.995804 	 384.000000 	 1.000000 
1.000000 	 636.961986 	 1040.820017 	 448.000000 	 1.000000 
1.000000 	 631.769290 	 1054.499326 	 448.000000 	 1.000000 
1.000000 	 628.209664 	 1071.552545 	 448.000000 	 1.000000 
1.000000 	 629.421014 	 1090.746170 	 448.000000 	 1.000000 
1.000000 	 635.378023 	 1105.517194 	 512.000000 	 1.000000 
1.000000 	 645.368307 	 1105.177331 	 512.000000 	 1.000000 
1.000000 	 651.559627 	 1092.643028 	 512.000000 	 1.000000 
1.000000 	 649.625616 	 1082.796961 	 512.000000 	 1.000000 
1.000000 	 641.435617 	 1079.669744 	 576.000000 	 1.000000 
2.000000 	 657.084751 	 1036.292677 	 768.000000 	 1.000000 
2.000000 	 657.530728 	 1039.144022 	 768.000000 	 1.000000 
2.000000 	 658.223253 	 1043.309060 	 768.000000 	 1.000000 
2.000000 	 659.233669 	 1048.831643 	 768.000000 	 1.000000 
2.000000 	 660.624473 	 1055.576332 	 832.000000 	 1.000000 
2.000000 	 662.454195 	 1063.177857 	 832.000000 	 1.000000 
2.000000 	 665.002533 	 1070.530042 	 832.000000 	 1.000000 
2.000000 	 668.792971 	 1075.578189 	 832.000000 	 1.000000 
2.000000 	 673.697171 	 1076.784106 	 896.000000 	 1.000000 
2.000000 	 678.593753 	 1074.135222 	 896.000000 	 1.000000 
2.000000 	 682.207447 	 1068.829089 	 896.000000 	 1.000000 
2.000000 	 683.850139 	 1062.448672 	 896.000000 	 1.000000 
2.000000 	 683.240748 	 1056.349425 	 960.000000 	 1.000000 
2.000000 	 680.475131 	 1051.555098 	 960.000000 	 1.000000 
