stroke_id	 x	 y	 time	 is_writing
1.000000 	 475.073295 	 1124.380579 	 0.000000 	 1.000000 
1.000000 	 482.900526 	 1122.063350 	 8.000000 	 1.000000 
1.000000 	 495.365739 	 1117.937591 	 56.000000 	 1.000000 
1.000000 	 512.717380 	 1112.434170 	 72.000000 	 1.000000 
1.000000 	 533.605627 	 1107.094648 	 124.000000 	 1.000000 
1.000000 	 554.853639 	 1104.077134 	 140.000000 	 1.000000 
1.000000 	 572.357545 	 1105.248994 	 172.000000 	 1.000000 
1.000000 	 582.940315 	 1111.832107 	 188.000000 	 1.000000 
1.000000 	 584.903302 	 1124.593254 	 240.000000 	 1.000000 
1.000000 	 575.960472 	 1141.320454 	 256.000000 	 1.000000 
1.000000 	 559.479039 	 1152.514653 	 304.000000 	 1.000000 
1.000000 	 546.084420 	 1132.030393 	 320.000000 	 1.000000 
1.000000 	 546.576909 	 1086.257495 	 356.000000 	 1.000000 
1.000000 	 564.100810 	 1039.548345 	 372.000000 	 1.000000 
1.000000 	 593.806577 	 1003.114752 	 404.000000 	 1.000000 
1.000000 	 629.121824 	 979.255299 	 424.000000 	 1.000000 
1.000000 	 664.950847 	 966.324754 	 456.000000 	 1.000000 
1.000000 	 698.113385 	 961.597462 	 472.000000 	 1.000000 
1.000000 	 724.046393 	 962.376227 	 488.000000 	 1.000000 
