stroke_id	 x	 y	 time	 is_writing
1.000000 	 198.202530 	 867.259752 	 0.000000 	 1.000000 
1.000000 	 199.659515 	 868.096588 	 40.000000 	 1.000000 
1.000000 	 203.053502 	 890.570945 	 56.000000 	 1.000000 
1.000000 	 215.485946 	 920.853791 	 72.000000 	 1.000000 
1.000000 	 235.322927 	 942.499136 	 88.000000 	 1.000000 
1.000000 	 257.761317 	 952.616351 	 112.000000 	 1.000000 
1.000000 	 279.667844 	 951.918896 	 128.000000 	 1.000000 
1.000000 	 298.690962 	 941.103176 	 144.000000 	 1.000000 
1.000000 	 312.807919 	 920.903659 	 160.000000 	 1.000000 
1.000000 	 320.821920 	 893.078389 	 176.000000 	 1.000000 
1.000000 	 324.717236 	 861.034826 	 192.000000 	 1.000000 
1.000000 	 327.846972 	 827.524580 	 208.000000 	 1.000000 
1.000000 	 324.384120 	 795.700515 	 224.000000 	 1.000000 
1.000000 	 315.507488 	 768.927513 	 240.000000 	 1.000000 
1.000000 	 304.250334 	 747.485668 	 256.000000 	 1.000000 
1.000000 	 292.892865 	 730.261781 	 272.000000 	 1.000000 
1.000000 	 282.828856 	 715.874967 	 288.000000 	 1.000000 
1.000000 	 274.724740 	 703.139091 	 312.000000 	 1.000000 
1.000000 	 268.724188 	 691.229570 	 328.000000 	 1.000000 
1.000000 	 264.648106 	 679.693414 	 344.000000 	 1.000000 
1.000000 	 262.157398 	 668.379985 	 360.000000 	 1.000000 
1.000000 	 260.867501 	 657.343826 	 368.000000 	 1.000000 
