stroke_id	 x	 y	 time	 is_writing
1.000000 	 634.926534 	 1174.486226 	 96.000000 	 1.000000 
1.000000 	 618.904272 	 1155.003668 	 96.000000 	 1.000000 
1.000000 	 588.310263 	 1115.342452 	 96.000000 	 1.000000 
1.000000 	 552.279175 	 1064.598020 	 128.000000 	 1.000000 
1.000000 	 518.678699 	 1012.374908 	 160.000000 	 1.000000 
1.000000 	 491.269984 	 964.597062 	 160.000000 	 1.000000 
1.000000 	 469.793360 	 922.076021 	 192.000000 	 1.000000 
1.000000 	 451.346315 	 880.462268 	 192.000000 	 1.000000 
1.000000 	 436.686327 	 836.085039 	 224.000000 	 1.000000 
1.000000 	 430.498633 	 790.298514 	 224.000000 	 1.000000 
1.000000 	 435.495895 	 748.544787 	 256.000000 	 1.000000 
1.000000 	 450.408193 	 715.416126 	 256.000000 	 1.000000 
1.000000 	 471.986818 	 691.078874 	 288.000000 	 1.000000 
1.000000 	 495.945966 	 672.523651 	 288.000000 	 1.000000 
1.000000 	 517.838434 	 658.059509 	 320.000000 	 1.000000 
1.000000 	 536.057461 	 648.999460 	 320.000000 	 1.000000 
1.000000 	 552.804103 	 646.439462 	 352.000000 	 1.000000 
1.000000 	 570.890997 	 648.787663 	 352.000000 	 1.000000 
1.000000 	 590.869660 	 653.183620 	 384.000000 	 1.000000 
1.000000 	 611.310176 	 657.811210 	 384.000000 	 1.000000 
1.000000 	 630.484284 	 662.668180 	 416.000000 	 1.000000 
1.000000 	 647.376272 	 668.941936 	 416.000000 	 1.000000 
1.000000 	 661.763631 	 678.651364 	 448.000000 	 1.000000 
1.000000 	 672.983544 	 703.686491 	 448.000000 	 1.000000 
1.000000 	 676.352987 	 738.094711 	 480.000000 	 1.000000 
1.000000 	 671.119547 	 769.969434 	 480.000000 	 1.000000 
1.000000 	 660.571452 	 795.169107 	 512.000000 	 1.000000 
1.000000 	 647.601106 	 813.968914 	 544.000000 	 1.000000 
1.000000 	 633.610514 	 827.797038 	 544.000000 	 1.000000 
1.000000 	 618.995665 	 837.924881 	 576.000000 	 1.000000 
1.000000 	 603.734334 	 845.191107 	 576.000000 	 1.000000 
1.000000 	 587.745907 	 850.064644 	 608.000000 	 1.000000 
1.000000 	 571.058624 	 852.777045 	 608.000000 	 1.000000 
1.000000 	 553.858837 	 853.447733 	 640.000000 	 1.000000 
1.000000 	 536.472845 	 852.183073 	 640.000000 	 1.000000 
1.000000 	 519.312760 	 849.142528 	 672.000000 	 1.000000 
1.000000 	 502.809089 	 844.569102 	 672.000000 	 1.000000 
1.000000 	 487.348011 	 838.786596 	 704.000000 	 1.000000 
1.000000 	 473.226056 	 832.172170 	 704.000000 	 1.000000 
1.000000 	 460.628000 	 825.116569 	 704.000000 	 1.000000 
