stroke_id	 x	 y	 time	 is_writing
1.000000 	 342.036143 	 653.660260 	 0.000000 	 1.000000 
1.000000 	 342.322883 	 658.250741 	 0.000000 	 1.000000 
1.000000 	 340.748550 	 661.268772 	 16.000000 	 1.000000 
1.000000 	 339.151901 	 656.113895 	 32.000000 	 1.000000 
1.000000 	 339.050515 	 636.973352 	 48.000000 	 1.000000 
1.000000 	 341.041990 	 604.003370 	 64.000000 	 1.000000 
1.000000 	 345.167072 	 562.743601 	 80.000000 	 1.000000 
1.000000 	 350.923853 	 519.830745 	 96.000000 	 1.000000 
1.000000 	 357.464828 	 480.095786 	 112.000000 	 1.000000 
1.000000 	 363.957915 	 445.929579 	 128.000000 	 1.000000 
1.000000 	 369.827520 	 417.844311 	 144.000000 	 1.000000 
1.000000 	 374.800422 	 395.287623 	 176.000000 	 1.000000 
1.000000 	 378.836461 	 377.293079 	 192.000000 	 1.000000 
1.000000 	 382.031100 	 362.879267 	 208.000000 	 1.000000 
1.000000 	 384.534113 	 351.237159 	 224.000000 	 1.000000 
2.000000 	 261.285613 	 634.107736 	 432.000000 	 1.000000 
2.000000 	 262.764616 	 634.357128 	 448.000000 	 1.000000 
2.000000 	 272.738616 	 635.803278 	 464.000000 	 1.000000 
2.000000 	 299.038219 	 637.333886 	 480.000000 	 1.000000 
2.000000 	 341.466262 	 636.817612 	 512.000000 	 1.000000 
2.000000 	 391.660170 	 634.221399 	 528.000000 	 1.000000 
2.000000 	 439.420307 	 629.080164 	 560.000000 	 1.000000 
2.000000 	 480.907352 	 617.404735 	 576.000000 	 1.000000 
2.000000 	 518.520413 	 594.605849 	 592.000000 	 1.000000 
2.000000 	 554.139410 	 559.215852 	 608.000000 	 1.000000 
2.000000 	 585.075216 	 513.565092 	 624.000000 	 1.000000 
2.000000 	 605.851207 	 462.695098 	 640.000000 	 1.000000 
2.000000 	 612.308747 	 412.478538 	 656.000000 	 1.000000 
2.000000 	 603.936168 	 367.623112 	 672.000000 	 1.000000 
2.000000 	 583.444818 	 330.543793 	 688.000000 	 1.000000 
2.000000 	 555.017833 	 301.469795 	 704.000000 	 1.000000 
2.000000 	 522.758501 	 279.287311 	 720.000000 	 1.000000 
2.000000 	 489.946379 	 262.439017 	 736.000000 	 1.000000 
2.000000 	 460.881595 	 249.918861 	 752.000000 	 1.000000 
2.000000 	 439.959741 	 241.121924 	 784.000000 	 1.000000 
