stroke_id	 x	 y	 time	 is_writing
1.000000 	 491.314677 	 471.622991 	 0.000000 	 1.000000 
1.000000 	 490.391038 	 476.080082 	 48.000000 	 1.000000 
1.000000 	 489.287472 	 483.296970 	 48.000000 	 1.000000 
1.000000 	 488.146242 	 494.287771 	 80.000000 	 1.000000 
1.000000 	 486.976482 	 509.885257 	 96.000000 	 1.000000 
1.000000 	 485.665590 	 530.422506 	 112.000000 	 1.000000 
1.000000 	 484.163621 	 555.620122 	 128.000000 	 1.000000 
1.000000 	 482.650512 	 584.719878 	 144.000000 	 1.000000 
1.000000 	 481.571365 	 616.715717 	 160.000000 	 1.000000 
1.000000 	 481.564522 	 650.549911 	 176.000000 	 1.000000 
1.000000 	 483.340158 	 685.236331 	 192.000000 	 1.000000 
1.000000 	 487.544421 	 719.922539 	 208.000000 	 1.000000 
1.000000 	 494.631456 	 753.909277 	 224.000000 	 1.000000 
1.000000 	 504.765354 	 786.638505 	 240.000000 	 1.000000 
1.000000 	 517.771036 	 817.655236 	 256.000000 	 1.000000 
1.000000 	 533.146857 	 846.552417 	 272.000000 	 1.000000 
1.000000 	 550.147716 	 872.922345 	 288.000000 	 1.000000 
2.000000 	 422.358165 	 679.710302 	 512.000000 	 1.000000 
2.000000 	 428.986111 	 684.291971 	 528.000000 	 1.000000 
2.000000 	 438.557591 	 690.929211 	 544.000000 	 1.000000 
2.000000 	 451.355225 	 699.815964 	 560.000000 	 1.000000 
2.000000 	 467.300793 	 710.884527 	 576.000000 	 1.000000 
2.000000 	 485.888849 	 723.755009 	 592.000000 	 1.000000 
2.000000 	 506.200661 	 737.745255 	 608.000000 	 1.000000 
2.000000 	 527.041316 	 751.981261 	 624.000000 	 1.000000 
