stroke_id	 x	 y	 time	 is_writing
1.000000 	 397.030078 	 880.776013 	 0.000000 	 1.000000 
1.000000 	 397.202165 	 877.511102 	 59.000000 	 1.000000 
1.000000 	 397.422897 	 873.349497 	 82.000000 	 1.000000 
1.000000 	 397.728700 	 867.612499 	 99.000000 	 1.000000 
1.000000 	 398.157204 	 859.508348 	 115.000000 	 1.000000 
1.000000 	 398.646963 	 850.220192 	 132.000000 	 1.000000 
1.000000 	 399.183191 	 840.470935 	 147.000000 	 1.000000 
1.000000 	 399.797048 	 830.404410 	 165.000000 	 1.000000 
1.000000 	 400.466407 	 820.304550 	 189.000000 	 1.000000 
2.000000 	 290.702523 	 776.687730 	 321.000000 	 1.000000 
2.000000 	 291.193093 	 776.805446 	 394.000000 	 1.000000 
2.000000 	 292.240529 	 777.016147 	 416.000000 	 1.000000 
2.000000 	 294.433392 	 777.319591 	 433.000000 	 1.000000 
2.000000 	 298.460633 	 777.718857 	 449.000000 	 1.000000 
2.000000 	 304.784372 	 778.210316 	 466.000000 	 1.000000 
2.000000 	 313.431566 	 778.741825 	 483.000000 	 1.000000 
2.000000 	 323.961760 	 779.225025 	 499.000000 	 1.000000 
2.000000 	 335.575671 	 779.582990 	 537.000000 	 1.000000 
3.000000 	 389.214866 	 802.813647 	 695.000000 	 1.000000 
3.000000 	 389.829202 	 801.590680 	 743.000000 	 1.000000 
3.000000 	 391.539465 	 798.656510 	 767.000000 	 1.000000 
3.000000 	 395.380028 	 792.786153 	 784.000000 	 1.000000 
3.000000 	 401.863365 	 783.396353 	 800.000000 	 1.000000 
3.000000 	 410.796535 	 770.900339 	 817.000000 	 1.000000 
3.000000 	 421.847710 	 756.478190 	 850.000000 	 1.000000 
3.000000 	 434.593187 	 741.539491 	 867.000000 	 1.000000 
4.000000 	 496.971115 	 746.901542 	 1063.000000 	 1.000000 
4.000000 	 496.967942 	 746.898434 	 1111.000000 	 1.000000 
4.000000 	 496.719169 	 746.654743 	 1134.000000 	 1.000000 
4.000000 	 494.851408 	 744.824212 	 1165.000000 	 1.000000 
4.000000 	 489.596125 	 739.664871 	 1184.000000 	 1.000000 
4.000000 	 480.539727 	 730.743512 	 1201.000000 	 1.000000 
4.000000 	 468.642632 	 718.968308 	 1218.000000 	 1.000000 
4.000000 	 455.307384 	 705.710042 	 1235.000000 	 1.000000 
4.000000 	 441.642696 	 692.100783 	 1251.000000 	 1.000000 
4.000000 	 428.244690 	 678.778584 	 1268.000000 	 1.000000 
4.000000 	 415.421833 	 665.992757 	 1284.000000 	 1.000000 
4.000000 	 403.526320 	 653.875278 	 1302.000000 	 1.000000 
