stroke_id	 x	 y	 time	 is_writing
1.000000 	 477.280780 	 1281.325473 	 0.000000 	 1.000000 
1.000000 	 474.271572 	 1264.088465 	 21.000000 	 1.000000 
1.000000 	 469.351804 	 1239.201011 	 33.000000 	 1.000000 
1.000000 	 461.888365 	 1207.826550 	 50.000000 	 1.000000 
1.000000 	 451.622869 	 1173.160591 	 67.000000 	 1.000000 
1.000000 	 438.901092 	 1139.418218 	 83.000000 	 1.000000 
1.000000 	 424.596260 	 1110.565837 	 100.000000 	 1.000000 
1.000000 	 409.813807 	 1089.407048 	 117.000000 	 1.000000 
1.000000 	 395.563569 	 1077.234662 	 137.000000 	 1.000000 
1.000000 	 382.554491 	 1073.947714 	 344.000000 	 1.000000 
1.000000 	 371.194510 	 1078.383652 	 369.000000 	 1.000000 
1.000000 	 361.850510 	 1088.574586 	 384.000000 	 1.000000 
1.000000 	 355.363962 	 1101.736409 	 401.000000 	 1.000000 
1.000000 	 353.518517 	 1114.170188 	 418.000000 	 1.000000 
1.000000 	 358.821504 	 1121.640484 	 434.000000 	 1.000000 
1.000000 	 373.284205 	 1120.551949 	 451.000000 	 1.000000 
1.000000 	 397.076575 	 1109.241427 	 468.000000 	 1.000000 
1.000000 	 431.956388 	 1084.446278 	 484.000000 	 1.000000 
2.000000 	 577.867646 	 927.695660 	 783.000000 	 1.000000 
2.000000 	 572.609555 	 928.710425 	 806.000000 	 1.000000 
2.000000 	 565.271080 	 930.015784 	 818.000000 	 1.000000 
2.000000 	 555.695582 	 931.525836 	 835.000000 	 1.000000 
2.000000 	 543.964776 	 933.077295 	 852.000000 	 1.000000 
2.000000 	 530.427182 	 934.454086 	 868.000000 	 1.000000 
2.000000 	 515.664199 	 935.437714 	 885.000000 	 1.000000 
2.000000 	 500.393723 	 935.869423 	 903.000000 	 1.000000 
3.000000 	 505.631801 	 801.449082 	 1162.000000 	 1.000000 
3.000000 	 504.439456 	 808.813159 	 1186.000000 	 1.000000 
3.000000 	 502.463075 	 820.494617 	 1202.000000 	 1.000000 
3.000000 	 499.415522 	 837.207604 	 1219.000000 	 1.000000 
3.000000 	 495.025089 	 859.006882 	 1236.000000 	 1.000000 
3.000000 	 489.126868 	 885.149620 	 1253.000000 	 1.000000 
3.000000 	 481.775844 	 914.110366 	 1272.000000 	 1.000000 
