stroke_id	 x	 y	 time	 is_writing
1.000000 	 511.317794 	 1124.955212 	 40.000000 	 1.000000 
1.000000 	 496.731151 	 1124.009510 	 72.000000 	 1.000000 
1.000000 	 477.196397 	 1120.004614 	 96.000000 	 1.000000 
1.000000 	 457.016837 	 1111.490060 	 128.000000 	 1.000000 
1.000000 	 439.224345 	 1098.647460 	 144.000000 	 1.000000 
1.000000 	 425.301203 	 1082.453791 	 176.000000 	 1.000000 
1.000000 	 415.763189 	 1063.979455 	 192.000000 	 1.000000 
1.000000 	 410.660666 	 1044.045896 	 224.000000 	 1.000000 
1.000000 	 409.789189 	 1023.071456 	 240.000000 	 1.000000 
1.000000 	 412.692693 	 1001.061958 	 256.000000 	 1.000000 
1.000000 	 418.616689 	 977.777626 	 280.000000 	 1.000000 
1.000000 	 426.553071 	 953.012009 	 296.000000 	 1.000000 
1.000000 	 435.412149 	 926.821707 	 312.000000 	 1.000000 
1.000000 	 444.220786 	 899.600757 	 344.000000 	 1.000000 
1.000000 	 452.218231 	 872.024965 	 360.000000 	 1.000000 
1.000000 	 458.823047 	 844.943637 	 376.000000 	 1.000000 
1.000000 	 463.552595 	 819.264905 	 392.000000 	 1.000000 
1.000000 	 465.990462 	 795.854819 	 408.000000 	 1.000000 
1.000000 	 465.827620 	 775.468246 	 424.000000 	 1.000000 
1.000000 	 462.932284 	 758.715447 	 440.000000 	 1.000000 
1.000000 	 457.397860 	 746.047308 	 456.000000 	 1.000000 
1.000000 	 449.721544 	 737.805868 	 472.000000 	 1.000000 
1.000000 	 441.739078 	 734.582293 	 496.000000 	 1.000000 
1.000000 	 437.422319 	 737.583840 	 512.000000 	 1.000000 
1.000000 	 441.025324 	 748.157840 	 528.000000 	 1.000000 
1.000000 	 453.986055 	 766.876114 	 544.000000 	 1.000000 
1.000000 	 474.071449 	 792.986948 	 560.000000 	 1.000000 
1.000000 	 497.071370 	 824.433219 	 576.000000 	 1.000000 
1.000000 	 518.983069 	 858.433537 	 592.000000 	 1.000000 
1.000000 	 537.188669 	 892.334366 	 608.000000 	 1.000000 
1.000000 	 550.529181 	 924.243255 	 624.000000 	 1.000000 
1.000000 	 558.854027 	 953.196718 	 656.000000 	 1.000000 
1.000000 	 562.546461 	 978.962598 	 680.000000 	 1.000000 
1.000000 	 562.223871 	 1001.708789 	 696.000000 	 1.000000 
1.000000 	 558.617637 	 1021.711652 	 712.000000 	 1.000000 
