stroke_id	 x	 y	 time	 is_writing
1.000000 	 552.971512 	 1642.994869 	 0.000000 	 1.000000 
1.000000 	 557.029811 	 1655.542148 	 28.000000 	 1.000000 
1.000000 	 567.868742 	 1676.264340 	 62.000000 	 1.000000 
1.000000 	 592.525197 	 1701.851461 	 80.000000 	 1.000000 
1.000000 	 631.275293 	 1721.110649 	 128.000000 	 1.000000 
1.000000 	 670.261372 	 1698.253572 	 146.000000 	 1.000000 
1.000000 	 690.877654 	 1620.341838 	 196.000000 	 1.000000 
1.000000 	 688.812649 	 1524.824398 	 214.000000 	 1.000000 
1.000000 	 674.783491 	 1443.261400 	 264.000000 	 1.000000 
1.000000 	 660.346940 	 1384.513879 	 280.000000 	 1.000000 
1.000000 	 650.752052 	 1346.041933 	 304.000000 	 1.000000 
2.000000 	 709.059862 	 933.551587 	 400.000000 	 1.000000 
2.000000 	 708.357154 	 934.865882 	 416.000000 	 1.000000 
2.000000 	 706.009633 	 935.898426 	 448.000000 	 1.000000 
2.000000 	 704.134114 	 935.106345 	 466.000000 	 1.000000 
2.000000 	 703.343173 	 933.511305 	 516.000000 	 1.000000 
