stroke_id	 x	 y	 time	 is_writing
1.000000 	 351.714357 	 1074.547748 	 0.000000 	 1.000000 
1.000000 	 346.940962 	 1024.366171 	 63.000000 	 1.000000 
1.000000 	 360.414958 	 813.327692 	 145.000000 	 1.000000 
1.000000 	 455.254674 	 617.116224 	 227.000000 	 1.000000 
1.000000 	 581.190443 	 552.417104 	 309.000000 	 1.000000 
1.000000 	 679.965459 	 597.836696 	 391.000000 	 1.000000 
1.000000 	 734.673874 	 717.673816 	 473.000000 	 1.000000 
1.000000 	 781.944568 	 853.188118 	 510.000000 	 1.000000 
