stroke_id	 x	 y	 time	 is_writing
1.000000 	 418.216728 	 1406.128504 	 47.000000 	 1.000000 
1.000000 	 419.362012 	 1399.111516 	 64.000000 	 1.000000 
1.000000 	 423.611169 	 1374.480279 	 81.000000 	 1.000000 
1.000000 	 430.793203 	 1332.183433 	 97.000000 	 1.000000 
1.000000 	 439.508337 	 1279.386819 	 114.000000 	 1.000000 
1.000000 	 448.371159 	 1224.192005 	 131.000000 	 1.000000 
1.000000 	 456.561066 	 1172.372680 	 148.000000 	 1.000000 
1.000000 	 463.783348 	 1126.959751 	 165.000000 	 1.000000 
1.000000 	 470.053871 	 1088.956054 	 181.000000 	 1.000000 
1.000000 	 475.514304 	 1058.174176 	 198.000000 	 1.000000 
1.000000 	 480.321262 	 1033.858629 	 215.000000 	 1.000000 
1.000000 	 484.594671 	 1015.062343 	 227.000000 	 1.000000 
1.000000 	 488.403208 	 1000.841155 	 247.000000 	 1.000000 
2.000000 	 536.295265 	 887.822208 	 299.000000 	 1.000000 
2.000000 	 528.090408 	 893.420333 	 316.000000 	 1.000000 
2.000000 	 515.195566 	 902.023118 	 333.000000 	 1.000000 
2.000000 	 501.291098 	 912.273757 	 350.000000 	 1.000000 
2.000000 	 489.545986 	 923.956511 	 367.000000 	 1.000000 
2.000000 	 481.744498 	 937.962986 	 384.000000 	 1.000000 
2.000000 	 478.908960 	 955.311941 	 401.000000 	 1.000000 
2.000000 	 481.941002 	 976.211177 	 417.000000 	 1.000000 
2.000000 	 491.612131 	 999.554718 	 434.000000 	 1.000000 
2.000000 	 508.043883 	 1023.066018 	 451.000000 	 1.000000 
2.000000 	 530.349403 	 1044.002997 	 468.000000 	 1.000000 
2.000000 	 557.002514 	 1059.961424 	 485.000000 	 1.000000 
2.000000 	 586.473583 	 1069.406097 	 502.000000 	 1.000000 
2.000000 	 617.406342 	 1071.725822 	 519.000000 	 1.000000 
2.000000 	 648.337643 	 1066.865609 	 535.000000 	 1.000000 
2.000000 	 677.364134 	 1055.009841 	 552.000000 	 1.000000 
2.000000 	 702.111604 	 1036.675267 	 569.000000 	 1.000000 
2.000000 	 720.138205 	 1013.025789 	 586.000000 	 1.000000 
2.000000 	 729.590385 	 985.965234 	 603.000000 	 1.000000 
2.000000 	 729.725532 	 957.818127 	 618.000000 	 1.000000 
2.000000 	 721.018203 	 930.794764 	 637.000000 	 1.000000 
2.000000 	 704.867985 	 906.563714 	 654.000000 	 1.000000 
2.000000 	 683.139761 	 886.099722 	 670.000000 	 1.000000 
2.000000 	 657.763711 	 869.764504 	 687.000000 	 1.000000 
2.000000 	 630.494667 	 857.484467 	 704.000000 	 1.000000 
