stroke_id	 x	 y	 time	 is_writing
1.000000 	 322.595352 	 723.906481 	 0.000000 	 1.000000 
1.000000 	 319.670568 	 718.216342 	 32.000000 	 1.000000 
1.000000 	 315.203630 	 709.547246 	 64.000000 	 1.000000 
1.000000 	 308.876701 	 697.296778 	 64.000000 	 1.000000 
1.000000 	 300.523177 	 681.135394 	 96.000000 	 1.000000 
1.000000 	 290.209307 	 661.119173 	 96.000000 	 1.000000 
1.000000 	 278.290095 	 637.734012 	 128.000000 	 1.000000 
1.000000 	 265.422053 	 611.857838 	 128.000000 	 1.000000 
1.000000 	 252.521700 	 584.650227 	 160.000000 	 1.000000 
1.000000 	 240.669389 	 557.396454 	 160.000000 	 1.000000 
1.000000 	 230.971667 	 531.340749 	 192.000000 	 1.000000 
1.000000 	 224.407465 	 507.541129 	 192.000000 	 1.000000 
1.000000 	 221.689355 	 486.768748 	 224.000000 	 1.000000 
1.000000 	 223.168125 	 469.462067 	 224.000000 	 1.000000 
1.000000 	 228.798006 	 455.734010 	 256.000000 	 1.000000 
1.000000 	 238.165000 	 445.420863 	 256.000000 	 1.000000 
1.000000 	 250.566854 	 438.156483 	 288.000000 	 1.000000 
1.000000 	 265.124055 	 433.454520 	 288.000000 	 1.000000 
1.000000 	 280.898486 	 430.784277 	 320.000000 	 1.000000 
2.000000 	 368.964300 	 535.800532 	 576.000000 	 1.000000 
2.000000 	 368.122710 	 532.609163 	 608.000000 	 1.000000 
2.000000 	 367.306065 	 529.650968 	 640.000000 	 1.000000 
2.000000 	 364.741941 	 520.249999 	 640.000000 	 1.000000 
2.000000 	 353.216025 	 478.985552 	 672.000000 	 1.000000 
2.000000 	 333.815561 	 413.276826 	 672.000000 	 1.000000 
2.000000 	 312.500228 	 345.921028 	 704.000000 	 1.000000 
2.000000 	 293.123785 	 288.652248 	 704.000000 	 1.000000 
2.000000 	 277.155037 	 243.860270 	 736.000000 	 1.000000 
2.000000 	 264.695531 	 209.549290 	 736.000000 	 1.000000 
2.000000 	 255.302703 	 182.757201 	 768.000000 	 1.000000 
2.000000 	 248.485356 	 161.612212 	 800.000000 	 1.000000 
