stroke_id	 x	 y	 time	 is_writing
1.000000 	 589.027402 	 1101.145423 	 0.000000 	 1.000000 
1.000000 	 585.247840 	 1103.912012 	 24.000000 	 1.000000 
1.000000 	 566.711875 	 1120.746183 	 60.000000 	 1.000000 
1.000000 	 524.749967 	 1149.007805 	 92.000000 	 1.000000 
1.000000 	 466.380543 	 1168.947219 	 126.000000 	 1.000000 
1.000000 	 407.308172 	 1170.116421 	 160.000000 	 1.000000 
1.000000 	 358.146248 	 1154.001472 	 192.000000 	 1.000000 
1.000000 	 326.765389 	 1125.326711 	 226.000000 	 1.000000 
1.000000 	 313.903577 	 1093.423015 	 260.000000 	 1.000000 
1.000000 	 314.916912 	 1063.722947 	 292.000000 	 1.000000 
1.000000 	 333.690676 	 1041.650926 	 328.000000 	 1.000000 
1.000000 	 392.715026 	 1045.993851 	 360.000000 	 1.000000 
1.000000 	 448.117168 	 1068.496508 	 392.000000 	 1.000000 
1.000000 	 485.803150 	 1090.848235 	 428.000000 	 1.000000 
1.000000 	 510.796804 	 1104.694784 	 460.000000 	 1.000000 
1.000000 	 528.170448 	 1106.488506 	 494.000000 	 1.000000 
1.000000 	 540.906257 	 1094.439278 	 528.000000 	 1.000000 
1.000000 	 550.461557 	 1069.025858 	 560.000000 	 1.000000 
1.000000 	 557.457630 	 1033.107090 	 594.000000 	 1.000000 
1.000000 	 562.377999 	 990.631979 	 628.000000 	 1.000000 
1.000000 	 565.710315 	 945.761952 	 660.000000 	 1.000000 
1.000000 	 567.652218 	 902.936716 	 694.000000 	 1.000000 
1.000000 	 568.325057 	 866.052428 	 728.000000 	 1.000000 
1.000000 	 568.103000 	 837.067772 	 760.000000 	 1.000000 
1.000000 	 567.459961 	 815.807194 	 794.000000 	 1.000000 
1.000000 	 566.737600 	 800.903322 	 828.000000 	 1.000000 
1.000000 	 566.105504 	 790.751145 	 848.000000 	 1.000000 
