stroke_id	 x	 y	 time	 is_writing
1.000000 	 304.717067 	 824.441336 	 0.000000 	 1.000000 
1.000000 	 304.595466 	 825.463330 	 22.000000 	 1.000000 
1.000000 	 304.444870 	 826.843116 	 40.000000 	 1.000000 
1.000000 	 304.310198 	 828.614131 	 51.000000 	 1.000000 
1.000000 	 304.302165 	 830.833579 	 87.000000 	 1.000000 
1.000000 	 304.599849 	 833.596912 	 123.000000 	 1.000000 
1.000000 	 305.419348 	 837.010159 	 141.000000 	 1.000000 
1.000000 	 306.976497 	 841.129066 	 157.000000 	 1.000000 
1.000000 	 309.466232 	 845.905231 	 174.000000 	 1.000000 
1.000000 	 313.044921 	 851.171826 	 191.000000 	 1.000000 
1.000000 	 317.796287 	 856.668361 	 208.000000 	 1.000000 
1.000000 	 323.689450 	 862.085678 	 225.000000 	 1.000000 
1.000000 	 330.566894 	 867.080956 	 241.000000 	 1.000000 
1.000000 	 338.501606 	 870.217751 	 258.000000 	 1.000000 
1.000000 	 348.020473 	 868.108560 	 275.000000 	 1.000000 
1.000000 	 358.753736 	 858.907466 	 291.000000 	 1.000000 
1.000000 	 369.213839 	 843.297127 	 308.000000 	 1.000000 
1.000000 	 377.778997 	 823.254925 	 325.000000 	 1.000000 
1.000000 	 383.286983 	 800.921154 	 342.000000 	 1.000000 
1.000000 	 383.420331 	 776.978875 	 358.000000 	 1.000000 
1.000000 	 379.307865 	 752.203639 	 375.000000 	 1.000000 
1.000000 	 373.816424 	 728.386837 	 392.000000 	 1.000000 
1.000000 	 368.456468 	 707.052294 	 408.000000 	 1.000000 
1.000000 	 364.592629 	 688.917892 	 425.000000 	 1.000000 
1.000000 	 362.515395 	 673.602827 	 442.000000 	 1.000000 
1.000000 	 361.596440 	 660.782065 	 459.000000 	 1.000000 
1.000000 	 361.610778 	 650.556612 	 475.000000 	 1.000000 
1.000000 	 362.621466 	 642.763427 	 492.000000 	 1.000000 
1.000000 	 364.523971 	 636.949632 	 509.000000 	 1.000000 
1.000000 	 367.020656 	 632.617948 	 525.000000 	 1.000000 
1.000000 	 369.759556 	 629.350761 	 542.000000 	 1.000000 
1.000000 	 372.439600 	 626.833686 	 559.000000 	 1.000000 
1.000000 	 374.853220 	 624.842655 	 576.000000 	 1.000000 
2.000000 	 415.969562 	 472.148137 	 758.000000 	 1.000000 
2.000000 	 416.023450 	 472.038111 	 855.000000 	 1.000000 
2.000000 	 416.108436 	 471.404153 	 951.000000 	 1.000000 
2.000000 	 415.977769 	 470.498568 	 983.000000 	 1.000000 
