stroke_id	 x	 y	 time	 is_writing
1.000000 	 466.149666 	 1230.695299 	 40.000000 	 1.000000 
1.000000 	 487.992358 	 1216.600842 	 56.000000 	 1.000000 
1.000000 	 513.088921 	 1196.055122 	 88.000000 	 1.000000 
1.000000 	 540.566941 	 1167.383897 	 104.000000 	 1.000000 
1.000000 	 568.982762 	 1129.919685 	 120.000000 	 1.000000 
1.000000 	 596.540403 	 1084.286016 	 136.000000 	 1.000000 
1.000000 	 621.381506 	 1032.235987 	 172.000000 	 1.000000 
1.000000 	 641.672439 	 976.642298 	 188.000000 	 1.000000 
1.000000 	 655.294686 	 922.059138 	 204.000000 	 1.000000 
1.000000 	 659.658469 	 875.082967 	 224.000000 	 1.000000 
1.000000 	 652.514520 	 843.177340 	 240.000000 	 1.000000 
1.000000 	 633.486061 	 832.173589 	 256.000000 	 1.000000 
1.000000 	 604.957340 	 844.143178 	 272.000000 	 1.000000 
1.000000 	 571.543386 	 876.877272 	 288.000000 	 1.000000 
1.000000 	 538.573511 	 924.860705 	 304.000000 	 1.000000 
1.000000 	 510.480520 	 980.977255 	 320.000000 	 1.000000 
1.000000 	 489.799414 	 1038.258031 	 336.000000 	 1.000000 
1.000000 	 477.028375 	 1091.175434 	 356.000000 	 1.000000 
1.000000 	 471.134248 	 1136.236841 	 372.000000 	 1.000000 
1.000000 	 470.285495 	 1171.947341 	 388.000000 	 1.000000 
1.000000 	 472.495530 	 1198.394098 	 404.000000 	 1.000000 
