stroke_id	 x	 y	 time	 is_writing
1.000000 	 467.531134 	 1047.920796 	 0.000000 	 1.000000 
1.000000 	 468.047057 	 1044.579078 	 46.000000 	 1.000000 
1.000000 	 470.906894 	 1031.190368 	 64.000000 	 1.000000 
1.000000 	 475.974946 	 1009.606862 	 80.000000 	 1.000000 
1.000000 	 482.030398 	 985.189663 	 96.000000 	 1.000000 
1.000000 	 487.849264 	 962.698002 	 112.000000 	 1.000000 
1.000000 	 492.692272 	 944.597283 	 128.000000 	 1.000000 
1.000000 	 496.250211 	 931.749434 	 146.000000 	 1.000000 
1.000000 	 498.332638 	 925.020117 	 162.000000 	 1.000000 
1.000000 	 498.730448 	 925.961693 	 180.000000 	 1.000000 
1.000000 	 497.478434 	 935.871108 	 196.000000 	 1.000000 
1.000000 	 495.236300 	 954.255598 	 212.000000 	 1.000000 
1.000000 	 493.341435 	 978.021552 	 228.000000 	 1.000000 
1.000000 	 493.472532 	 1002.304596 	 244.000000 	 1.000000 
1.000000 	 497.084711 	 1022.734858 	 262.000000 	 1.000000 
1.000000 	 504.762625 	 1037.380788 	 278.000000 	 1.000000 
1.000000 	 516.178113 	 1046.130634 	 296.000000 	 1.000000 
1.000000 	 532.073544 	 1045.321427 	 312.000000 	 1.000000 
1.000000 	 552.076422 	 1032.783072 	 328.000000 	 1.000000 
1.000000 	 572.872806 	 1013.383758 	 344.000000 	 1.000000 
1.000000 	 591.528877 	 993.150987 	 360.000000 	 1.000000 
1.000000 	 606.992097 	 975.652989 	 378.000000 	 1.000000 
1.000000 	 619.513062 	 962.051192 	 394.000000 	 1.000000 
1.000000 	 629.788518 	 952.133833 	 412.000000 	 1.000000 
1.000000 	 638.441720 	 945.160359 	 428.000000 	 1.000000 
1.000000 	 645.832894 	 940.340137 	 448.000000 	 1.000000 
2.000000 	 490.514919 	 1122.404408 	 680.000000 	 1.000000 
2.000000 	 488.680603 	 1122.961230 	 692.000000 	 1.000000 
2.000000 	 486.131048 	 1124.070086 	 708.000000 	 1.000000 
2.000000 	 486.545473 	 1125.630846 	 724.000000 	 1.000000 
2.000000 	 495.418699 	 1127.934404 	 742.000000 	 1.000000 
2.000000 	 511.355182 	 1130.681660 	 760.000000 	 1.000000 
2.000000 	 529.267944 	 1133.264985 	 776.000000 	 1.000000 
