stroke_id	 x	 y	 time	 is_writing
1.000000 	 503.906756 	 838.662581 	 0.000000 	 1.000000 
1.000000 	 503.275039 	 828.812650 	 64.000000 	 1.000000 
1.000000 	 501.993832 	 811.304143 	 80.000000 	 1.000000 
1.000000 	 499.768507 	 787.183549 	 97.000000 	 1.000000 
1.000000 	 496.114319 	 760.973814 	 114.000000 	 1.000000 
1.000000 	 490.329374 	 738.572887 	 131.000000 	 1.000000 
1.000000 	 482.286079 	 724.051543 	 152.000000 	 1.000000 
1.000000 	 473.754619 	 717.245622 	 248.000000 	 1.000000 
1.000000 	 467.926791 	 712.584555 	 331.000000 	 1.000000 
1.000000 	 469.308211 	 709.781558 	 347.000000 	 1.000000 
1.000000 	 481.778998 	 711.703885 	 374.000000 	 1.000000 
1.000000 	 503.024469 	 719.015718 	 450.000000 	 1.000000 
1.000000 	 526.652467 	 731.102601 	 496.000000 	 1.000000 
1.000000 	 545.356520 	 744.297778 	 514.000000 	 1.000000 
1.000000 	 552.790740 	 753.403751 	 531.000000 	 1.000000 
1.000000 	 545.983147 	 755.997020 	 547.000000 	 1.000000 
1.000000 	 527.383774 	 754.503320 	 564.000000 	 1.000000 
1.000000 	 504.794504 	 753.538686 	 586.000000 	 1.000000 
1.000000 	 492.363531 	 754.223186 	 674.000000 	 1.000000 
1.000000 	 484.813004 	 762.139400 	 729.000000 	 1.000000 
1.000000 	 482.438968 	 764.084398 	 747.000000 	 1.000000 
1.000000 	 490.389184 	 744.612179 	 781.000000 	 1.000000 
1.000000 	 509.378219 	 708.771117 	 791.000000 	 1.000000 
