stroke_id	 x	 y	 time	 is_writing
1.000000 	 660.519916 	 1886.810725 	 0.000000 	 1.000000 
1.000000 	 653.388402 	 1875.313027 	 14.000000 	 1.000000 
1.000000 	 638.866015 	 1850.317186 	 32.000000 	 1.000000 
1.000000 	 617.503004 	 1808.332231 	 82.000000 	 1.000000 
1.000000 	 595.155508 	 1751.504025 	 98.000000 	 1.000000 
1.000000 	 580.981861 	 1687.809357 	 150.000000 	 1.000000 
1.000000 	 582.652533 	 1628.052333 	 166.000000 	 1.000000 
1.000000 	 602.564285 	 1581.864840 	 218.000000 	 1.000000 
1.000000 	 637.119433 	 1555.223206 	 250.000000 	 1.000000 
1.000000 	 678.392503 	 1551.174234 	 284.000000 	 1.000000 
1.000000 	 716.988335 	 1571.817863 	 302.000000 	 1.000000 
1.000000 	 745.656002 	 1615.609447 	 344.000000 	 1.000000 
1.000000 	 762.197890 	 1672.333491 	 390.000000 	 1.000000 
1.000000 	 769.443970 	 1726.035853 	 418.000000 	 1.000000 
1.000000 	 772.104990 	 1764.668638 	 452.000000 	 1.000000 
1.000000 	 775.181713 	 1764.871689 	 470.000000 	 1.000000 
1.000000 	 786.303287 	 1625.721385 	 520.000000 	 1.000000 
1.000000 	 793.549395 	 1471.340259 	 536.000000 	 1.000000 
1.000000 	 796.119493 	 1346.937865 	 586.000000 	 1.000000 
1.000000 	 795.497505 	 1249.433295 	 604.000000 	 1.000000 
