stroke_id	 x	 y	 time	 is_writing
1.000000 	 684.069549 	 1221.855299 	 0.000000 	 1.000000 
1.000000 	 681.125770 	 1218.588539 	 13.000000 	 1.000000 
1.000000 	 675.187092 	 1212.236424 	 30.000000 	 1.000000 
1.000000 	 665.642134 	 1202.513490 	 46.000000 	 1.000000 
1.000000 	 652.801076 	 1189.616130 	 63.000000 	 1.000000 
1.000000 	 637.482926 	 1173.891331 	 79.000000 	 1.000000 
1.000000 	 620.886842 	 1155.775698 	 96.000000 	 1.000000 
1.000000 	 604.493239 	 1135.781802 	 113.000000 	 1.000000 
1.000000 	 589.929961 	 1114.484349 	 129.000000 	 1.000000 
1.000000 	 578.798010 	 1092.497494 	 146.000000 	 1.000000 
1.000000 	 572.479960 	 1070.444460 	 162.000000 	 1.000000 
1.000000 	 571.966941 	 1048.922934 	 179.000000 	 1.000000 
1.000000 	 577.739043 	 1028.470063 	 196.000000 	 1.000000 
1.000000 	 589.721808 	 1009.530871 	 212.000000 	 1.000000 
1.000000 	 607.323432 	 992.433971 	 229.000000 	 1.000000 
1.000000 	 629.539713 	 977.378152 	 245.000000 	 1.000000 
1.000000 	 655.101610 	 964.432066 	 262.000000 	 1.000000 
1.000000 	 682.635869 	 953.547073 	 278.000000 	 1.000000 
1.000000 	 710.812099 	 944.580692 	 295.000000 	 1.000000 
1.000000 	 738.457558 	 937.326174 	 312.000000 	 1.000000 
2.000000 	 548.208249 	 1282.727467 	 507.000000 	 1.000000 
2.000000 	 549.235003 	 1262.858321 	 518.000000 	 1.000000 
2.000000 	 550.618619 	 1236.911933 	 544.000000 	 1.000000 
2.000000 	 552.412392 	 1204.563322 	 561.000000 	 1.000000 
2.000000 	 554.658061 	 1165.942500 	 577.000000 	 1.000000 
2.000000 	 557.384272 	 1121.694243 	 594.000000 	 1.000000 
2.000000 	 560.607791 	 1072.989678 	 610.000000 	 1.000000 
2.000000 	 564.328861 	 1021.455794 	 627.000000 	 1.000000 
2.000000 	 568.507479 	 968.984550 	 644.000000 	 1.000000 
2.000000 	 573.023453 	 917.439316 	 663.000000 	 1.000000 
