stroke_id	 x	 y	 time	 is_writing
1.000000 	 275.650636 	 727.071055 	 0.000000 	 1.000000 
1.000000 	 277.292877 	 727.163013 	 32.000000 	 1.000000 
1.000000 	 279.348795 	 727.252475 	 48.000000 	 1.000000 
1.000000 	 281.930442 	 727.288504 	 64.000000 	 1.000000 
1.000000 	 285.194312 	 727.210737 	 96.000000 	 1.000000 
1.000000 	 289.304283 	 726.972126 	 128.000000 	 1.000000 
1.000000 	 294.377413 	 726.552642 	 144.000000 	 1.000000 
1.000000 	 300.437576 	 725.953414 	 160.000000 	 1.000000 
1.000000 	 307.395907 	 725.177417 	 176.000000 	 1.000000 
1.000000 	 315.060741 	 724.211486 	 192.000000 	 1.000000 
1.000000 	 323.166897 	 723.019468 	 208.000000 	 1.000000 
1.000000 	 331.411338 	 721.546652 	 224.000000 	 1.000000 
1.000000 	 339.486203 	 719.730029 	 240.000000 	 1.000000 
1.000000 	 347.105235 	 717.508942 	 256.000000 	 1.000000 
1.000000 	 354.022992 	 714.833295 	 272.000000 	 1.000000 
1.000000 	 360.047691 	 711.668817 	 288.000000 	 1.000000 
1.000000 	 365.048396 	 707.998883 	 320.000000 	 1.000000 
1.000000 	 369.841286 	 703.700989 	 320.000000 	 1.000000 
1.000000 	 376.239034 	 697.917690 	 352.000000 	 1.000000 
1.000000 	 381.397704 	 690.304961 	 368.000000 	 1.000000 
1.000000 	 384.180617 	 681.268077 	 384.000000 	 1.000000 
1.000000 	 384.667510 	 671.013926 	 400.000000 	 1.000000 
1.000000 	 383.267239 	 659.679024 	 416.000000 	 1.000000 
1.000000 	 380.507107 	 647.674704 	 432.000000 	 1.000000 
1.000000 	 376.977640 	 635.738969 	 448.000000 	 1.000000 
1.000000 	 373.290850 	 624.725902 	 464.000000 	 1.000000 
1.000000 	 370.059708 	 615.322591 	 480.000000 	 1.000000 
1.000000 	 367.874428 	 607.857261 	 496.000000 	 1.000000 
1.000000 	 367.231659 	 602.267452 	 512.000000 	 1.000000 
1.000000 	 368.439310 	 598.212946 	 528.000000 	 1.000000 
1.000000 	 371.570214 	 595.257551 	 544.000000 	 1.000000 
1.000000 	 376.493141 	 593.021886 	 560.000000 	 1.000000 
1.000000 	 382.942393 	 591.250932 	 576.000000 	 1.000000 
1.000000 	 390.579677 	 589.804737 	 592.000000 	 1.000000 
1.000000 	 399.034606 	 588.611102 	 608.000000 	 1.000000 
1.000000 	 407.932851 	 587.613545 	 624.000000 	 1.000000 
1.000000 	 416.922723 	 586.733710 	 640.000000 	 1.000000 
1.000000 	 425.703814 	 585.857814 	 656.000000 	 1.000000 
