stroke_id	 x	 y	 time	 is_writing
1.000000 	 587.483880 	 1073.223018 	 0.000000 	 1.000000 
1.000000 	 584.159557 	 1074.868609 	 0.000000 	 1.000000 
1.000000 	 576.904773 	 1078.442575 	 32.000000 	 1.000000 
1.000000 	 564.216624 	 1082.561210 	 64.000000 	 1.000000 
1.000000 	 546.672963 	 1082.672974 	 96.000000 	 1.000000 
1.000000 	 526.019061 	 1075.744938 	 128.000000 	 1.000000 
1.000000 	 506.660374 	 1061.507612 	 160.000000 	 1.000000 
1.000000 	 501.658592 	 1039.272643 	 192.000000 	 1.000000 
1.000000 	 513.751833 	 1019.831581 	 224.000000 	 1.000000 
1.000000 	 532.582108 	 1011.946482 	 256.000000 	 1.000000 
1.000000 	 550.256242 	 1014.896240 	 288.000000 	 1.000000 
1.000000 	 564.291241 	 1025.289590 	 320.000000 	 1.000000 
1.000000 	 574.584505 	 1040.107918 	 352.000000 	 1.000000 
1.000000 	 582.971363 	 1050.898773 	 384.000000 	 1.000000 
1.000000 	 596.433171 	 1031.240024 	 384.000000 	 1.000000 
2.000000 	 607.634944 	 919.754453 	 480.000000 	 1.000000 
2.000000 	 626.478941 	 927.537407 	 512.000000 	 1.000000 
2.000000 	 652.536247 	 939.290203 	 544.000000 	 1.000000 
2.000000 	 677.347868 	 958.282904 	 576.000000 	 1.000000 
2.000000 	 688.332821 	 988.574734 	 608.000000 	 1.000000 
2.000000 	 691.316577 	 1028.360314 	 640.000000 	 1.000000 
2.000000 	 683.492914 	 1063.077267 	 672.000000 	 1.000000 
2.000000 	 638.455753 	 1077.294841 	 704.000000 	 1.000000 
2.000000 	 572.450320 	 1071.755795 	 736.000000 	 1.000000 
2.000000 	 516.231961 	 1030.430996 	 768.000000 	 1.000000 
2.000000 	 479.509031 	 960.635285 	 800.000000 	 1.000000 
2.000000 	 468.372794 	 886.683572 	 832.000000 	 1.000000 
2.000000 	 480.963313 	 826.581761 	 864.000000 	 1.000000 
