stroke_id	 x	 y	 time	 is_writing
1.000000 	 330.927349 	 1255.563756 	 0.000000 	 1.000000 
1.000000 	 342.414776 	 1255.790417 	 32.000000 	 1.000000 
1.000000 	 356.840713 	 1256.105415 	 48.000000 	 1.000000 
1.000000 	 373.904035 	 1256.435089 	 80.000000 	 1.000000 
1.000000 	 392.903594 	 1256.746124 	 96.000000 	 1.000000 
1.000000 	 413.073897 	 1257.101775 	 112.000000 	 1.000000 
1.000000 	 433.841509 	 1257.612028 	 128.000000 	 1.000000 
1.000000 	 454.859894 	 1258.355769 	 144.000000 	 1.000000 
1.000000 	 475.904911 	 1259.351630 	 160.000000 	 1.000000 
1.000000 	 496.485567 	 1260.278474 	 176.000000 	 1.000000 
1.000000 	 514.181932 	 1258.205868 	 192.000000 	 1.000000 
1.000000 	 523.468434 	 1238.073291 	 208.000000 	 1.000000 
1.000000 	 521.939618 	 1191.209324 	 224.000000 	 1.000000 
1.000000 	 512.639670 	 1129.913634 	 240.000000 	 1.000000 
1.000000 	 498.790717 	 1063.988956 	 256.000000 	 1.000000 
1.000000 	 483.051924 	 998.815172 	 272.000000 	 1.000000 
1.000000 	 467.135059 	 937.358628 	 288.000000 	 1.000000 
1.000000 	 452.149055 	 881.072622 	 304.000000 	 1.000000 
1.000000 	 438.864797 	 830.397944 	 320.000000 	 1.000000 
1.000000 	 427.727882 	 785.205656 	 336.000000 	 1.000000 
1.000000 	 419.348384 	 746.606769 	 352.000000 	 1.000000 
1.000000 	 417.560596 	 725.370909 	 368.000000 	 1.000000 
1.000000 	 420.338948 	 716.827506 	 384.000000 	 1.000000 
1.000000 	 424.559362 	 713.352235 	 400.000000 	 1.000000 
1.000000 	 428.745439 	 711.540077 	 432.000000 	 1.000000 
2.000000 	 426.285968 	 940.689669 	 560.000000 	 1.000000 
2.000000 	 430.744268 	 941.001084 	 608.000000 	 1.000000 
2.000000 	 439.019191 	 941.621254 	 624.000000 	 1.000000 
2.000000 	 452.421107 	 942.743155 	 640.000000 	 1.000000 
2.000000 	 471.631325 	 944.613401 	 656.000000 	 1.000000 
2.000000 	 496.221402 	 947.494064 	 672.000000 	 1.000000 
2.000000 	 524.490139 	 951.568801 	 688.000000 	 1.000000 
2.000000 	 553.893020 	 956.796506 	 704.000000 	 1.000000 
2.000000 	 581.950411 	 962.799910 	 752.000000 	 1.000000 
