stroke_id	 x	 y	 time	 is_writing
1.000000 	 431.749664 	 1076.433981 	 48.000000 	 1.000000 
1.000000 	 432.655281 	 1064.975322 	 64.000000 	 1.000000 
1.000000 	 433.853658 	 1048.966645 	 80.000000 	 1.000000 
1.000000 	 435.557441 	 1028.131795 	 96.000000 	 1.000000 
1.000000 	 437.981573 	 1002.768384 	 112.000000 	 1.000000 
1.000000 	 441.231285 	 973.702426 	 128.000000 	 1.000000 
1.000000 	 445.145072 	 942.040525 	 144.000000 	 1.000000 
1.000000 	 449.235174 	 908.933500 	 160.000000 	 1.000000 
1.000000 	 452.944556 	 875.679272 	 176.000000 	 1.000000 
1.000000 	 455.999649 	 843.969408 	 200.000000 	 1.000000 
1.000000 	 458.431358 	 815.845189 	 216.000000 	 1.000000 
1.000000 	 460.310408 	 793.315810 	 232.000000 	 1.000000 
1.000000 	 461.561622 	 777.914857 	 248.000000 	 1.000000 
1.000000 	 461.997646 	 770.451729 	 264.000000 	 1.000000 
1.000000 	 461.449321 	 771.008529 	 280.000000 	 1.000000 
1.000000 	 459.861538 	 779.080191 	 296.000000 	 1.000000 
1.000000 	 457.334204 	 793.761882 	 312.000000 	 1.000000 
1.000000 	 454.222894 	 814.046262 	 328.000000 	 1.000000 
1.000000 	 451.341163 	 839.235186 	 344.000000 	 1.000000 
1.000000 	 449.987310 	 869.041900 	 368.000000 	 1.000000 
1.000000 	 451.738061 	 903.185118 	 384.000000 	 1.000000 
1.000000 	 458.211543 	 940.802063 	 400.000000 	 1.000000 
1.000000 	 470.792217 	 980.069166 	 416.000000 	 1.000000 
1.000000 	 490.198476 	 1018.219793 	 432.000000 	 1.000000 
1.000000 	 515.991094 	 1051.972178 	 448.000000 	 1.000000 
1.000000 	 546.328144 	 1078.238974 	 464.000000 	 1.000000 
1.000000 	 578.198165 	 1094.858718 	 480.000000 	 1.000000 
1.000000 	 608.080726 	 1101.056934 	 496.000000 	 1.000000 
1.000000 	 632.746492 	 1097.476258 	 512.000000 	 1.000000 
1.000000 	 649.881863 	 1085.831145 	 528.000000 	 1.000000 
1.000000 	 658.369856 	 1068.394548 	 544.000000 	 1.000000 
1.000000 	 658.237545 	 1047.535605 	 560.000000 	 1.000000 
1.000000 	 650.387939 	 1025.431540 	 576.000000 	 1.000000 
1.000000 	 636.255807 	 1003.953800 	 600.000000 	 1.000000 
1.000000 	 617.497686 	 984.646066 	 616.000000 	 1.000000 
1.000000 	 595.778204 	 968.702127 	 632.000000 	 1.000000 
1.000000 	 572.660099 	 956.902426 	 648.000000 	 1.000000 
