stroke_id	 x	 y	 time	 is_writing
1.000000 	 400.228038 	 1370.397222 	 0.000000 	 1.000000 
1.000000 	 399.308557 	 1367.995128 	 32.000000 	 1.000000 
1.000000 	 397.702089 	 1353.816147 	 48.000000 	 1.000000 
1.000000 	 395.513892 	 1326.118786 	 68.000000 	 1.000000 
1.000000 	 393.134104 	 1292.588599 	 84.000000 	 1.000000 
1.000000 	 390.852625 	 1258.877079 	 100.000000 	 1.000000 
1.000000 	 388.844030 	 1227.827528 	 116.000000 	 1.000000 
1.000000 	 387.197087 	 1200.485702 	 132.000000 	 1.000000 
1.000000 	 385.978496 	 1176.807565 	 152.000000 	 1.000000 
1.000000 	 385.218489 	 1156.201319 	 168.000000 	 1.000000 
1.000000 	 384.874126 	 1137.992105 	 184.000000 	 1.000000 
1.000000 	 384.847530 	 1121.706874 	 200.000000 	 1.000000 
1.000000 	 385.101725 	 1107.832449 	 216.000000 	 1.000000 
2.000000 	 427.178492 	 1421.823264 	 568.000000 	 1.000000 
2.000000 	 426.913187 	 1421.734369 	 684.000000 	 1.000000 
2.000000 	 426.690400 	 1421.660504 	 700.000000 	 1.000000 
2.000000 	 427.525542 	 1421.943432 	 716.000000 	 1.000000 
2.000000 	 431.095516 	 1422.962014 	 732.000000 	 1.000000 
2.000000 	 438.759991 	 1424.401298 	 752.000000 	 1.000000 
2.000000 	 450.835408 	 1424.924198 	 768.000000 	 1.000000 
2.000000 	 466.358798 	 1422.794768 	 784.000000 	 1.000000 
2.000000 	 483.181619 	 1417.612267 	 800.000000 	 1.000000 
2.000000 	 499.911124 	 1409.942305 	 816.000000 	 1.000000 
2.000000 	 516.091432 	 1398.976895 	 832.000000 	 1.000000 
2.000000 	 529.744188 	 1384.073088 	 848.000000 	 1.000000 
2.000000 	 539.601354 	 1363.499163 	 868.000000 	 1.000000 
2.000000 	 545.262001 	 1335.897819 	 884.000000 	 1.000000 
2.000000 	 545.532752 	 1303.786624 	 900.000000 	 1.000000 
2.000000 	 539.745028 	 1271.571732 	 916.000000 	 1.000000 
2.000000 	 528.950826 	 1242.922226 	 932.000000 	 1.000000 
2.000000 	 515.292254 	 1219.631503 	 952.000000 	 1.000000 
2.000000 	 500.877448 	 1201.837140 	 968.000000 	 1.000000 
2.000000 	 487.233777 	 1188.788443 	 984.000000 	 1.000000 
2.000000 	 475.550827 	 1179.600500 	 1000.000000 	 1.000000 
2.000000 	 466.737370 	 1173.501278 	 1016.000000 	 1.000000 
2.000000 	 460.822881 	 1169.573866 	 1040.000000 	 1.000000 
2.000000 	 457.030122 	 1166.885121 	 1156.000000 	 1.000000 
