stroke_id	 x	 y	 time	 is_writing
1.000000 	 426.832576 	 815.928680 	 0.000000 	 1.000000 
1.000000 	 428.201975 	 801.544033 	 52.000000 	 1.000000 
1.000000 	 432.938143 	 765.400029 	 80.000000 	 1.000000 
1.000000 	 441.041301 	 709.414773 	 112.000000 	 1.000000 
1.000000 	 450.814894 	 645.549502 	 148.000000 	 1.000000 
1.000000 	 460.215380 	 586.535195 	 164.000000 	 1.000000 
1.000000 	 467.773458 	 539.492248 	 180.000000 	 1.000000 
1.000000 	 470.636826 	 502.493856 	 196.000000 	 1.000000 
1.000000 	 472.468938 	 475.358463 	 212.000000 	 1.000000 
2.000000 	 275.218624 	 831.954248 	 392.000000 	 1.000000 
2.000000 	 279.583674 	 834.608949 	 424.000000 	 1.000000 
2.000000 	 312.510008 	 854.280430 	 444.000000 	 1.000000 
2.000000 	 383.376582 	 879.448855 	 464.000000 	 1.000000 
2.000000 	 470.781084 	 890.108118 	 480.000000 	 1.000000 
2.000000 	 558.320921 	 885.139382 	 496.000000 	 1.000000 
2.000000 	 629.969155 	 851.828897 	 512.000000 	 1.000000 
2.000000 	 672.808573 	 803.390724 	 532.000000 	 1.000000 
2.000000 	 690.107310 	 752.469595 	 564.000000 	 1.000000 
2.000000 	 688.434694 	 703.733208 	 580.000000 	 1.000000 
2.000000 	 672.859658 	 658.442048 	 612.000000 	 1.000000 
2.000000 	 647.065379 	 617.204812 	 628.000000 	 1.000000 
2.000000 	 614.126096 	 580.702915 	 644.000000 	 1.000000 
2.000000 	 576.956302 	 549.542644 	 664.000000 	 1.000000 
2.000000 	 538.337230 	 523.934630 	 692.000000 	 1.000000 
