stroke_id	 x	 y	 time	 is_writing
1.000000 	 475.911132 	 950.949156 	 0.000000 	 1.000000 
1.000000 	 475.318148 	 952.537586 	 64.000000 	 1.000000 
1.000000 	 474.084542 	 953.214836 	 64.000000 	 1.000000 
1.000000 	 471.732972 	 950.391091 	 64.000000 	 1.000000 
1.000000 	 468.430527 	 942.479224 	 64.000000 	 1.000000 
1.000000 	 465.274999 	 929.042667 	 128.000000 	 1.000000 
1.000000 	 463.831161 	 912.330533 	 128.000000 	 1.000000 
1.000000 	 465.953750 	 895.863180 	 128.000000 	 1.000000 
1.000000 	 472.660786 	 882.084758 	 192.000000 	 1.000000 
1.000000 	 484.598006 	 872.626837 	 192.000000 	 1.000000 
1.000000 	 498.646324 	 865.824342 	 192.000000 	 1.000000 
1.000000 	 510.126335 	 860.177537 	 192.000000 	 1.000000 
1.000000 	 516.959115 	 856.258269 	 256.000000 	 1.000000 
1.000000 	 519.910139 	 856.327607 	 256.000000 	 1.000000 
1.000000 	 521.417260 	 860.966939 	 256.000000 	 1.000000 
1.000000 	 523.150982 	 868.803848 	 256.000000 	 1.000000 
1.000000 	 525.291873 	 878.224285 	 320.000000 	 1.000000 
1.000000 	 527.256435 	 888.179836 	 320.000000 	 1.000000 
1.000000 	 528.362118 	 898.083865 	 320.000000 	 1.000000 
1.000000 	 528.115787 	 907.556709 	 320.000000 	 1.000000 
1.000000 	 526.306415 	 916.293229 	 384.000000 	 1.000000 
