stroke_id	 x	 y	 time	 is_writing
1.000000 	 492.000000 	 1204.000000 	 0.000000 	 1.000000 
1.000000 	 491.000000 	 1193.000000 	 48.000000 	 1.000000 
1.000000 	 490.000000 	 1165.000000 	 64.000000 	 1.000000 
1.000000 	 486.000000 	 1127.000000 	 80.000000 	 1.000000 
1.000000 	 481.000000 	 1080.000000 	 96.000000 	 1.000000 
1.000000 	 479.000000 	 1034.000000 	 112.000000 	 1.000000 
1.000000 	 481.000000 	 1001.000000 	 128.000000 	 1.000000 
1.000000 	 488.000000 	 980.000000 	 144.000000 	 1.000000 
1.000000 	 502.000000 	 970.000000 	 160.000000 	 1.000000 
1.000000 	 536.000000 	 970.000000 	 176.000000 	 1.000000 
1.000000 	 579.000000 	 961.000000 	 200.000000 	 1.000000 
1.000000 	 624.000000 	 962.000000 	 216.000000 	 1.000000 
1.000000 	 650.000000 	 966.000000 	 232.000000 	 1.000000 
1.000000 	 671.000000 	 972.000000 	 248.000000 	 1.000000 
1.000000 	 688.000000 	 973.000000 	 264.000000 	 1.000000 
1.000000 	 700.000000 	 981.000000 	 280.000000 	 1.000000 
1.000000 	 704.000000 	 984.000000 	 304.000000 	 1.000000 
2.000000 	 659.000000 	 1195.000000 	 432.000000 	 1.000000 
2.000000 	 658.000000 	 1194.000000 	 448.000000 	 1.000000 
2.000000 	 658.000000 	 1177.000000 	 464.000000 	 1.000000 
2.000000 	 659.000000 	 1141.000000 	 480.000000 	 1.000000 
2.000000 	 664.000000 	 1100.000000 	 496.000000 	 1.000000 
2.000000 	 671.000000 	 1030.000000 	 512.000000 	 1.000000 
2.000000 	 674.000000 	 941.000000 	 528.000000 	 1.000000 
2.000000 	 669.000000 	 878.000000 	 544.000000 	 1.000000 
2.000000 	 663.000000 	 836.000000 	 560.000000 	 1.000000 
2.000000 	 661.000000 	 807.000000 	 576.000000 	 1.000000 
2.000000 	 660.000000 	 784.000000 	 600.000000 	 1.000000 
2.000000 	 662.000000 	 757.000000 	 616.000000 	 1.000000 
2.000000 	 662.000000 	 750.000000 	 632.000000 	 1.000000 
