stroke_id	 x	 y	 time	 is_writing
1.000000 	 610.000000 	 979.000000 	 0.000000 	 1.000000 
1.000000 	 611.000000 	 955.000000 	 128.000000 	 1.000000 
1.000000 	 613.000000 	 915.000000 	 128.000000 	 1.000000 
1.000000 	 615.000000 	 875.000000 	 160.000000 	 1.000000 
1.000000 	 620.000000 	 832.000000 	 160.000000 	 1.000000 
1.000000 	 628.000000 	 779.000000 	 192.000000 	 1.000000 
1.000000 	 638.000000 	 716.000000 	 192.000000 	 1.000000 
1.000000 	 641.000000 	 653.000000 	 224.000000 	 1.000000 
1.000000 	 634.000000 	 597.000000 	 224.000000 	 1.000000 
1.000000 	 619.000000 	 555.000000 	 256.000000 	 1.000000 
1.000000 	 593.000000 	 521.000000 	 256.000000 	 1.000000 
1.000000 	 550.000000 	 486.000000 	 288.000000 	 1.000000 
1.000000 	 493.000000 	 460.000000 	 288.000000 	 1.000000 
1.000000 	 435.000000 	 447.000000 	 320.000000 	 1.000000 
1.000000 	 382.000000 	 446.000000 	 352.000000 	 1.000000 
1.000000 	 339.000000 	 454.000000 	 352.000000 	 1.000000 
1.000000 	 306.000000 	 468.000000 	 384.000000 	 1.000000 
1.000000 	 286.000000 	 486.000000 	 384.000000 	 1.000000 
1.000000 	 270.000000 	 510.000000 	 416.000000 	 1.000000 
1.000000 	 264.000000 	 532.000000 	 416.000000 	 1.000000 
1.000000 	 280.000000 	 577.000000 	 480.000000 	 1.000000 
1.000000 	 619.000000 	 1091.000000 	 736.000000 	 1.000000 
2.000000 	 620.000000 	 1163.000000 	 1888.000000 	 1.000000 
2.000000 	 620.000000 	 1143.000000 	 1984.000000 	 1.000000 
2.000000 	 625.000000 	 1111.000000 	 2016.000000 	 1.000000 
2.000000 	 628.000000 	 1102.000000 	 2016.000000 	 1.000000 
2.000000 	 630.000000 	 1101.000000 	 2048.000000 	 1.000000 
2.000000 	 632.000000 	 1104.000000 	 2048.000000 	 1.000000 
2.000000 	 637.000000 	 1116.000000 	 2080.000000 	 1.000000 
2.000000 	 641.000000 	 1133.000000 	 2080.000000 	 1.000000 
2.000000 	 641.000000 	 1146.000000 	 2112.000000 	 1.000000 
2.000000 	 638.000000 	 1153.000000 	 2112.000000 	 1.000000 
2.000000 	 633.000000 	 1157.000000 	 2144.000000 	 1.000000 
2.000000 	 622.000000 	 1158.000000 	 2144.000000 	 1.000000 
2.000000 	 607.000000 	 1155.000000 	 2176.000000 	 1.000000 
2.000000 	 598.000000 	 1151.000000 	 2208.000000 	 1.000000 
