stroke_id	 x	 y	 time	 is_writing
1.000000 	 380.000000 	 1184.000000 	 0.000000 	 1.000000 
1.000000 	 441.000000 	 1186.000000 	 0.000000 	 1.000000 
1.000000 	 502.000000 	 1184.000000 	 128.000000 	 1.000000 
1.000000 	 566.000000 	 1174.000000 	 128.000000 	 1.000000 
1.000000 	 636.000000 	 1164.000000 	 128.000000 	 1.000000 
1.000000 	 699.000000 	 1160.000000 	 128.000000 	 1.000000 
1.000000 	 747.000000 	 1157.000000 	 128.000000 	 1.000000 
1.000000 	 753.000000 	 1156.000000 	 128.000000 	 1.000000 
1.000000 	 405.000000 	 964.000000 	 256.000000 	 1.000000 
1.000000 	 434.000000 	 964.000000 	 384.000000 	 1.000000 
