stroke_id	 x	 y	 time	 is_writing
1.000000 	 313.000000 	 981.000000 	 80.000000 	 1.000000 
1.000000 	 341.000000 	 993.000000 	 96.000000 	 1.000000 
1.000000 	 381.000000 	 1007.000000 	 112.000000 	 1.000000 
1.000000 	 406.000000 	 1013.000000 	 128.000000 	 1.000000 
1.000000 	 451.000000 	 1022.000000 	 144.000000 	 1.000000 
1.000000 	 500.000000 	 1028.000000 	 160.000000 	 1.000000 
1.000000 	 552.000000 	 1028.000000 	 176.000000 	 1.000000 
1.000000 	 639.000000 	 1015.000000 	 192.000000 	 1.000000 
1.000000 	 652.000000 	 1004.000000 	 208.000000 	 1.000000 
1.000000 	 671.000000 	 988.000000 	 224.000000 	 1.000000 
1.000000 	 695.000000 	 945.000000 	 240.000000 	 1.000000 
1.000000 	 698.000000 	 920.000000 	 256.000000 	 1.000000 
1.000000 	 687.000000 	 887.000000 	 288.000000 	 1.000000 
1.000000 	 647.000000 	 801.000000 	 304.000000 	 1.000000 
1.000000 	 619.000000 	 755.000000 	 320.000000 	 1.000000 
1.000000 	 586.000000 	 712.000000 	 336.000000 	 1.000000 
1.000000 	 562.000000 	 681.000000 	 352.000000 	 1.000000 
1.000000 	 495.000000 	 592.000000 	 368.000000 	 1.000000 
1.000000 	 465.000000 	 547.000000 	 384.000000 	 1.000000 
1.000000 	 437.000000 	 504.000000 	 400.000000 	 1.000000 
1.000000 	 405.000000 	 449.000000 	 416.000000 	 1.000000 
1.000000 	 395.000000 	 428.000000 	 432.000000 	 1.000000 
1.000000 	 390.000000 	 408.000000 	 448.000000 	 1.000000 
1.000000 	 388.000000 	 391.000000 	 464.000000 	 1.000000 
1.000000 	 390.000000 	 365.000000 	 480.000000 	 1.000000 
1.000000 	 400.000000 	 352.000000 	 496.000000 	 1.000000 
1.000000 	 406.000000 	 352.000000 	 512.000000 	 1.000000 
1.000000 	 454.000000 	 355.000000 	 528.000000 	 1.000000 
1.000000 	 488.000000 	 362.000000 	 544.000000 	 1.000000 
1.000000 	 551.000000 	 378.000000 	 560.000000 	 1.000000 
1.000000 	 609.000000 	 393.000000 	 576.000000 	 1.000000 
1.000000 	 701.000000 	 417.000000 	 592.000000 	 1.000000 
1.000000 	 740.000000 	 428.000000 	 608.000000 	 1.000000 
1.000000 	 800.000000 	 435.000000 	 624.000000 	 1.000000 
1.000000 	 821.000000 	 436.000000 	 640.000000 	 1.000000 
1.000000 	 840.000000 	 435.000000 	 672.000000 	 1.000000 
1.000000 	 863.000000 	 433.000000 	 688.000000 	 1.000000 
1.000000 	 880.000000 	 429.000000 	 704.000000 	 1.000000 
1.000000 	 887.000000 	 426.000000 	 720.000000 	 1.000000 
1.000000 	 888.000000 	 421.000000 	 736.000000 	 1.000000 
