stroke_id	 x	 y	 time	 is_writing
1.000000 	 335.000000 	 604.000000 	 48.000000 	 1.000000 
1.000000 	 372.000000 	 646.000000 	 64.000000 	 1.000000 
1.000000 	 413.000000 	 696.000000 	 80.000000 	 1.000000 
1.000000 	 450.000000 	 753.000000 	 96.000000 	 1.000000 
1.000000 	 480.000000 	 812.000000 	 112.000000 	 1.000000 
1.000000 	 499.000000 	 872.000000 	 128.000000 	 1.000000 
1.000000 	 506.000000 	 922.000000 	 144.000000 	 1.000000 
1.000000 	 503.000000 	 964.000000 	 176.000000 	 1.000000 
1.000000 	 501.000000 	 967.000000 	 192.000000 	 1.000000 
1.000000 	 498.000000 	 965.000000 	 208.000000 	 1.000000 
1.000000 	 493.000000 	 941.000000 	 224.000000 	 1.000000 
1.000000 	 491.000000 	 896.000000 	 240.000000 	 1.000000 
1.000000 	 497.000000 	 845.000000 	 256.000000 	 1.000000 
1.000000 	 508.000000 	 797.000000 	 272.000000 	 1.000000 
1.000000 	 526.000000 	 758.000000 	 288.000000 	 1.000000 
1.000000 	 547.000000 	 727.000000 	 304.000000 	 1.000000 
1.000000 	 568.000000 	 704.000000 	 320.000000 	 1.000000 
1.000000 	 594.000000 	 684.000000 	 336.000000 	 1.000000 
1.000000 	 620.000000 	 672.000000 	 352.000000 	 1.000000 
1.000000 	 642.000000 	 676.000000 	 368.000000 	 1.000000 
1.000000 	 661.000000 	 700.000000 	 384.000000 	 1.000000 
1.000000 	 676.000000 	 755.000000 	 400.000000 	 1.000000 
1.000000 	 679.000000 	 815.000000 	 416.000000 	 1.000000 
1.000000 	 676.000000 	 862.000000 	 448.000000 	 1.000000 
1.000000 	 673.000000 	 896.000000 	 448.000000 	 1.000000 
1.000000 	 671.000000 	 913.000000 	 480.000000 	 1.000000 
1.000000 	 669.000000 	 920.000000 	 496.000000 	 1.000000 
1.000000 	 667.000000 	 921.000000 	 512.000000 	 1.000000 
1.000000 	 666.000000 	 915.000000 	 528.000000 	 1.000000 
1.000000 	 667.000000 	 889.000000 	 544.000000 	 1.000000 
1.000000 	 673.000000 	 848.000000 	 560.000000 	 1.000000 
1.000000 	 685.000000 	 805.000000 	 576.000000 	 1.000000 
1.000000 	 702.000000 	 769.000000 	 592.000000 	 1.000000 
1.000000 	 725.000000 	 738.000000 	 608.000000 	 1.000000 
1.000000 	 754.000000 	 713.000000 	 624.000000 	 1.000000 
1.000000 	 790.000000 	 694.000000 	 640.000000 	 1.000000 
1.000000 	 824.000000 	 686.000000 	 656.000000 	 1.000000 
1.000000 	 840.000000 	 686.000000 	 672.000000 	 1.000000 
