stroke_id	 x	 y	 time	 is_writing
1.000000 	 492.000000 	 1272.000000 	 0.000000 	 1.000000 
1.000000 	 492.000000 	 1272.000000 	 8.000000 	 1.000000 
1.000000 	 591.000000 	 1299.000000 	 60.000000 	 1.000000 
1.000000 	 665.000000 	 1314.000000 	 76.000000 	 1.000000 
1.000000 	 784.000000 	 1324.000000 	 108.000000 	 1.000000 
1.000000 	 814.000000 	 1315.000000 	 124.000000 	 1.000000 
1.000000 	 818.000000 	 1226.000000 	 156.000000 	 1.000000 
1.000000 	 761.000000 	 1110.000000 	 176.000000 	 1.000000 
1.000000 	 550.000000 	 784.000000 	 208.000000 	 1.000000 
1.000000 	 431.000000 	 598.000000 	 224.000000 	 1.000000 
1.000000 	 240.000000 	 282.000000 	 260.000000 	 1.000000 
1.000000 	 207.000000 	 229.000000 	 272.000000 	 1.000000 
2.000000 	 428.000000 	 838.000000 	 1120.000000 	 1.000000 
2.000000 	 433.000000 	 839.000000 	 1152.000000 	 1.000000 
2.000000 	 485.000000 	 841.000000 	 1172.000000 	 1.000000 
2.000000 	 763.000000 	 835.000000 	 1204.000000 	 1.000000 
2.000000 	 939.000000 	 814.000000 	 1220.000000 	 1.000000 
2.000000 	 985.000000 	 804.000000 	 1236.000000 	 1.000000 
