stroke_id	 x	 y	 time	 is_writing
1.000000 	 364.000000 	 1228.000000 	 0.000000 	 1.000000 
1.000000 	 367.000000 	 1228.000000 	 48.000000 	 1.000000 
1.000000 	 389.000000 	 1230.000000 	 64.000000 	 1.000000 
1.000000 	 435.000000 	 1235.000000 	 80.000000 	 1.000000 
1.000000 	 489.000000 	 1241.000000 	 112.000000 	 1.000000 
1.000000 	 546.000000 	 1247.000000 	 112.000000 	 1.000000 
1.000000 	 600.000000 	 1250.000000 	 144.000000 	 1.000000 
1.000000 	 642.000000 	 1249.000000 	 160.000000 	 1.000000 
1.000000 	 668.000000 	 1246.000000 	 176.000000 	 1.000000 
1.000000 	 679.000000 	 1242.000000 	 192.000000 	 1.000000 
1.000000 	 682.000000 	 1239.000000 	 208.000000 	 1.000000 
1.000000 	 678.000000 	 1225.000000 	 224.000000 	 1.000000 
1.000000 	 644.000000 	 1178.000000 	 240.000000 	 1.000000 
1.000000 	 589.000000 	 1120.000000 	 256.000000 	 1.000000 
1.000000 	 529.000000 	 1060.000000 	 272.000000 	 1.000000 
1.000000 	 470.000000 	 1000.000000 	 288.000000 	 1.000000 
1.000000 	 417.000000 	 946.000000 	 304.000000 	 1.000000 
1.000000 	 378.000000 	 904.000000 	 320.000000 	 1.000000 
1.000000 	 353.000000 	 876.000000 	 336.000000 	 1.000000 
1.000000 	 342.000000 	 859.000000 	 352.000000 	 1.000000 
1.000000 	 340.000000 	 850.000000 	 368.000000 	 1.000000 
1.000000 	 351.000000 	 842.000000 	 384.000000 	 1.000000 
1.000000 	 409.000000 	 832.000000 	 400.000000 	 1.000000 
1.000000 	 494.000000 	 838.000000 	 416.000000 	 1.000000 
1.000000 	 587.000000 	 856.000000 	 432.000000 	 1.000000 
1.000000 	 678.000000 	 880.000000 	 448.000000 	 1.000000 
1.000000 	 754.000000 	 904.000000 	 464.000000 	 1.000000 
1.000000 	 814.000000 	 920.000000 	 480.000000 	 1.000000 
1.000000 	 852.000000 	 928.000000 	 496.000000 	 1.000000 
1.000000 	 870.000000 	 931.000000 	 512.000000 	 1.000000 
1.000000 	 870.000000 	 931.000000 	 528.000000 	 1.000000 
2.000000 	 418.000000 	 995.000000 	 1408.000000 	 1.000000 
2.000000 	 424.000000 	 999.000000 	 1456.000000 	 1.000000 
2.000000 	 457.000000 	 1011.000000 	 1472.000000 	 1.000000 
2.000000 	 517.000000 	 1024.000000 	 1488.000000 	 1.000000 
2.000000 	 593.000000 	 1034.000000 	 1520.000000 	 1.000000 
2.000000 	 674.000000 	 1039.000000 	 1536.000000 	 1.000000 
