stroke_id	 x	 y	 time	 is_writing
1.000000 	 480.000000 	 1248.000000 	 48.000000 	 1.000000 
1.000000 	 480.000000 	 1248.000000 	 64.000000 	 1.000000 
1.000000 	 469.000000 	 1239.000000 	 80.000000 	 1.000000 
1.000000 	 464.000000 	 1233.000000 	 80.000000 	 1.000000 
1.000000 	 434.000000 	 1190.000000 	 96.000000 	 1.000000 
2.000000 	 337.000000 	 1019.000000 	 128.000000 	 1.000000 
2.000000 	 304.000000 	 952.000000 	 144.000000 	 1.000000 
2.000000 	 279.000000 	 907.000000 	 160.000000 	 1.000000 
2.000000 	 260.000000 	 880.000000 	 176.000000 	 1.000000 
2.000000 	 253.000000 	 861.000000 	 192.000000 	 1.000000 
2.000000 	 254.000000 	 844.000000 	 208.000000 	 1.000000 
2.000000 	 267.000000 	 816.000000 	 224.000000 	 1.000000 
2.000000 	 295.000000 	 793.000000 	 240.000000 	 1.000000 
2.000000 	 346.000000 	 772.000000 	 256.000000 	 1.000000 
2.000000 	 420.000000 	 754.000000 	 272.000000 	 1.000000 
2.000000 	 507.000000 	 745.000000 	 288.000000 	 1.000000 
3.000000 	 586.000000 	 747.000000 	 320.000000 	 1.000000 
3.000000 	 635.000000 	 748.000000 	 336.000000 	 1.000000 
3.000000 	 655.000000 	 748.000000 	 352.000000 	 1.000000 
3.000000 	 662.000000 	 749.000000 	 368.000000 	 1.000000 
3.000000 	 670.000000 	 761.000000 	 384.000000 	 1.000000 
3.000000 	 673.000000 	 794.000000 	 400.000000 	 1.000000 
3.000000 	 668.000000 	 840.000000 	 416.000000 	 1.000000 
3.000000 	 658.000000 	 888.000000 	 432.000000 	 1.000000 
3.000000 	 646.000000 	 916.000000 	 448.000000 	 1.000000 
3.000000 	 639.000000 	 928.000000 	 464.000000 	 1.000000 
3.000000 	 636.000000 	 932.000000 	 480.000000 	 1.000000 
3.000000 	 633.000000 	 924.000000 	 496.000000 	 1.000000 
3.000000 	 628.000000 	 883.000000 	 512.000000 	 1.000000 
3.000000 	 621.000000 	 815.000000 	 528.000000 	 1.000000 
3.000000 	 612.000000 	 731.000000 	 544.000000 	 1.000000 
3.000000 	 605.000000 	 639.000000 	 560.000000 	 1.000000 
3.000000 	 604.000000 	 560.000000 	 576.000000 	 1.000000 
3.000000 	 606.000000 	 499.000000 	 592.000000 	 1.000000 
3.000000 	 610.000000 	 454.000000 	 608.000000 	 1.000000 
3.000000 	 613.000000 	 423.000000 	 624.000000 	 1.000000 
3.000000 	 615.000000 	 405.000000 	 640.000000 	 1.000000 
3.000000 	 622.000000 	 383.000000 	 656.000000 	 1.000000 
3.000000 	 625.000000 	 375.000000 	 672.000000 	 1.000000 
