stroke_id	 x	 y	 time	 is_writing
1.000000 	 373.000000 	 784.000000 	 0.000000 	 1.000000 
1.000000 	 373.000000 	 784.000000 	 0.000000 	 1.000000 
1.000000 	 378.000000 	 798.000000 	 32.000000 	 1.000000 
1.000000 	 392.000000 	 831.000000 	 32.000000 	 1.000000 
1.000000 	 417.000000 	 881.000000 	 64.000000 	 1.000000 
1.000000 	 444.000000 	 944.000000 	 64.000000 	 1.000000 
1.000000 	 471.000000 	 1011.000000 	 96.000000 	 1.000000 
1.000000 	 494.000000 	 1067.000000 	 128.000000 	 1.000000 
1.000000 	 510.000000 	 1108.000000 	 128.000000 	 1.000000 
1.000000 	 519.000000 	 1133.000000 	 160.000000 	 1.000000 
1.000000 	 523.000000 	 1145.000000 	 160.000000 	 1.000000 
1.000000 	 525.000000 	 1150.000000 	 192.000000 	 1.000000 
1.000000 	 526.000000 	 1149.000000 	 192.000000 	 1.000000 
1.000000 	 528.000000 	 1117.000000 	 224.000000 	 1.000000 
1.000000 	 525.000000 	 1035.000000 	 224.000000 	 1.000000 
1.000000 	 520.000000 	 935.000000 	 256.000000 	 1.000000 
1.000000 	 517.000000 	 842.000000 	 256.000000 	 1.000000 
1.000000 	 513.000000 	 753.000000 	 288.000000 	 1.000000 
1.000000 	 513.000000 	 650.000000 	 288.000000 	 1.000000 
1.000000 	 514.000000 	 570.000000 	 320.000000 	 1.000000 
1.000000 	 517.000000 	 503.000000 	 320.000000 	 1.000000 
1.000000 	 512.000000 	 477.000000 	 352.000000 	 1.000000 
