stroke_id	 x	 y	 time	 is_writing
1.000000 	 269.000000 	 978.000000 	 0.000000 	 1.000000 
1.000000 	 269.000000 	 978.000000 	 0.000000 	 1.000000 
1.000000 	 269.000000 	 978.000000 	 0.000000 	 1.000000 
1.000000 	 284.000000 	 978.000000 	 64.000000 	 1.000000 
1.000000 	 409.000000 	 982.000000 	 64.000000 	 1.000000 
1.000000 	 486.000000 	 990.000000 	 64.000000 	 1.000000 
1.000000 	 694.000000 	 1065.000000 	 128.000000 	 1.000000 
2.000000 	 505.000000 	 1271.000000 	 256.000000 	 1.000000 
2.000000 	 505.000000 	 1271.000000 	 320.000000 	 1.000000 
2.000000 	 505.000000 	 1271.000000 	 320.000000 	 1.000000 
2.000000 	 490.000000 	 1200.000000 	 320.000000 	 1.000000 
2.000000 	 469.000000 	 1072.000000 	 320.000000 	 1.000000 
2.000000 	 447.000000 	 904.000000 	 384.000000 	 1.000000 
2.000000 	 434.000000 	 726.000000 	 384.000000 	 1.000000 
2.000000 	 428.000000 	 568.000000 	 384.000000 	 1.000000 
2.000000 	 429.000000 	 444.000000 	 384.000000 	 1.000000 
2.000000 	 431.000000 	 365.000000 	 448.000000 	 1.000000 
2.000000 	 436.000000 	 321.000000 	 448.000000 	 1.000000 
2.000000 	 438.000000 	 311.000000 	 512.000000 	 1.000000 
