stroke_id	 x	 y	 time	 is_writing
1.000000 	 502.000000 	 977.000000 	 0.000000 	 1.000000 
1.000000 	 503.000000 	 972.000000 	 32.000000 	 1.000000 
1.000000 	 505.000000 	 959.000000 	 32.000000 	 1.000000 
1.000000 	 512.000000 	 906.000000 	 64.000000 	 1.000000 
1.000000 	 531.000000 	 798.000000 	 64.000000 	 1.000000 
1.000000 	 546.000000 	 721.000000 	 96.000000 	 1.000000 
1.000000 	 555.000000 	 659.000000 	 96.000000 	 1.000000 
1.000000 	 557.000000 	 604.000000 	 128.000000 	 1.000000 
2.000000 	 385.000000 	 709.000000 	 224.000000 	 1.000000 
2.000000 	 385.000000 	 711.000000 	 224.000000 	 1.000000 
2.000000 	 385.000000 	 715.000000 	 256.000000 	 1.000000 
2.000000 	 391.000000 	 723.000000 	 256.000000 	 1.000000 
2.000000 	 433.000000 	 753.000000 	 288.000000 	 1.000000 
2.000000 	 509.000000 	 785.000000 	 288.000000 	 1.000000 
2.000000 	 575.000000 	 803.000000 	 320.000000 	 1.000000 
2.000000 	 642.000000 	 819.000000 	 320.000000 	 1.000000 
2.000000 	 699.000000 	 836.000000 	 352.000000 	 1.000000 
2.000000 	 720.000000 	 848.000000 	 384.000000 	 1.000000 
2.000000 	 659.000000 	 1035.000000 	 416.000000 	 1.000000 
2.000000 	 656.000000 	 1033.000000 	 448.000000 	 1.000000 
2.000000 	 651.000000 	 1025.000000 	 480.000000 	 1.000000 
2.000000 	 628.000000 	 983.000000 	 480.000000 	 1.000000 
2.000000 	 575.000000 	 862.000000 	 512.000000 	 1.000000 
2.000000 	 539.000000 	 763.000000 	 512.000000 	 1.000000 
2.000000 	 513.000000 	 687.000000 	 544.000000 	 1.000000 
2.000000 	 490.000000 	 632.000000 	 544.000000 	 1.000000 
2.000000 	 476.000000 	 599.000000 	 576.000000 	 1.000000 
2.000000 	 469.000000 	 586.000000 	 576.000000 	 1.000000 
2.000000 	 466.000000 	 586.000000 	 608.000000 	 1.000000 
3.000000 	 422.000000 	 843.000000 	 704.000000 	 1.000000 
3.000000 	 428.000000 	 839.000000 	 736.000000 	 1.000000 
3.000000 	 448.000000 	 825.000000 	 736.000000 	 1.000000 
3.000000 	 513.000000 	 781.000000 	 768.000000 	 1.000000 
3.000000 	 577.000000 	 742.000000 	 800.000000 	 1.000000 
3.000000 	 627.000000 	 712.000000 	 800.000000 	 1.000000 
3.000000 	 665.000000 	 691.000000 	 832.000000 	 1.000000 
3.000000 	 688.000000 	 682.000000 	 832.000000 	 1.000000 
3.000000 	 700.000000 	 679.000000 	 864.000000 	 1.000000 
