stroke_id	 x	 y	 time	 is_writing
1.000000 	 660.000000 	 1243.000000 	 0.000000 	 1.000000 
1.000000 	 660.000000 	 1243.000000 	 6.000000 	 1.000000 
1.000000 	 655.000000 	 1229.000000 	 40.000000 	 1.000000 
1.000000 	 650.000000 	 1198.000000 	 56.000000 	 1.000000 
1.000000 	 645.000000 	 1134.000000 	 90.000000 	 1.000000 
1.000000 	 644.000000 	 1109.000000 	 106.000000 	 1.000000 
1.000000 	 641.000000 	 1086.000000 	 140.000000 	 1.000000 
1.000000 	 639.000000 	 1082.000000 	 156.000000 	 1.000000 
1.000000 	 631.000000 	 1072.000000 	 174.000000 	 1.000000 
1.000000 	 613.000000 	 1050.000000 	 190.000000 	 1.000000 
1.000000 	 587.000000 	 1017.000000 	 206.000000 	 1.000000 
1.000000 	 556.000000 	 972.000000 	 222.000000 	 1.000000 
1.000000 	 529.000000 	 931.000000 	 240.000000 	 1.000000 
1.000000 	 504.000000 	 894.000000 	 256.000000 	 1.000000 
1.000000 	 482.000000 	 865.000000 	 274.000000 	 1.000000 
1.000000 	 468.000000 	 841.000000 	 290.000000 	 1.000000 
1.000000 	 458.000000 	 827.000000 	 306.000000 	 1.000000 
1.000000 	 453.000000 	 821.000000 	 322.000000 	 1.000000 
1.000000 	 453.000000 	 821.000000 	 346.000000 	 1.000000 
1.000000 	 646.000000 	 1103.000000 	 624.000000 	 1.000000 
1.000000 	 646.000000 	 1103.000000 	 638.000000 	 1.000000 
1.000000 	 646.000000 	 1103.000000 	 656.000000 	 1.000000 
1.000000 	 646.000000 	 1097.000000 	 672.000000 	 1.000000 
1.000000 	 661.000000 	 1040.000000 	 706.000000 	 1.000000 
1.000000 	 677.000000 	 1005.000000 	 722.000000 	 1.000000 
1.000000 	 710.000000 	 947.000000 	 756.000000 	 1.000000 
1.000000 	 726.000000 	 919.000000 	 772.000000 	 1.000000 
1.000000 	 740.000000 	 893.000000 	 790.000000 	 1.000000 
1.000000 	 750.000000 	 872.000000 	 806.000000 	 1.000000 
1.000000 	 756.000000 	 849.000000 	 838.000000 	 1.000000 
1.000000 	 756.000000 	 849.000000 	 846.000000 	 1.000000 
2.000000 	 456.000000 	 1064.000000 	 1498.000000 	 1.000000 
2.000000 	 475.000000 	 1063.000000 	 1538.000000 	 1.000000 
2.000000 	 520.000000 	 1063.000000 	 1554.000000 	 1.000000 
2.000000 	 575.000000 	 1064.000000 	 1570.000000 	 1.000000 
2.000000 	 630.000000 	 1066.000000 	 1588.000000 	 1.000000 
2.000000 	 729.000000 	 1073.000000 	 1622.000000 	 1.000000 
2.000000 	 766.000000 	 1077.000000 	 1638.000000 	 1.000000 
2.000000 	 808.000000 	 1084.000000 	 1670.000000 	 1.000000 
2.000000 	 812.000000 	 1085.000000 	 1686.000000 	 1.000000 
