stroke_id	 x	 y	 time	 is_writing
1.000000 	 407.000000 	 1442.000000 	 0.000000 	 1.000000 
1.000000 	 407.000000 	 1408.000000 	 0.000000 	 1.000000 
1.000000 	 406.000000 	 1343.000000 	 128.000000 	 1.000000 
1.000000 	 397.000000 	 1246.000000 	 128.000000 	 1.000000 
1.000000 	 396.000000 	 1138.000000 	 128.000000 	 1.000000 
1.000000 	 403.000000 	 1044.000000 	 128.000000 	 1.000000 
1.000000 	 403.000000 	 944.000000 	 128.000000 	 1.000000 
1.000000 	 405.000000 	 868.000000 	 128.000000 	 1.000000 
1.000000 	 427.000000 	 792.000000 	 128.000000 	 1.000000 
1.000000 	 653.000000 	 1342.000000 	 256.000000 	 1.000000 
1.000000 	 653.000000 	 1342.000000 	 256.000000 	 1.000000 
1.000000 	 611.000000 	 1315.000000 	 384.000000 	 1.000000 
1.000000 	 533.000000 	 1246.000000 	 384.000000 	 1.000000 
1.000000 	 416.000000 	 1155.000000 	 384.000000 	 1.000000 
1.000000 	 392.000000 	 1131.000000 	 384.000000 	 1.000000 
1.000000 	 379.000000 	 1119.000000 	 384.000000 	 1.000000 
1.000000 	 378.000000 	 1106.000000 	 384.000000 	 1.000000 
1.000000 	 454.000000 	 998.000000 	 512.000000 	 1.000000 
1.000000 	 514.000000 	 959.000000 	 512.000000 	 1.000000 
1.000000 	 562.000000 	 945.000000 	 512.000000 	 1.000000 
1.000000 	 596.000000 	 938.000000 	 512.000000 	 1.000000 
1.000000 	 633.000000 	 926.000000 	 512.000000 	 1.000000 
1.000000 	 664.000000 	 906.000000 	 512.000000 	 1.000000 
1.000000 	 679.000000 	 894.000000 	 512.000000 	 1.000000 
1.000000 	 690.000000 	 886.000000 	 640.000000 	 1.000000 
