stroke_id	 x	 y	 time	 is_writing
1.000000 	 294.000000 	 834.000000 	 0.000000 	 1.000000 
1.000000 	 310.000000 	 836.000000 	 64.000000 	 1.000000 
1.000000 	 337.000000 	 836.000000 	 80.000000 	 1.000000 
1.000000 	 373.000000 	 835.000000 	 100.000000 	 1.000000 
1.000000 	 414.000000 	 833.000000 	 116.000000 	 1.000000 
1.000000 	 492.000000 	 829.000000 	 148.000000 	 1.000000 
1.000000 	 523.000000 	 827.000000 	 164.000000 	 1.000000 
1.000000 	 547.000000 	 826.000000 	 180.000000 	 1.000000 
1.000000 	 558.000000 	 825.000000 	 196.000000 	 1.000000 
1.000000 	 565.000000 	 821.000000 	 216.000000 	 1.000000 
1.000000 	 566.000000 	 818.000000 	 232.000000 	 1.000000 
1.000000 	 559.000000 	 808.000000 	 248.000000 	 1.000000 
1.000000 	 538.000000 	 778.000000 	 264.000000 	 1.000000 
1.000000 	 510.000000 	 742.000000 	 284.000000 	 1.000000 
1.000000 	 473.000000 	 699.000000 	 300.000000 	 1.000000 
1.000000 	 439.000000 	 656.000000 	 316.000000 	 1.000000 
1.000000 	 406.000000 	 614.000000 	 332.000000 	 1.000000 
1.000000 	 376.000000 	 573.000000 	 348.000000 	 1.000000 
1.000000 	 351.000000 	 544.000000 	 364.000000 	 1.000000 
1.000000 	 329.000000 	 520.000000 	 380.000000 	 1.000000 
1.000000 	 309.000000 	 501.000000 	 400.000000 	 1.000000 
1.000000 	 292.000000 	 486.000000 	 416.000000 	 1.000000 
1.000000 	 279.000000 	 475.000000 	 432.000000 	 1.000000 
1.000000 	 271.000000 	 466.000000 	 448.000000 	 1.000000 
1.000000 	 270.000000 	 459.000000 	 464.000000 	 1.000000 
1.000000 	 269.000000 	 459.000000 	 484.000000 	 1.000000 
2.000000 	 355.000000 	 659.000000 	 652.000000 	 1.000000 
2.000000 	 355.000000 	 660.000000 	 668.000000 	 1.000000 
2.000000 	 365.000000 	 661.000000 	 700.000000 	 1.000000 
2.000000 	 385.000000 	 662.000000 	 716.000000 	 1.000000 
2.000000 	 415.000000 	 664.000000 	 732.000000 	 1.000000 
2.000000 	 452.000000 	 664.000000 	 748.000000 	 1.000000 
2.000000 	 485.000000 	 664.000000 	 764.000000 	 1.000000 
2.000000 	 516.000000 	 661.000000 	 788.000000 	 1.000000 
