stroke_id	 x	 y	 time	 is_writing
1.000000 	 408.000000 	 1046.000000 	 40.000000 	 1.000000 
1.000000 	 422.000000 	 1045.000000 	 56.000000 	 1.000000 
1.000000 	 441.000000 	 1040.000000 	 72.000000 	 1.000000 
1.000000 	 472.000000 	 1031.000000 	 88.000000 	 1.000000 
2.000000 	 547.000000 	 1012.000000 	 128.000000 	 1.000000 
2.000000 	 583.000000 	 1004.000000 	 144.000000 	 1.000000 
2.000000 	 615.000000 	 999.000000 	 160.000000 	 1.000000 
2.000000 	 635.000000 	 995.000000 	 176.000000 	 1.000000 
2.000000 	 646.000000 	 991.000000 	 192.000000 	 1.000000 
2.000000 	 649.000000 	 961.000000 	 224.000000 	 1.000000 
2.000000 	 622.000000 	 914.000000 	 240.000000 	 1.000000 
2.000000 	 574.000000 	 856.000000 	 256.000000 	 1.000000 
2.000000 	 514.000000 	 793.000000 	 280.000000 	 1.000000 
2.000000 	 460.000000 	 738.000000 	 296.000000 	 1.000000 
2.000000 	 413.000000 	 691.000000 	 312.000000 	 1.000000 
2.000000 	 379.000000 	 650.000000 	 328.000000 	 1.000000 
2.000000 	 354.000000 	 620.000000 	 344.000000 	 1.000000 
2.000000 	 343.000000 	 597.000000 	 360.000000 	 1.000000 
2.000000 	 343.000000 	 585.000000 	 376.000000 	 1.000000 
2.000000 	 359.000000 	 575.000000 	 392.000000 	 1.000000 
2.000000 	 394.000000 	 572.000000 	 408.000000 	 1.000000 
2.000000 	 444.000000 	 579.000000 	 424.000000 	 1.000000 
2.000000 	 514.000000 	 595.000000 	 440.000000 	 1.000000 
2.000000 	 566.000000 	 611.000000 	 456.000000 	 1.000000 
2.000000 	 627.000000 	 623.000000 	 480.000000 	 1.000000 
2.000000 	 667.000000 	 630.000000 	 496.000000 	 1.000000 
2.000000 	 711.000000 	 637.000000 	 512.000000 	 1.000000 
2.000000 	 735.000000 	 648.000000 	 528.000000 	 1.000000 
2.000000 	 739.000000 	 652.000000 	 544.000000 	 1.000000 
