stroke_id	 x	 y	 time	 is_writing
1.000000 	 376.000000 	 937.000000 	 48.000000 	 1.000000 
1.000000 	 406.000000 	 973.000000 	 64.000000 	 1.000000 
1.000000 	 450.000000 	 1022.000000 	 96.000000 	 1.000000 
1.000000 	 500.000000 	 1080.000000 	 112.000000 	 1.000000 
1.000000 	 547.000000 	 1139.000000 	 128.000000 	 1.000000 
1.000000 	 585.000000 	 1193.000000 	 144.000000 	 1.000000 
1.000000 	 612.000000 	 1235.000000 	 160.000000 	 1.000000 
1.000000 	 630.000000 	 1263.000000 	 176.000000 	 1.000000 
1.000000 	 637.000000 	 1278.000000 	 192.000000 	 1.000000 
1.000000 	 639.000000 	 1283.000000 	 208.000000 	 1.000000 
1.000000 	 639.000000 	 1285.000000 	 224.000000 	 1.000000 
1.000000 	 640.000000 	 1275.000000 	 240.000000 	 1.000000 
1.000000 	 639.000000 	 1238.000000 	 256.000000 	 1.000000 
1.000000 	 635.000000 	 1176.000000 	 272.000000 	 1.000000 
1.000000 	 629.000000 	 1105.000000 	 288.000000 	 1.000000 
1.000000 	 625.000000 	 1033.000000 	 304.000000 	 1.000000 
1.000000 	 623.000000 	 965.000000 	 320.000000 	 1.000000 
1.000000 	 622.000000 	 898.000000 	 336.000000 	 1.000000 
1.000000 	 623.000000 	 827.000000 	 352.000000 	 1.000000 
1.000000 	 626.000000 	 756.000000 	 368.000000 	 1.000000 
1.000000 	 632.000000 	 687.000000 	 384.000000 	 1.000000 
1.000000 	 638.000000 	 622.000000 	 400.000000 	 1.000000 
1.000000 	 643.000000 	 563.000000 	 416.000000 	 1.000000 
1.000000 	 647.000000 	 508.000000 	 432.000000 	 1.000000 
1.000000 	 649.000000 	 461.000000 	 448.000000 	 1.000000 
1.000000 	 651.000000 	 438.000000 	 464.000000 	 1.000000 
