stroke_id	 x	 y	 time	 is_writing
1.000000 	 180.000000 	 532.000000 	 0.000000 	 1.000000 
1.000000 	 198.000000 	 532.000000 	 64.000000 	 1.000000 
1.000000 	 234.000000 	 529.000000 	 96.000000 	 1.000000 
1.000000 	 255.000000 	 528.000000 	 112.000000 	 1.000000 
1.000000 	 271.000000 	 527.000000 	 128.000000 	 1.000000 
1.000000 	 282.000000 	 526.000000 	 160.000000 	 1.000000 
2.000000 	 183.000000 	 445.000000 	 592.000000 	 1.000000 
2.000000 	 200.000000 	 449.000000 	 704.000000 	 1.000000 
2.000000 	 229.000000 	 453.000000 	 736.000000 	 1.000000 
2.000000 	 244.000000 	 455.000000 	 752.000000 	 1.000000 
2.000000 	 261.000000 	 456.000000 	 800.000000 	 1.000000 
