stroke_id	 x	 y	 time	 is_writing
1.000000 	 373.000000 	 884.000000 	 0.000000 	 1.000000 
1.000000 	 373.000000 	 886.000000 	 0.000000 	 1.000000 
1.000000 	 395.000000 	 911.000000 	 64.000000 	 1.000000 
1.000000 	 448.000000 	 972.000000 	 64.000000 	 1.000000 
1.000000 	 528.000000 	 1067.000000 	 128.000000 	 1.000000 
1.000000 	 602.000000 	 1173.000000 	 128.000000 	 1.000000 
1.000000 	 654.000000 	 1265.000000 	 192.000000 	 1.000000 
1.000000 	 682.000000 	 1324.000000 	 192.000000 	 1.000000 
1.000000 	 682.000000 	 1335.000000 	 256.000000 	 1.000000 
1.000000 	 663.000000 	 1313.000000 	 320.000000 	 1.000000 
1.000000 	 632.000000 	 1243.000000 	 320.000000 	 1.000000 
1.000000 	 614.000000 	 1117.000000 	 384.000000 	 1.000000 
1.000000 	 598.000000 	 960.000000 	 384.000000 	 1.000000 
1.000000 	 581.000000 	 803.000000 	 448.000000 	 1.000000 
1.000000 	 572.000000 	 686.000000 	 448.000000 	 1.000000 
1.000000 	 568.000000 	 613.000000 	 512.000000 	 1.000000 
1.000000 	 566.000000 	 574.000000 	 512.000000 	 1.000000 
1.000000 	 562.000000 	 556.000000 	 576.000000 	 1.000000 
