stroke_id	 x	 y	 time	 is_writing
1.000000 	 554.000000 	 1183.000000 	 76.000000 	 1.000000 
1.000000 	 635.000000 	 1218.000000 	 108.000000 	 1.000000 
1.000000 	 697.000000 	 1224.000000 	 140.000000 	 1.000000 
1.000000 	 721.000000 	 1219.000000 	 156.000000 	 1.000000 
1.000000 	 731.000000 	 1210.000000 	 171.000000 	 1.000000 
1.000000 	 738.000000 	 1181.000000 	 187.000000 	 1.000000 
1.000000 	 689.000000 	 1057.000000 	 219.000000 	 1.000000 
1.000000 	 645.000000 	 985.000000 	 235.000000 	 1.000000 
1.000000 	 601.000000 	 918.000000 	 251.000000 	 1.000000 
1.000000 	 559.000000 	 856.000000 	 267.000000 	 1.000000 
1.000000 	 523.000000 	 799.000000 	 283.000000 	 1.000000 
1.000000 	 490.000000 	 745.000000 	 299.000000 	 1.000000 
1.000000 	 470.000000 	 700.000000 	 314.000000 	 1.000000 
1.000000 	 460.000000 	 658.000000 	 330.000000 	 1.000000 
1.000000 	 460.000000 	 624.000000 	 346.000000 	 1.000000 
1.000000 	 465.000000 	 607.000000 	 362.000000 	 1.000000 
1.000000 	 477.000000 	 594.000000 	 378.000000 	 1.000000 
1.000000 	 507.000000 	 581.000000 	 394.000000 	 1.000000 
1.000000 	 539.000000 	 586.000000 	 410.000000 	 1.000000 
1.000000 	 559.000000 	 602.000000 	 426.000000 	 1.000000 
1.000000 	 591.000000 	 648.000000 	 442.000000 	 1.000000 
1.000000 	 609.000000 	 692.000000 	 458.000000 	 1.000000 
1.000000 	 618.000000 	 758.000000 	 490.000000 	 1.000000 
1.000000 	 609.000000 	 790.000000 	 506.000000 	 1.000000 
1.000000 	 594.000000 	 826.000000 	 521.000000 	 1.000000 
1.000000 	 572.000000 	 864.000000 	 537.000000 	 1.000000 
1.000000 	 545.000000 	 903.000000 	 553.000000 	 1.000000 
1.000000 	 522.000000 	 936.000000 	 569.000000 	 1.000000 
1.000000 	 497.000000 	 971.000000 	 586.000000 	 1.000000 
1.000000 	 482.000000 	 998.000000 	 601.000000 	 1.000000 
1.000000 	 467.000000 	 1038.000000 	 617.000000 	 1.000000 
1.000000 	 462.000000 	 1079.000000 	 633.000000 	 1.000000 
1.000000 	 467.000000 	 1120.000000 	 649.000000 	 1.000000 
1.000000 	 483.000000 	 1158.000000 	 665.000000 	 1.000000 
1.000000 	 486.000000 	 1163.000000 	 676.000000 	 1.000000 
