stroke_id	 x	 y	 time	 is_writing
1.000000 	 738.000000 	 1211.000000 	 0.000000 	 1.000000 
1.000000 	 685.000000 	 1169.000000 	 0.000000 	 1.000000 
1.000000 	 641.000000 	 1117.000000 	 0.000000 	 1.000000 
1.000000 	 598.000000 	 1063.000000 	 0.000000 	 1.000000 
1.000000 	 560.000000 	 1006.000000 	 0.000000 	 1.000000 
1.000000 	 525.000000 	 956.000000 	 0.000000 	 1.000000 
1.000000 	 498.000000 	 924.000000 	 128.000000 	 1.000000 
1.000000 	 491.000000 	 914.000000 	 128.000000 	 1.000000 
1.000000 	 530.000000 	 1161.000000 	 256.000000 	 1.000000 
1.000000 	 530.000000 	 1102.000000 	 256.000000 	 1.000000 
1.000000 	 549.000000 	 1056.000000 	 256.000000 	 1.000000 
1.000000 	 571.000000 	 1006.000000 	 256.000000 	 1.000000 
1.000000 	 594.000000 	 959.000000 	 256.000000 	 1.000000 
1.000000 	 613.000000 	 919.000000 	 384.000000 	 1.000000 
1.000000 	 629.000000 	 898.000000 	 384.000000 	 1.000000 
1.000000 	 632.000000 	 895.000000 	 384.000000 	 1.000000 
1.000000 	 618.000000 	 1245.000000 	 512.000000 	 1.000000 
1.000000 	 601.000000 	 1198.000000 	 512.000000 	 1.000000 
1.000000 	 586.000000 	 1124.000000 	 512.000000 	 1.000000 
1.000000 	 580.000000 	 1043.000000 	 512.000000 	 1.000000 
1.000000 	 578.000000 	 966.000000 	 640.000000 	 1.000000 
1.000000 	 578.000000 	 901.000000 	 640.000000 	 1.000000 
1.000000 	 578.000000 	 867.000000 	 640.000000 	 1.000000 
1.000000 	 579.000000 	 864.000000 	 640.000000 	 1.000000 
1.000000 	 489.000000 	 1071.000000 	 768.000000 	 1.000000 
1.000000 	 541.000000 	 1060.000000 	 768.000000 	 1.000000 
1.000000 	 595.000000 	 1049.000000 	 768.000000 	 1.000000 
1.000000 	 653.000000 	 1040.000000 	 896.000000 	 1.000000 
