stroke_id	 x	 y	 time	 is_writing
1.000000 	 312.000000 	 825.000000 	 0.000000 	 1.000000 
1.000000 	 309.000000 	 804.000000 	 64.000000 	 1.000000 
1.000000 	 306.000000 	 770.000000 	 64.000000 	 1.000000 
1.000000 	 304.000000 	 682.000000 	 64.000000 	 1.000000 
1.000000 	 302.000000 	 632.000000 	 128.000000 	 1.000000 
1.000000 	 302.000000 	 585.000000 	 128.000000 	 1.000000 
1.000000 	 300.000000 	 538.000000 	 128.000000 	 1.000000 
1.000000 	 296.000000 	 495.000000 	 128.000000 	 1.000000 
1.000000 	 291.000000 	 457.000000 	 192.000000 	 1.000000 
1.000000 	 287.000000 	 425.000000 	 192.000000 	 1.000000 
1.000000 	 283.000000 	 403.000000 	 192.000000 	 1.000000 
1.000000 	 280.000000 	 393.000000 	 192.000000 	 1.000000 
1.000000 	 278.000000 	 387.000000 	 256.000000 	 1.000000 
1.000000 	 277.000000 	 385.000000 	 256.000000 	 1.000000 
1.000000 	 277.000000 	 385.000000 	 256.000000 	 1.000000 
1.000000 	 278.000000 	 392.000000 	 256.000000 	 1.000000 
1.000000 	 284.000000 	 409.000000 	 320.000000 	 1.000000 
1.000000 	 298.000000 	 436.000000 	 320.000000 	 1.000000 
1.000000 	 310.000000 	 458.000000 	 320.000000 	 1.000000 
1.000000 	 323.000000 	 480.000000 	 384.000000 	 1.000000 
1.000000 	 336.000000 	 499.000000 	 384.000000 	 1.000000 
1.000000 	 347.000000 	 509.000000 	 384.000000 	 1.000000 
1.000000 	 357.000000 	 516.000000 	 384.000000 	 1.000000 
1.000000 	 367.000000 	 518.000000 	 448.000000 	 1.000000 
1.000000 	 376.000000 	 515.000000 	 448.000000 	 1.000000 
1.000000 	 382.000000 	 509.000000 	 448.000000 	 1.000000 
1.000000 	 388.000000 	 497.000000 	 448.000000 	 1.000000 
1.000000 	 392.000000 	 476.000000 	 512.000000 	 1.000000 
1.000000 	 394.000000 	 457.000000 	 512.000000 	 1.000000 
1.000000 	 396.000000 	 441.000000 	 512.000000 	 1.000000 
1.000000 	 399.000000 	 427.000000 	 512.000000 	 1.000000 
1.000000 	 403.000000 	 416.000000 	 576.000000 	 1.000000 
