stroke_id	 x	 y	 time	 is_writing
1.000000 	 616.000000 	 1096.000000 	 0.000000 	 1.000000 
1.000000 	 608.000000 	 1102.000000 	 64.000000 	 1.000000 
1.000000 	 594.000000 	 1103.000000 	 64.000000 	 1.000000 
1.000000 	 575.000000 	 1094.000000 	 64.000000 	 1.000000 
1.000000 	 555.000000 	 1074.000000 	 64.000000 	 1.000000 
1.000000 	 540.000000 	 1046.000000 	 128.000000 	 1.000000 
1.000000 	 536.000000 	 1023.000000 	 128.000000 	 1.000000 
1.000000 	 540.000000 	 1005.000000 	 128.000000 	 1.000000 
1.000000 	 547.000000 	 996.000000 	 128.000000 	 1.000000 
1.000000 	 561.000000 	 992.000000 	 192.000000 	 1.000000 
1.000000 	 576.000000 	 997.000000 	 192.000000 	 1.000000 
1.000000 	 588.000000 	 1010.000000 	 192.000000 	 1.000000 
1.000000 	 599.000000 	 1028.000000 	 192.000000 	 1.000000 
1.000000 	 604.000000 	 1043.000000 	 256.000000 	 1.000000 
1.000000 	 605.000000 	 1051.000000 	 256.000000 	 1.000000 
1.000000 	 605.000000 	 1055.000000 	 256.000000 	 1.000000 
1.000000 	 605.000000 	 1057.000000 	 256.000000 	 1.000000 
1.000000 	 606.000000 	 1050.000000 	 320.000000 	 1.000000 
1.000000 	 613.000000 	 1027.000000 	 320.000000 	 1.000000 
1.000000 	 627.000000 	 986.000000 	 320.000000 	 1.000000 
1.000000 	 642.000000 	 949.000000 	 384.000000 	 1.000000 
1.000000 	 651.000000 	 917.000000 	 384.000000 	 1.000000 
1.000000 	 651.000000 	 897.000000 	 384.000000 	 1.000000 
1.000000 	 644.000000 	 885.000000 	 384.000000 	 1.000000 
1.000000 	 625.000000 	 875.000000 	 448.000000 	 1.000000 
1.000000 	 604.000000 	 872.000000 	 448.000000 	 1.000000 
1.000000 	 588.000000 	 881.000000 	 448.000000 	 1.000000 
1.000000 	 576.000000 	 899.000000 	 448.000000 	 1.000000 
1.000000 	 575.000000 	 900.000000 	 512.000000 	 1.000000 
