stroke_id	 x	 y	 time	 is_writing
1.000000 	 698.000000 	 1287.000000 	 0.000000 	 1.000000 
1.000000 	 698.000000 	 1288.000000 	 32.000000 	 1.000000 
1.000000 	 694.000000 	 1291.000000 	 64.000000 	 1.000000 
1.000000 	 675.000000 	 1305.000000 	 96.000000 	 1.000000 
1.000000 	 623.000000 	 1329.000000 	 96.000000 	 1.000000 
1.000000 	 490.000000 	 1291.000000 	 128.000000 	 1.000000 
1.000000 	 436.000000 	 1232.000000 	 160.000000 	 1.000000 
1.000000 	 384.000000 	 1097.000000 	 192.000000 	 1.000000 
1.000000 	 400.000000 	 1039.000000 	 192.000000 	 1.000000 
1.000000 	 502.000000 	 1019.000000 	 224.000000 	 1.000000 
1.000000 	 556.000000 	 1062.000000 	 256.000000 	 1.000000 
1.000000 	 606.000000 	 1119.000000 	 256.000000 	 1.000000 
1.000000 	 641.000000 	 1188.000000 	 288.000000 	 1.000000 
1.000000 	 672.000000 	 1322.000000 	 320.000000 	 1.000000 
1.000000 	 665.000000 	 1340.000000 	 320.000000 	 1.000000 
1.000000 	 659.000000 	 1337.000000 	 352.000000 	 1.000000 
1.000000 	 651.000000 	 1322.000000 	 384.000000 	 1.000000 
1.000000 	 629.000000 	 1118.000000 	 416.000000 	 1.000000 
1.000000 	 631.000000 	 988.000000 	 416.000000 	 1.000000 
1.000000 	 634.000000 	 736.000000 	 448.000000 	 1.000000 
