stroke_id	 x	 y	 time	 is_writing
1.000000 	 435.000000 	 1247.000000 	 0.000000 	 1.000000 
1.000000 	 435.000000 	 1160.000000 	 128.000000 	 1.000000 
1.000000 	 449.000000 	 950.000000 	 128.000000 	 1.000000 
1.000000 	 473.000000 	 736.000000 	 128.000000 	 1.000000 
1.000000 	 474.000000 	 662.000000 	 128.000000 	 1.000000 
1.000000 	 476.000000 	 603.000000 	 128.000000 	 1.000000 
1.000000 	 482.000000 	 561.000000 	 256.000000 	 1.000000 
2.000000 	 387.000000 	 1221.000000 	 512.000000 	 1.000000 
2.000000 	 444.000000 	 1226.000000 	 512.000000 	 1.000000 
2.000000 	 494.000000 	 1238.000000 	 512.000000 	 1.000000 
2.000000 	 556.000000 	 1256.000000 	 512.000000 	 1.000000 
2.000000 	 623.000000 	 1274.000000 	 512.000000 	 1.000000 
2.000000 	 675.000000 	 1286.000000 	 640.000000 	 1.000000 
2.000000 	 724.000000 	 1292.000000 	 640.000000 	 1.000000 
2.000000 	 759.000000 	 1288.000000 	 640.000000 	 1.000000 
2.000000 	 774.000000 	 1280.000000 	 640.000000 	 1.000000 
2.000000 	 438.000000 	 972.000000 	 768.000000 	 1.000000 
2.000000 	 541.000000 	 1008.000000 	 768.000000 	 1.000000 
2.000000 	 613.000000 	 1031.000000 	 896.000000 	 1.000000 
