stroke_id	 x	 y	 time	 is_writing
1.000000 	 350.000000 	 933.000000 	 0.000000 	 1.000000 
1.000000 	 363.000000 	 966.000000 	 32.000000 	 1.000000 
1.000000 	 390.000000 	 1017.000000 	 48.000000 	 1.000000 
1.000000 	 467.000000 	 1146.000000 	 80.000000 	 1.000000 
1.000000 	 530.000000 	 1231.000000 	 112.000000 	 1.000000 
1.000000 	 537.000000 	 1223.000000 	 128.000000 	 1.000000 
1.000000 	 534.000000 	 1208.000000 	 144.000000 	 1.000000 
1.000000 	 530.000000 	 1166.000000 	 160.000000 	 1.000000 
1.000000 	 521.000000 	 1108.000000 	 176.000000 	 1.000000 
1.000000 	 509.000000 	 1051.000000 	 192.000000 	 1.000000 
1.000000 	 500.000000 	 992.000000 	 208.000000 	 1.000000 
1.000000 	 489.000000 	 936.000000 	 224.000000 	 1.000000 
1.000000 	 478.000000 	 887.000000 	 248.000000 	 1.000000 
1.000000 	 474.000000 	 856.000000 	 272.000000 	 1.000000 
