stroke_id	 x	 y	 time	 is_writing
1.000000 	 202.000000 	 570.000000 	 0.000000 	 1.000000 
1.000000 	 213.000000 	 570.000000 	 48.000000 	 1.000000 
1.000000 	 254.000000 	 570.000000 	 80.000000 	 1.000000 
1.000000 	 277.000000 	 574.000000 	 96.000000 	 1.000000 
1.000000 	 324.000000 	 587.000000 	 128.000000 	 1.000000 
1.000000 	 335.000000 	 591.000000 	 144.000000 	 1.000000 
1.000000 	 339.000000 	 594.000000 	 168.000000 	 1.000000 
2.000000 	 204.000000 	 480.000000 	 332.000000 	 1.000000 
2.000000 	 227.000000 	 490.000000 	 376.000000 	 1.000000 
2.000000 	 282.000000 	 505.000000 	 408.000000 	 1.000000 
2.000000 	 317.000000 	 512.000000 	 424.000000 	 1.000000 
2.000000 	 339.000000 	 518.000000 	 440.000000 	 1.000000 
2.000000 	 365.000000 	 525.000000 	 472.000000 	 1.000000 
