stroke_id	 x	 y	 time	 is_writing
1.000000 	 533.000000 	 1274.000000 	 0.000000 	 1.000000 
1.000000 	 530.000000 	 1274.000000 	 16.000000 	 1.000000 
1.000000 	 527.000000 	 1274.000000 	 32.000000 	 1.000000 
1.000000 	 515.000000 	 1265.000000 	 48.000000 	 1.000000 
1.000000 	 496.000000 	 1243.000000 	 64.000000 	 1.000000 
1.000000 	 486.000000 	 1189.000000 	 96.000000 	 1.000000 
1.000000 	 501.000000 	 1147.000000 	 112.000000 	 1.000000 
1.000000 	 573.000000 	 1004.000000 	 160.000000 	 1.000000 
1.000000 	 631.000000 	 842.000000 	 208.000000 	 1.000000 
1.000000 	 611.000000 	 736.000000 	 240.000000 	 1.000000 
1.000000 	 586.000000 	 702.000000 	 256.000000 	 1.000000 
1.000000 	 507.000000 	 703.000000 	 288.000000 	 1.000000 
1.000000 	 461.000000 	 735.000000 	 304.000000 	 1.000000 
1.000000 	 409.000000 	 822.000000 	 336.000000 	 1.000000 
1.000000 	 449.000000 	 904.000000 	 368.000000 	 1.000000 
1.000000 	 490.000000 	 951.000000 	 384.000000 	 1.000000 
1.000000 	 533.000000 	 994.000000 	 400.000000 	 1.000000 
1.000000 	 583.000000 	 1026.000000 	 416.000000 	 1.000000 
1.000000 	 635.000000 	 1044.000000 	 432.000000 	 1.000000 
1.000000 	 683.000000 	 1058.000000 	 448.000000 	 1.000000 
1.000000 	 720.000000 	 1081.000000 	 464.000000 	 1.000000 
1.000000 	 745.000000 	 1163.000000 	 512.000000 	 1.000000 
1.000000 	 734.000000 	 1215.000000 	 512.000000 	 1.000000 
1.000000 	 715.000000 	 1261.000000 	 544.000000 	 1.000000 
1.000000 	 699.000000 	 1293.000000 	 560.000000 	 1.000000 
1.000000 	 677.000000 	 1305.000000 	 576.000000 	 1.000000 
1.000000 	 646.000000 	 1303.000000 	 592.000000 	 1.000000 
1.000000 	 560.000000 	 1284.000000 	 624.000000 	 1.000000 
1.000000 	 521.000000 	 1269.000000 	 640.000000 	 1.000000 
1.000000 	 515.000000 	 1266.000000 	 656.000000 	 1.000000 
