stroke_id	 x	 y	 time	 is_writing
1.000000 	 439.000000 	 808.000000 	 0.000000 	 1.000000 
1.000000 	 469.000000 	 872.000000 	 0.000000 	 1.000000 
1.000000 	 501.000000 	 934.000000 	 0.000000 	 1.000000 
1.000000 	 545.000000 	 1033.000000 	 0.000000 	 1.000000 
1.000000 	 588.000000 	 1131.000000 	 128.000000 	 1.000000 
1.000000 	 619.000000 	 1214.000000 	 128.000000 	 1.000000 
1.000000 	 632.000000 	 1266.000000 	 128.000000 	 1.000000 
1.000000 	 638.000000 	 1288.000000 	 128.000000 	 1.000000 
1.000000 	 638.000000 	 1292.000000 	 128.000000 	 1.000000 
1.000000 	 638.000000 	 1290.000000 	 128.000000 	 1.000000 
1.000000 	 637.000000 	 1283.000000 	 128.000000 	 1.000000 
1.000000 	 628.000000 	 1245.000000 	 128.000000 	 1.000000 
1.000000 	 606.000000 	 1157.000000 	 256.000000 	 1.000000 
1.000000 	 587.000000 	 1039.000000 	 256.000000 	 1.000000 
1.000000 	 568.000000 	 909.000000 	 256.000000 	 1.000000 
1.000000 	 545.000000 	 786.000000 	 256.000000 	 1.000000 
1.000000 	 527.000000 	 666.000000 	 256.000000 	 1.000000 
1.000000 	 512.000000 	 542.000000 	 256.000000 	 1.000000 
1.000000 	 507.000000 	 441.000000 	 256.000000 	 1.000000 
1.000000 	 511.000000 	 373.000000 	 384.000000 	 1.000000 
