stroke_id	 x	 y	 time	 is_writing
1.000000 	 305.000000 	 1395.000000 	 0.000000 	 1.000000 
1.000000 	 336.000000 	 1393.000000 	 128.000000 	 1.000000 
1.000000 	 383.000000 	 1385.000000 	 128.000000 	 1.000000 
1.000000 	 429.000000 	 1381.000000 	 128.000000 	 1.000000 
1.000000 	 482.000000 	 1377.000000 	 128.000000 	 1.000000 
1.000000 	 536.000000 	 1376.000000 	 128.000000 	 1.000000 
1.000000 	 592.000000 	 1377.000000 	 128.000000 	 1.000000 
1.000000 	 641.000000 	 1381.000000 	 256.000000 	 1.000000 
1.000000 	 671.000000 	 1388.000000 	 256.000000 	 1.000000 
1.000000 	 687.000000 	 1390.000000 	 256.000000 	 1.000000 
1.000000 	 696.000000 	 1391.000000 	 256.000000 	 1.000000 
1.000000 	 698.000000 	 1392.000000 	 256.000000 	 1.000000 
1.000000 	 701.000000 	 1392.000000 	 256.000000 	 1.000000 
1.000000 	 702.000000 	 1388.000000 	 256.000000 	 1.000000 
1.000000 	 692.000000 	 1357.000000 	 256.000000 	 1.000000 
1.000000 	 666.000000 	 1306.000000 	 384.000000 	 1.000000 
1.000000 	 630.000000 	 1240.000000 	 384.000000 	 1.000000 
1.000000 	 592.000000 	 1164.000000 	 384.000000 	 1.000000 
1.000000 	 554.000000 	 1074.000000 	 384.000000 	 1.000000 
1.000000 	 517.000000 	 977.000000 	 384.000000 	 1.000000 
1.000000 	 484.000000 	 877.000000 	 384.000000 	 1.000000 
1.000000 	 458.000000 	 793.000000 	 384.000000 	 1.000000 
1.000000 	 440.000000 	 733.000000 	 512.000000 	 1.000000 
2.000000 	 395.000000 	 1057.000000 	 1280.000000 	 1.000000 
2.000000 	 440.000000 	 1056.000000 	 1408.000000 	 1.000000 
2.000000 	 479.000000 	 1051.000000 	 1408.000000 	 1.000000 
2.000000 	 516.000000 	 1047.000000 	 1408.000000 	 1.000000 
2.000000 	 567.000000 	 1040.000000 	 1408.000000 	 1.000000 
2.000000 	 615.000000 	 1035.000000 	 1408.000000 	 1.000000 
2.000000 	 660.000000 	 1033.000000 	 1408.000000 	 1.000000 
2.000000 	 692.000000 	 1033.000000 	 1408.000000 	 1.000000 
2.000000 	 715.000000 	 1034.000000 	 1408.000000 	 1.000000 
2.000000 	 724.000000 	 1038.000000 	 1536.000000 	 1.000000 
