stroke_id	 x	 y	 time	 is_writing
1.000000 	 472.000000 	 1175.000000 	 0.000000 	 1.000000 
1.000000 	 464.000000 	 1185.000000 	 32.000000 	 1.000000 
1.000000 	 461.000000 	 1196.000000 	 64.000000 	 1.000000 
2.000000 	 569.000000 	 1323.000000 	 128.000000 	 1.000000 
2.000000 	 623.000000 	 1359.000000 	 128.000000 	 1.000000 
2.000000 	 671.000000 	 1378.000000 	 160.000000 	 1.000000 
2.000000 	 704.000000 	 1374.000000 	 160.000000 	 1.000000 
2.000000 	 723.000000 	 1356.000000 	 192.000000 	 1.000000 
2.000000 	 734.000000 	 1311.000000 	 192.000000 	 1.000000 
2.000000 	 736.000000 	 1258.000000 	 224.000000 	 1.000000 
2.000000 	 717.000000 	 1177.000000 	 224.000000 	 1.000000 
2.000000 	 680.000000 	 1092.000000 	 256.000000 	 1.000000 
2.000000 	 630.000000 	 1013.000000 	 256.000000 	 1.000000 
2.000000 	 584.000000 	 944.000000 	 288.000000 	 1.000000 
2.000000 	 546.000000 	 885.000000 	 288.000000 	 1.000000 
2.000000 	 524.000000 	 836.000000 	 320.000000 	 1.000000 
2.000000 	 519.000000 	 796.000000 	 320.000000 	 1.000000 
2.000000 	 523.000000 	 783.000000 	 352.000000 	 1.000000 
2.000000 	 543.000000 	 755.000000 	 352.000000 	 1.000000 
2.000000 	 563.000000 	 741.000000 	 384.000000 	 1.000000 
2.000000 	 593.000000 	 727.000000 	 384.000000 	 1.000000 
2.000000 	 626.000000 	 723.000000 	 416.000000 	 1.000000 
2.000000 	 687.000000 	 733.000000 	 416.000000 	 1.000000 
2.000000 	 701.000000 	 753.000000 	 448.000000 	 1.000000 
2.000000 	 725.000000 	 788.000000 	 448.000000 	 1.000000 
2.000000 	 736.000000 	 835.000000 	 480.000000 	 1.000000 
2.000000 	 736.000000 	 886.000000 	 512.000000 	 1.000000 
2.000000 	 713.000000 	 968.000000 	 512.000000 	 1.000000 
2.000000 	 660.000000 	 1041.000000 	 544.000000 	 1.000000 
2.000000 	 636.000000 	 1052.000000 	 544.000000 	 1.000000 
2.000000 	 592.000000 	 1076.000000 	 576.000000 	 1.000000 
2.000000 	 522.000000 	 1109.000000 	 576.000000 	 1.000000 
2.000000 	 473.000000 	 1137.000000 	 608.000000 	 1.000000 
2.000000 	 471.000000 	 1140.000000 	 608.000000 	 1.000000 
2.000000 	 469.000000 	 1147.000000 	 640.000000 	 1.000000 
2.000000 	 470.000000 	 1154.000000 	 672.000000 	 1.000000 
