stroke_id	 x	 y	 time	 is_writing
1.000000 	 504.000000 	 1300.000000 	 0.000000 	 1.000000 
1.000000 	 477.000000 	 1241.000000 	 128.000000 	 1.000000 
1.000000 	 436.000000 	 1141.000000 	 128.000000 	 1.000000 
1.000000 	 390.000000 	 1016.000000 	 128.000000 	 1.000000 
1.000000 	 339.000000 	 872.000000 	 128.000000 	 1.000000 
1.000000 	 292.000000 	 746.000000 	 128.000000 	 1.000000 
1.000000 	 258.000000 	 641.000000 	 128.000000 	 1.000000 
1.000000 	 233.000000 	 563.000000 	 128.000000 	 1.000000 
1.000000 	 221.000000 	 516.000000 	 128.000000 	 1.000000 
1.000000 	 216.000000 	 493.000000 	 256.000000 	 1.000000 
1.000000 	 219.000000 	 490.000000 	 256.000000 	 1.000000 
1.000000 	 220.000000 	 491.000000 	 256.000000 	 1.000000 
1.000000 	 526.000000 	 1332.000000 	 384.000000 	 1.000000 
1.000000 	 533.000000 	 1242.000000 	 512.000000 	 1.000000 
1.000000 	 545.000000 	 1146.000000 	 512.000000 	 1.000000 
1.000000 	 572.000000 	 1045.000000 	 512.000000 	 1.000000 
1.000000 	 603.000000 	 945.000000 	 512.000000 	 1.000000 
1.000000 	 639.000000 	 843.000000 	 512.000000 	 1.000000 
1.000000 	 663.000000 	 754.000000 	 512.000000 	 1.000000 
1.000000 	 683.000000 	 674.000000 	 512.000000 	 1.000000 
1.000000 	 692.000000 	 630.000000 	 512.000000 	 1.000000 
1.000000 	 696.000000 	 613.000000 	 640.000000 	 1.000000 
1.000000 	 695.000000 	 611.000000 	 640.000000 	 1.000000 
1.000000 	 341.000000 	 892.000000 	 768.000000 	 1.000000 
1.000000 	 393.000000 	 894.000000 	 896.000000 	 1.000000 
