stroke_id	 x	 y	 time	 is_writing
1.000000 	 660.000000 	 1047.000000 	 50.000000 	 1.000000 
1.000000 	 647.000000 	 1066.000000 	 64.000000 	 1.000000 
1.000000 	 621.000000 	 1087.000000 	 81.000000 	 1.000000 
1.000000 	 577.000000 	 1099.000000 	 98.000000 	 1.000000 
1.000000 	 532.000000 	 1088.000000 	 114.000000 	 1.000000 
1.000000 	 495.000000 	 1067.000000 	 131.000000 	 1.000000 
1.000000 	 469.000000 	 1034.000000 	 148.000000 	 1.000000 
1.000000 	 454.000000 	 997.000000 	 164.000000 	 1.000000 
1.000000 	 451.000000 	 963.000000 	 181.000000 	 1.000000 
1.000000 	 463.000000 	 938.000000 	 198.000000 	 1.000000 
1.000000 	 493.000000 	 918.000000 	 214.000000 	 1.000000 
1.000000 	 538.000000 	 910.000000 	 231.000000 	 1.000000 
1.000000 	 589.000000 	 921.000000 	 248.000000 	 1.000000 
1.000000 	 637.000000 	 947.000000 	 264.000000 	 1.000000 
1.000000 	 672.000000 	 984.000000 	 281.000000 	 1.000000 
1.000000 	 689.000000 	 1019.000000 	 298.000000 	 1.000000 
1.000000 	 690.000000 	 1052.000000 	 314.000000 	 1.000000 
1.000000 	 681.000000 	 1069.000000 	 331.000000 	 1.000000 
1.000000 	 671.000000 	 1075.000000 	 348.000000 	 1.000000 
1.000000 	 664.000000 	 1073.000000 	 365.000000 	 1.000000 
1.000000 	 661.000000 	 1056.000000 	 381.000000 	 1.000000 
1.000000 	 663.000000 	 1001.000000 	 398.000000 	 1.000000 
1.000000 	 676.000000 	 920.000000 	 415.000000 	 1.000000 
1.000000 	 698.000000 	 832.000000 	 431.000000 	 1.000000 
1.000000 	 726.000000 	 751.000000 	 448.000000 	 1.000000 
1.000000 	 739.000000 	 681.000000 	 465.000000 	 1.000000 
1.000000 	 738.000000 	 618.000000 	 481.000000 	 1.000000 
1.000000 	 724.000000 	 567.000000 	 498.000000 	 1.000000 
1.000000 	 695.000000 	 537.000000 	 515.000000 	 1.000000 
1.000000 	 672.000000 	 518.000000 	 534.000000 	 1.000000 
