stroke_id	 x	 y	 time	 is_writing
1.000000 	 889.000000 	 1731.000000 	 0.000000 	 1.000000 
1.000000 	 888.000000 	 1733.000000 	 20.000000 	 1.000000 
1.000000 	 859.000000 	 1751.000000 	 60.000000 	 1.000000 
1.000000 	 798.000000 	 1772.000000 	 92.000000 	 1.000000 
1.000000 	 733.000000 	 1754.000000 	 120.000000 	 1.000000 
1.000000 	 679.000000 	 1692.000000 	 136.000000 	 1.000000 
1.000000 	 640.000000 	 1590.000000 	 168.000000 	 1.000000 
1.000000 	 639.000000 	 1561.000000 	 188.000000 	 1.000000 
1.000000 	 702.000000 	 1506.000000 	 236.000000 	 1.000000 
1.000000 	 748.000000 	 1493.000000 	 252.000000 	 1.000000 
1.000000 	 818.000000 	 1508.000000 	 304.000000 	 1.000000 
1.000000 	 821.000000 	 1517.000000 	 320.000000 	 1.000000 
1.000000 	 799.000000 	 1514.000000 	 372.000000 	 1.000000 
1.000000 	 767.000000 	 1486.000000 	 388.000000 	 1.000000 
1.000000 	 666.000000 	 1269.000000 	 436.000000 	 1.000000 
1.000000 	 668.000000 	 1230.000000 	 456.000000 	 1.000000 
1.000000 	 755.000000 	 1148.000000 	 504.000000 	 1.000000 
1.000000 	 811.000000 	 1138.000000 	 524.000000 	 1.000000 
1.000000 	 891.000000 	 1163.000000 	 572.000000 	 1.000000 
1.000000 	 898.000000 	 1176.000000 	 588.000000 	 1.000000 
1.000000 	 885.000000 	 1200.000000 	 640.000000 	 1.000000 
1.000000 	 871.000000 	 1201.000000 	 656.000000 	 1.000000 
1.000000 	 778.000000 	 1096.000000 	 708.000000 	 1.000000 
1.000000 	 751.000000 	 1035.000000 	 724.000000 	 1.000000 
1.000000 	 763.000000 	 856.000000 	 772.000000 	 1.000000 
1.000000 	 781.000000 	 853.000000 	 792.000000 	 1.000000 
1.000000 	 895.000000 	 894.000000 	 844.000000 	 1.000000 
1.000000 	 939.000000 	 948.000000 	 860.000000 	 1.000000 
1.000000 	 951.000000 	 972.000000 	 884.000000 	 1.000000 
