stroke_id	 x	 y	 time	 is_writing
1.000000 	 405.000000 	 541.000000 	 0.000000 	 1.000000 
1.000000 	 414.000000 	 568.000000 	 12.000000 	 1.000000 
1.000000 	 421.000000 	 583.000000 	 28.000000 	 1.000000 
1.000000 	 444.000000 	 626.000000 	 48.000000 	 1.000000 
1.000000 	 480.000000 	 707.000000 	 64.000000 	 1.000000 
1.000000 	 516.000000 	 792.000000 	 80.000000 	 1.000000 
1.000000 	 550.000000 	 885.000000 	 96.000000 	 1.000000 
1.000000 	 579.000000 	 959.000000 	 112.000000 	 1.000000 
1.000000 	 601.000000 	 1009.000000 	 128.000000 	 1.000000 
1.000000 	 616.000000 	 1041.000000 	 144.000000 	 1.000000 
1.000000 	 624.000000 	 1058.000000 	 160.000000 	 1.000000 
1.000000 	 627.000000 	 1064.000000 	 180.000000 	 1.000000 
1.000000 	 627.000000 	 1062.000000 	 196.000000 	 1.000000 
1.000000 	 622.000000 	 1029.000000 	 212.000000 	 1.000000 
1.000000 	 606.000000 	 953.000000 	 228.000000 	 1.000000 
1.000000 	 591.000000 	 868.000000 	 248.000000 	 1.000000 
1.000000 	 579.000000 	 782.000000 	 264.000000 	 1.000000 
1.000000 	 571.000000 	 687.000000 	 280.000000 	 1.000000 
1.000000 	 567.000000 	 599.000000 	 296.000000 	 1.000000 
1.000000 	 569.000000 	 520.000000 	 312.000000 	 1.000000 
1.000000 	 571.000000 	 457.000000 	 328.000000 	 1.000000 
1.000000 	 576.000000 	 405.000000 	 344.000000 	 1.000000 
1.000000 	 576.000000 	 373.000000 	 364.000000 	 1.000000 
1.000000 	 574.000000 	 352.000000 	 380.000000 	 1.000000 
1.000000 	 571.000000 	 341.000000 	 396.000000 	 1.000000 
1.000000 	 569.000000 	 338.000000 	 412.000000 	 1.000000 
