stroke_id	 x	 y	 time	 is_writing
1.000000 	 459.000000 	 1194.000000 	 0.000000 	 1.000000 
1.000000 	 458.000000 	 1189.000000 	 32.000000 	 1.000000 
1.000000 	 452.000000 	 1146.000000 	 48.000000 	 1.000000 
1.000000 	 450.000000 	 1131.000000 	 64.000000 	 1.000000 
1.000000 	 446.000000 	 1083.000000 	 84.000000 	 1.000000 
1.000000 	 444.000000 	 1043.000000 	 100.000000 	 1.000000 
1.000000 	 442.000000 	 1011.000000 	 116.000000 	 1.000000 
1.000000 	 440.000000 	 977.000000 	 136.000000 	 1.000000 
1.000000 	 440.000000 	 943.000000 	 152.000000 	 1.000000 
1.000000 	 439.000000 	 925.000000 	 168.000000 	 1.000000 
1.000000 	 436.000000 	 906.000000 	 184.000000 	 1.000000 
1.000000 	 436.000000 	 896.000000 	 200.000000 	 1.000000 
1.000000 	 435.000000 	 886.000000 	 216.000000 	 1.000000 
1.000000 	 432.000000 	 879.000000 	 236.000000 	 1.000000 
1.000000 	 431.000000 	 875.000000 	 252.000000 	 1.000000 
1.000000 	 593.000000 	 1174.000000 	 472.000000 	 1.000000 
1.000000 	 604.000000 	 1188.000000 	 488.000000 	 1.000000 
1.000000 	 604.000000 	 1188.000000 	 504.000000 	 1.000000 
1.000000 	 605.000000 	 1189.000000 	 512.000000 	 1.000000 
1.000000 	 603.000000 	 1185.000000 	 568.000000 	 1.000000 
2.000000 	 526.000000 	 1096.000000 	 920.000000 	 1.000000 
2.000000 	 539.000000 	 1051.000000 	 976.000000 	 1.000000 
2.000000 	 551.000000 	 1014.000000 	 992.000000 	 1.000000 
2.000000 	 559.000000 	 991.000000 	 1008.000000 	 1.000000 
2.000000 	 570.000000 	 957.000000 	 1024.000000 	 1.000000 
2.000000 	 603.000000 	 859.000000 	 1156.000000 	 1.000000 
