stroke_id	 x	 y	 time	 is_writing
1.000000 	 519.000000 	 1245.000000 	 0.000000 	 1.000000 
1.000000 	 519.000000 	 1245.000000 	 4.000000 	 1.000000 
1.000000 	 519.000000 	 1245.000000 	 22.000000 	 1.000000 
1.000000 	 519.000000 	 1245.000000 	 38.000000 	 1.000000 
1.000000 	 519.000000 	 1245.000000 	 55.000000 	 1.000000 
1.000000 	 519.000000 	 1245.000000 	 72.000000 	 1.000000 
1.000000 	 519.000000 	 1245.000000 	 88.000000 	 1.000000 
1.000000 	 519.000000 	 1245.000000 	 105.000000 	 1.000000 
1.000000 	 519.000000 	 1245.000000 	 121.000000 	 1.000000 
1.000000 	 519.000000 	 1245.000000 	 138.000000 	 1.000000 
1.000000 	 519.000000 	 1245.000000 	 154.000000 	 1.000000 
1.000000 	 517.000000 	 1243.000000 	 188.000000 	 1.000000 
1.000000 	 508.000000 	 1205.000000 	 204.000000 	 1.000000 
1.000000 	 478.000000 	 1032.000000 	 237.000000 	 1.000000 
1.000000 	 470.000000 	 971.000000 	 254.000000 	 1.000000 
1.000000 	 462.000000 	 906.000000 	 287.000000 	 1.000000 
1.000000 	 462.000000 	 892.000000 	 304.000000 	 1.000000 
1.000000 	 462.000000 	 885.000000 	 337.000000 	 1.000000 
1.000000 	 462.000000 	 885.000000 	 348.000000 	 1.000000 
