stroke_id	 x	 y	 time	 is_writing
1.000000 	 361.000000 	 1166.000000 	 48.000000 	 1.000000 
1.000000 	 363.000000 	 1139.000000 	 64.000000 	 1.000000 
1.000000 	 373.000000 	 1050.000000 	 96.000000 	 1.000000 
1.000000 	 378.000000 	 1019.000000 	 112.000000 	 1.000000 
1.000000 	 381.000000 	 989.000000 	 144.000000 	 1.000000 
1.000000 	 382.000000 	 985.000000 	 160.000000 	 1.000000 
1.000000 	 382.000000 	 983.000000 	 176.000000 	 1.000000 
1.000000 	 382.000000 	 986.000000 	 192.000000 	 1.000000 
1.000000 	 384.000000 	 994.000000 	 208.000000 	 1.000000 
1.000000 	 390.000000 	 1019.000000 	 224.000000 	 1.000000 
1.000000 	 406.000000 	 1060.000000 	 240.000000 	 1.000000 
1.000000 	 421.000000 	 1090.000000 	 256.000000 	 1.000000 
1.000000 	 431.000000 	 1103.000000 	 272.000000 	 1.000000 
1.000000 	 438.000000 	 1109.000000 	 288.000000 	 1.000000 
1.000000 	 444.000000 	 1108.000000 	 304.000000 	 1.000000 
1.000000 	 443.000000 	 1108.000000 	 320.000000 	 1.000000 
1.000000 	 447.000000 	 1098.000000 	 336.000000 	 1.000000 
1.000000 	 451.000000 	 1080.000000 	 368.000000 	 1.000000 
1.000000 	 456.000000 	 1062.000000 	 384.000000 	 1.000000 
1.000000 	 460.000000 	 1048.000000 	 400.000000 	 1.000000 
1.000000 	 462.000000 	 1036.000000 	 416.000000 	 1.000000 
1.000000 	 465.000000 	 1031.000000 	 432.000000 	 1.000000 
1.000000 	 467.000000 	 1028.000000 	 448.000000 	 1.000000 
1.000000 	 467.000000 	 1025.000000 	 480.000000 	 1.000000 
