stroke_id	 x	 y	 time	 is_writing
1.000000 	 377.000000 	 1249.000000 	 0.000000 	 1.000000 
1.000000 	 376.000000 	 1251.000000 	 128.000000 	 1.000000 
1.000000 	 412.000000 	 1250.000000 	 128.000000 	 1.000000 
1.000000 	 475.000000 	 1244.000000 	 128.000000 	 1.000000 
1.000000 	 565.000000 	 1207.000000 	 256.000000 	 1.000000 
1.000000 	 599.000000 	 1163.000000 	 256.000000 	 1.000000 
1.000000 	 603.000000 	 1116.000000 	 256.000000 	 1.000000 
1.000000 	 567.000000 	 1037.000000 	 256.000000 	 1.000000 
1.000000 	 479.000000 	 928.000000 	 384.000000 	 1.000000 
1.000000 	 395.000000 	 847.000000 	 384.000000 	 1.000000 
1.000000 	 348.000000 	 795.000000 	 384.000000 	 1.000000 
1.000000 	 334.000000 	 782.000000 	 384.000000 	 1.000000 
1.000000 	 338.000000 	 783.000000 	 512.000000 	 1.000000 
1.000000 	 375.000000 	 787.000000 	 512.000000 	 1.000000 
1.000000 	 491.000000 	 795.000000 	 512.000000 	 1.000000 
1.000000 	 632.000000 	 806.000000 	 512.000000 	 1.000000 
1.000000 	 717.000000 	 823.000000 	 640.000000 	 1.000000 
