stroke_id	 x	 y	 time	 is_writing
1.000000 	 525.000000 	 1081.000000 	 0.000000 	 1.000000 
1.000000 	 523.000000 	 1070.000000 	 32.000000 	 1.000000 
1.000000 	 525.000000 	 1010.000000 	 64.000000 	 1.000000 
1.000000 	 529.000000 	 951.000000 	 80.000000 	 1.000000 
1.000000 	 532.000000 	 911.000000 	 96.000000 	 1.000000 
1.000000 	 533.000000 	 894.000000 	 128.000000 	 1.000000 
2.000000 	 484.000000 	 1020.000000 	 208.000000 	 1.000000 
2.000000 	 489.000000 	 1039.000000 	 240.000000 	 1.000000 
2.000000 	 496.000000 	 1062.000000 	 256.000000 	 1.000000 
2.000000 	 514.000000 	 1081.000000 	 272.000000 	 1.000000 
2.000000 	 537.000000 	 1098.000000 	 288.000000 	 1.000000 
2.000000 	 561.000000 	 1103.000000 	 304.000000 	 1.000000 
2.000000 	 577.000000 	 1093.000000 	 320.000000 	 1.000000 
2.000000 	 600.000000 	 1065.000000 	 336.000000 	 1.000000 
2.000000 	 609.000000 	 1040.000000 	 352.000000 	 1.000000 
2.000000 	 617.000000 	 1008.000000 	 368.000000 	 1.000000 
2.000000 	 614.000000 	 985.000000 	 384.000000 	 1.000000 
2.000000 	 609.000000 	 975.000000 	 400.000000 	 1.000000 
2.000000 	 592.000000 	 961.000000 	 416.000000 	 1.000000 
2.000000 	 577.000000 	 953.000000 	 448.000000 	 1.000000 
2.000000 	 555.000000 	 949.000000 	 464.000000 	 1.000000 
2.000000 	 524.000000 	 963.000000 	 480.000000 	 1.000000 
2.000000 	 507.000000 	 973.000000 	 496.000000 	 1.000000 
