stroke_id	 x	 y	 time	 is_writing
1.000000 	 491.000000 	 1124.000000 	 0.000000 	 1.000000 
1.000000 	 512.000000 	 1147.000000 	 140.000000 	 1.000000 
1.000000 	 528.000000 	 1157.000000 	 157.000000 	 1.000000 
1.000000 	 547.000000 	 1164.000000 	 173.000000 	 1.000000 
1.000000 	 568.000000 	 1169.000000 	 190.000000 	 1.000000 
1.000000 	 589.000000 	 1169.000000 	 207.000000 	 1.000000 
1.000000 	 609.000000 	 1167.000000 	 223.000000 	 1.000000 
1.000000 	 629.000000 	 1160.000000 	 239.000000 	 1.000000 
1.000000 	 649.000000 	 1148.000000 	 256.000000 	 1.000000 
1.000000 	 664.000000 	 1135.000000 	 273.000000 	 1.000000 
1.000000 	 674.000000 	 1117.000000 	 289.000000 	 1.000000 
1.000000 	 676.000000 	 1094.000000 	 306.000000 	 1.000000 
1.000000 	 675.000000 	 1070.000000 	 323.000000 	 1.000000 
1.000000 	 669.000000 	 1040.000000 	 339.000000 	 1.000000 
1.000000 	 656.000000 	 1011.000000 	 356.000000 	 1.000000 
1.000000 	 640.000000 	 986.000000 	 373.000000 	 1.000000 
1.000000 	 624.000000 	 965.000000 	 389.000000 	 1.000000 
1.000000 	 606.000000 	 949.000000 	 406.000000 	 1.000000 
1.000000 	 587.000000 	 938.000000 	 423.000000 	 1.000000 
1.000000 	 568.000000 	 930.000000 	 439.000000 	 1.000000 
1.000000 	 551.000000 	 924.000000 	 456.000000 	 1.000000 
1.000000 	 535.000000 	 924.000000 	 473.000000 	 1.000000 
1.000000 	 523.000000 	 924.000000 	 489.000000 	 1.000000 
1.000000 	 516.000000 	 924.000000 	 506.000000 	 1.000000 
1.000000 	 511.000000 	 925.000000 	 523.000000 	 1.000000 
1.000000 	 510.000000 	 926.000000 	 540.000000 	 1.000000 
1.000000 	 511.000000 	 928.000000 	 560.000000 	 1.000000 
1.000000 	 512.000000 	 925.000000 	 656.000000 	 1.000000 
1.000000 	 512.000000 	 921.000000 	 673.000000 	 1.000000 
1.000000 	 513.000000 	 914.000000 	 690.000000 	 1.000000 
1.000000 	 514.000000 	 901.000000 	 706.000000 	 1.000000 
1.000000 	 515.000000 	 883.000000 	 723.000000 	 1.000000 
1.000000 	 515.000000 	 867.000000 	 740.000000 	 1.000000 
1.000000 	 515.000000 	 851.000000 	 756.000000 	 1.000000 
1.000000 	 515.000000 	 840.000000 	 773.000000 	 1.000000 
1.000000 	 515.000000 	 833.000000 	 790.000000 	 1.000000 
1.000000 	 515.000000 	 827.000000 	 806.000000 	 1.000000 
1.000000 	 516.000000 	 824.000000 	 823.000000 	 1.000000 
1.000000 	 518.000000 	 819.000000 	 856.000000 	 1.000000 
1.000000 	 537.000000 	 661.000000 	 1047.000000 	 1.000000 
