stroke_id	 x	 y	 time	 is_writing
1.000000 	 531.000000 	 949.000000 	 0.000000 	 1.000000 
1.000000 	 529.000000 	 944.000000 	 16.000000 	 1.000000 
1.000000 	 527.000000 	 861.000000 	 48.000000 	 1.000000 
1.000000 	 529.000000 	 806.000000 	 64.000000 	 1.000000 
1.000000 	 531.000000 	 759.000000 	 80.000000 	 1.000000 
1.000000 	 533.000000 	 728.000000 	 96.000000 	 1.000000 
1.000000 	 535.000000 	 708.000000 	 112.000000 	 1.000000 
1.000000 	 535.000000 	 702.000000 	 128.000000 	 1.000000 
1.000000 	 535.000000 	 699.000000 	 144.000000 	 1.000000 
1.000000 	 535.000000 	 701.000000 	 160.000000 	 1.000000 
1.000000 	 547.000000 	 731.000000 	 176.000000 	 1.000000 
1.000000 	 569.000000 	 785.000000 	 192.000000 	 1.000000 
1.000000 	 590.000000 	 831.000000 	 224.000000 	 1.000000 
1.000000 	 610.000000 	 863.000000 	 224.000000 	 1.000000 
1.000000 	 626.000000 	 881.000000 	 256.000000 	 1.000000 
1.000000 	 639.000000 	 891.000000 	 272.000000 	 1.000000 
1.000000 	 649.000000 	 891.000000 	 288.000000 	 1.000000 
