stroke_id	 x	 y	 time	 is_writing
1.000000 	 417.000000 	 959.000000 	 48.000000 	 1.000000 
1.000000 	 401.000000 	 957.000000 	 64.000000 	 1.000000 
1.000000 	 374.000000 	 947.000000 	 80.000000 	 1.000000 
1.000000 	 339.000000 	 928.000000 	 96.000000 	 1.000000 
1.000000 	 297.000000 	 898.000000 	 112.000000 	 1.000000 
1.000000 	 250.000000 	 853.000000 	 128.000000 	 1.000000 
1.000000 	 207.000000 	 801.000000 	 144.000000 	 1.000000 
1.000000 	 171.000000 	 745.000000 	 164.000000 	 1.000000 
1.000000 	 139.000000 	 686.000000 	 180.000000 	 1.000000 
1.000000 	 114.000000 	 624.000000 	 196.000000 	 1.000000 
1.000000 	 107.000000 	 573.000000 	 212.000000 	 1.000000 
1.000000 	 110.000000 	 523.000000 	 228.000000 	 1.000000 
1.000000 	 123.000000 	 479.000000 	 244.000000 	 1.000000 
1.000000 	 143.000000 	 429.000000 	 264.000000 	 1.000000 
1.000000 	 171.000000 	 394.000000 	 280.000000 	 1.000000 
1.000000 	 209.000000 	 363.000000 	 296.000000 	 1.000000 
1.000000 	 251.000000 	 345.000000 	 312.000000 	 1.000000 
1.000000 	 293.000000 	 341.000000 	 328.000000 	 1.000000 
1.000000 	 328.000000 	 351.000000 	 344.000000 	 1.000000 
1.000000 	 359.000000 	 370.000000 	 360.000000 	 1.000000 
1.000000 	 385.000000 	 393.000000 	 376.000000 	 1.000000 
1.000000 	 405.000000 	 420.000000 	 392.000000 	 1.000000 
1.000000 	 415.000000 	 444.000000 	 408.000000 	 1.000000 
1.000000 	 420.000000 	 470.000000 	 424.000000 	 1.000000 
1.000000 	 420.000000 	 492.000000 	 444.000000 	 1.000000 
1.000000 	 414.000000 	 507.000000 	 460.000000 	 1.000000 
1.000000 	 406.000000 	 530.000000 	 476.000000 	 1.000000 
1.000000 	 390.000000 	 555.000000 	 492.000000 	 1.000000 
1.000000 	 367.000000 	 570.000000 	 508.000000 	 1.000000 
1.000000 	 338.000000 	 586.000000 	 524.000000 	 1.000000 
1.000000 	 307.000000 	 597.000000 	 544.000000 	 1.000000 
1.000000 	 273.000000 	 605.000000 	 560.000000 	 1.000000 
1.000000 	 237.000000 	 609.000000 	 576.000000 	 1.000000 
1.000000 	 207.000000 	 610.000000 	 592.000000 	 1.000000 
1.000000 	 184.000000 	 607.000000 	 608.000000 	 1.000000 
1.000000 	 176.000000 	 601.000000 	 624.000000 	 1.000000 
1.000000 	 166.000000 	 588.000000 	 640.000000 	 1.000000 
1.000000 	 156.000000 	 571.000000 	 664.000000 	 1.000000 
