stroke_id	 x	 y	 time	 is_writing
1.000000 	 240.000000 	 752.000000 	 0.000000 	 1.000000 
1.000000 	 242.000000 	 752.000000 	 32.000000 	 1.000000 
1.000000 	 246.000000 	 750.000000 	 48.000000 	 1.000000 
1.000000 	 268.000000 	 750.000000 	 64.000000 	 1.000000 
1.000000 	 308.000000 	 756.000000 	 80.000000 	 1.000000 
1.000000 	 359.000000 	 766.000000 	 96.000000 	 1.000000 
1.000000 	 408.000000 	 775.000000 	 128.000000 	 1.000000 
1.000000 	 452.000000 	 783.000000 	 128.000000 	 1.000000 
1.000000 	 478.000000 	 783.000000 	 160.000000 	 1.000000 
1.000000 	 494.000000 	 781.000000 	 176.000000 	 1.000000 
1.000000 	 500.000000 	 774.000000 	 192.000000 	 1.000000 
1.000000 	 499.000000 	 772.000000 	 208.000000 	 1.000000 
1.000000 	 498.000000 	 771.000000 	 208.000000 	 1.000000 
1.000000 	 499.000000 	 770.000000 	 240.000000 	 1.000000 
1.000000 	 499.000000 	 767.000000 	 256.000000 	 1.000000 
1.000000 	 496.000000 	 759.000000 	 272.000000 	 1.000000 
1.000000 	 490.000000 	 745.000000 	 288.000000 	 1.000000 
1.000000 	 470.000000 	 709.000000 	 304.000000 	 1.000000 
1.000000 	 440.000000 	 668.000000 	 320.000000 	 1.000000 
1.000000 	 412.000000 	 628.000000 	 336.000000 	 1.000000 
1.000000 	 386.000000 	 588.000000 	 352.000000 	 1.000000 
1.000000 	 365.000000 	 554.000000 	 368.000000 	 1.000000 
1.000000 	 356.000000 	 523.000000 	 384.000000 	 1.000000 
1.000000 	 352.000000 	 498.000000 	 400.000000 	 1.000000 
1.000000 	 353.000000 	 473.000000 	 416.000000 	 1.000000 
1.000000 	 353.000000 	 448.000000 	 432.000000 	 1.000000 
1.000000 	 352.000000 	 430.000000 	 448.000000 	 1.000000 
1.000000 	 350.000000 	 412.000000 	 480.000000 	 1.000000 
1.000000 	 348.000000 	 406.000000 	 480.000000 	 1.000000 
1.000000 	 347.000000 	 409.000000 	 528.000000 	 1.000000 
2.000000 	 314.000000 	 610.000000 	 752.000000 	 1.000000 
2.000000 	 314.000000 	 608.000000 	 768.000000 	 1.000000 
2.000000 	 316.000000 	 609.000000 	 784.000000 	 1.000000 
2.000000 	 335.000000 	 609.000000 	 800.000000 	 1.000000 
2.000000 	 373.000000 	 607.000000 	 832.000000 	 1.000000 
2.000000 	 431.000000 	 608.000000 	 848.000000 	 1.000000 
2.000000 	 488.000000 	 607.000000 	 864.000000 	 1.000000 
2.000000 	 522.000000 	 606.000000 	 880.000000 	 1.000000 
