stroke_id	 x	 y	 time	 is_writing
1.000000 	 828.000000 	 1864.000000 	 0.000000 	 1.000000 
1.000000 	 827.000000 	 1864.000000 	 16.000000 	 1.000000 
1.000000 	 815.000000 	 1866.000000 	 48.000000 	 1.000000 
1.000000 	 656.000000 	 1801.000000 	 80.000000 	 1.000000 
1.000000 	 586.000000 	 1704.000000 	 128.000000 	 1.000000 
1.000000 	 582.000000 	 1679.000000 	 144.000000 	 1.000000 
1.000000 	 599.000000 	 1649.000000 	 176.000000 	 1.000000 
1.000000 	 632.000000 	 1632.000000 	 192.000000 	 1.000000 
1.000000 	 784.000000 	 1566.000000 	 224.000000 	 1.000000 
1.000000 	 908.000000 	 1483.000000 	 240.000000 	 1.000000 
1.000000 	 999.000000 	 1387.000000 	 272.000000 	 1.000000 
1.000000 	 1001.000000 	 1373.000000 	 288.000000 	 1.000000 
1.000000 	 965.000000 	 1357.000000 	 320.000000 	 1.000000 
1.000000 	 904.000000 	 1337.000000 	 336.000000 	 1.000000 
1.000000 	 769.000000 	 1279.000000 	 368.000000 	 1.000000 
1.000000 	 707.000000 	 1260.000000 	 384.000000 	 1.000000 
1.000000 	 625.000000 	 1270.000000 	 416.000000 	 1.000000 
1.000000 	 605.000000 	 1283.000000 	 432.000000 	 1.000000 
1.000000 	 600.000000 	 1290.000000 	 448.000000 	 1.000000 
