stroke_id	 x	 y	 time	 is_writing
1.000000 	 361.000000 	 1247.000000 	 0.000000 	 1.000000 
1.000000 	 365.000000 	 1256.000000 	 12.000000 	 1.000000 
1.000000 	 393.000000 	 1287.000000 	 36.000000 	 1.000000 
1.000000 	 436.000000 	 1324.000000 	 56.000000 	 1.000000 
1.000000 	 488.000000 	 1362.000000 	 72.000000 	 1.000000 
1.000000 	 530.000000 	 1384.000000 	 88.000000 	 1.000000 
1.000000 	 562.000000 	 1391.000000 	 104.000000 	 1.000000 
1.000000 	 588.000000 	 1387.000000 	 120.000000 	 1.000000 
2.000000 	 641.000000 	 1330.000000 	 152.000000 	 1.000000 
2.000000 	 652.000000 	 1262.000000 	 168.000000 	 1.000000 
2.000000 	 651.000000 	 1171.000000 	 188.000000 	 1.000000 
2.000000 	 634.000000 	 1061.000000 	 204.000000 	 1.000000 
2.000000 	 598.000000 	 956.000000 	 220.000000 	 1.000000 
2.000000 	 551.000000 	 863.000000 	 236.000000 	 1.000000 
2.000000 	 501.000000 	 792.000000 	 256.000000 	 1.000000 
2.000000 	 450.000000 	 732.000000 	 272.000000 	 1.000000 
2.000000 	 411.000000 	 694.000000 	 288.000000 	 1.000000 
2.000000 	 381.000000 	 669.000000 	 304.000000 	 1.000000 
2.000000 	 363.000000 	 654.000000 	 320.000000 	 1.000000 
2.000000 	 354.000000 	 648.000000 	 336.000000 	 1.000000 
2.000000 	 353.000000 	 646.000000 	 352.000000 	 1.000000 
2.000000 	 355.000000 	 647.000000 	 368.000000 	 1.000000 
2.000000 	 364.000000 	 650.000000 	 388.000000 	 1.000000 
2.000000 	 396.000000 	 657.000000 	 404.000000 	 1.000000 
2.000000 	 447.000000 	 668.000000 	 420.000000 	 1.000000 
2.000000 	 516.000000 	 680.000000 	 436.000000 	 1.000000 
2.000000 	 576.000000 	 688.000000 	 456.000000 	 1.000000 
2.000000 	 632.000000 	 693.000000 	 472.000000 	 1.000000 
2.000000 	 675.000000 	 696.000000 	 488.000000 	 1.000000 
2.000000 	 712.000000 	 699.000000 	 504.000000 	 1.000000 
2.000000 	 740.000000 	 701.000000 	 520.000000 	 1.000000 
2.000000 	 758.000000 	 702.000000 	 536.000000 	 1.000000 
2.000000 	 773.000000 	 702.000000 	 552.000000 	 1.000000 
