stroke_id	 x	 y	 time	 is_writing
1.000000 	 542.000000 	 1019.000000 	 0.000000 	 1.000000 
1.000000 	 541.000000 	 1006.000000 	 64.000000 	 1.000000 
1.000000 	 540.000000 	 968.000000 	 96.000000 	 1.000000 
1.000000 	 539.000000 	 917.000000 	 128.000000 	 1.000000 
1.000000 	 532.000000 	 821.000000 	 160.000000 	 1.000000 
1.000000 	 527.000000 	 789.000000 	 160.000000 	 1.000000 
1.000000 	 524.000000 	 766.000000 	 192.000000 	 1.000000 
1.000000 	 522.000000 	 750.000000 	 192.000000 	 1.000000 
1.000000 	 522.000000 	 741.000000 	 224.000000 	 1.000000 
1.000000 	 522.000000 	 738.000000 	 256.000000 	 1.000000 
1.000000 	 406.000000 	 878.000000 	 384.000000 	 1.000000 
1.000000 	 422.000000 	 881.000000 	 448.000000 	 1.000000 
1.000000 	 458.000000 	 881.000000 	 448.000000 	 1.000000 
1.000000 	 501.000000 	 879.000000 	 480.000000 	 1.000000 
1.000000 	 545.000000 	 878.000000 	 512.000000 	 1.000000 
1.000000 	 583.000000 	 878.000000 	 512.000000 	 1.000000 
1.000000 	 613.000000 	 880.000000 	 544.000000 	 1.000000 
1.000000 	 642.000000 	 880.000000 	 544.000000 	 1.000000 
1.000000 	 660.000000 	 882.000000 	 576.000000 	 1.000000 
1.000000 	 645.000000 	 998.000000 	 704.000000 	 1.000000 
1.000000 	 496.000000 	 833.000000 	 800.000000 	 1.000000 
1.000000 	 472.000000 	 807.000000 	 832.000000 	 1.000000 
1.000000 	 457.000000 	 789.000000 	 864.000000 	 1.000000 
1.000000 	 447.000000 	 778.000000 	 864.000000 	 1.000000 
1.000000 	 440.000000 	 768.000000 	 896.000000 	 1.000000 
2.000000 	 464.000000 	 952.000000 	 1056.000000 	 1.000000 
2.000000 	 493.000000 	 918.000000 	 1152.000000 	 1.000000 
2.000000 	 519.000000 	 891.000000 	 1184.000000 	 1.000000 
2.000000 	 543.000000 	 866.000000 	 1184.000000 	 1.000000 
2.000000 	 567.000000 	 846.000000 	 1216.000000 	 1.000000 
2.000000 	 620.000000 	 800.000000 	 1248.000000 	 1.000000 
