stroke_id	 x	 y	 time	 is_writing
1.000000 	 483.000000 	 1138.000000 	 0.000000 	 1.000000 
1.000000 	 508.000000 	 1108.000000 	 77.000000 	 1.000000 
1.000000 	 528.000000 	 1087.000000 	 94.000000 	 1.000000 
1.000000 	 557.000000 	 1062.000000 	 111.000000 	 1.000000 
1.000000 	 589.000000 	 1036.000000 	 127.000000 	 1.000000 
1.000000 	 623.000000 	 1011.000000 	 144.000000 	 1.000000 
1.000000 	 655.000000 	 982.000000 	 178.000000 	 1.000000 
2.000000 	 660.000000 	 1176.000000 	 342.000000 	 1.000000 
2.000000 	 637.000000 	 1152.000000 	 394.000000 	 1.000000 
2.000000 	 608.000000 	 1106.000000 	 411.000000 	 1.000000 
2.000000 	 582.000000 	 1055.000000 	 428.000000 	 1.000000 
2.000000 	 550.000000 	 1000.000000 	 444.000000 	 1.000000 
2.000000 	 525.000000 	 952.000000 	 461.000000 	 1.000000 
2.000000 	 508.000000 	 919.000000 	 478.000000 	 1.000000 
2.000000 	 493.000000 	 895.000000 	 494.000000 	 1.000000 
2.000000 	 489.000000 	 884.000000 	 511.000000 	 1.000000 
2.000000 	 488.000000 	 881.000000 	 535.000000 	 1.000000 
3.000000 	 590.000000 	 1204.000000 	 676.000000 	 1.000000 
3.000000 	 573.000000 	 1166.000000 	 728.000000 	 1.000000 
3.000000 	 564.000000 	 1125.000000 	 745.000000 	 1.000000 
3.000000 	 559.000000 	 1081.000000 	 761.000000 	 1.000000 
3.000000 	 557.000000 	 1038.000000 	 778.000000 	 1.000000 
3.000000 	 557.000000 	 1004.000000 	 795.000000 	 1.000000 
3.000000 	 557.000000 	 975.000000 	 811.000000 	 1.000000 
3.000000 	 560.000000 	 950.000000 	 828.000000 	 1.000000 
3.000000 	 559.000000 	 935.000000 	 858.000000 	 1.000000 
4.000000 	 450.000000 	 1005.000000 	 999.000000 	 1.000000 
4.000000 	 468.000000 	 1008.000000 	 1042.000000 	 1.000000 
4.000000 	 510.000000 	 1014.000000 	 1061.000000 	 1.000000 
4.000000 	 566.000000 	 1020.000000 	 1078.000000 	 1.000000 
4.000000 	 640.000000 	 1033.000000 	 1095.000000 	 1.000000 
4.000000 	 711.000000 	 1053.000000 	 1111.000000 	 1.000000 
4.000000 	 762.000000 	 1074.000000 	 1138.000000 	 1.000000 
