stroke_id	 x	 y	 time	 is_writing
1.000000 	 393.000000 	 987.000000 	 0.000000 	 1.000000 
1.000000 	 393.000000 	 987.000000 	 16.000000 	 1.000000 
1.000000 	 423.000000 	 910.000000 	 48.000000 	 1.000000 
1.000000 	 458.000000 	 827.000000 	 64.000000 	 1.000000 
1.000000 	 515.000000 	 739.000000 	 96.000000 	 1.000000 
1.000000 	 525.000000 	 733.000000 	 112.000000 	 1.000000 
1.000000 	 531.000000 	 748.000000 	 144.000000 	 1.000000 
1.000000 	 556.000000 	 795.000000 	 160.000000 	 1.000000 
1.000000 	 589.000000 	 853.000000 	 176.000000 	 1.000000 
1.000000 	 630.000000 	 903.000000 	 192.000000 	 1.000000 
1.000000 	 667.000000 	 949.000000 	 208.000000 	 1.000000 
1.000000 	 695.000000 	 986.000000 	 224.000000 	 1.000000 
1.000000 	 723.000000 	 1033.000000 	 240.000000 	 1.000000 
