stroke_id	 x	 y	 time	 is_writing
1.000000 	 607.000000 	 1363.000000 	 55.000000 	 1.000000 
1.000000 	 575.000000 	 1345.000000 	 72.000000 	 1.000000 
1.000000 	 518.000000 	 1283.000000 	 105.000000 	 1.000000 
1.000000 	 501.000000 	 1241.000000 	 122.000000 	 1.000000 
1.000000 	 498.000000 	 1202.000000 	 138.000000 	 1.000000 
1.000000 	 508.000000 	 1169.000000 	 155.000000 	 1.000000 
1.000000 	 553.000000 	 1128.000000 	 188.000000 	 1.000000 
1.000000 	 587.000000 	 1120.000000 	 205.000000 	 1.000000 
1.000000 	 620.000000 	 1124.000000 	 221.000000 	 1.000000 
1.000000 	 645.000000 	 1137.000000 	 238.000000 	 1.000000 
1.000000 	 661.000000 	 1150.000000 	 255.000000 	 1.000000 
1.000000 	 667.000000 	 1162.000000 	 271.000000 	 1.000000 
1.000000 	 668.000000 	 1175.000000 	 288.000000 	 1.000000 
1.000000 	 663.000000 	 1185.000000 	 304.000000 	 1.000000 
1.000000 	 611.000000 	 1179.000000 	 338.000000 	 1.000000 
1.000000 	 574.000000 	 1154.000000 	 354.000000 	 1.000000 
1.000000 	 516.000000 	 1064.000000 	 387.000000 	 1.000000 
1.000000 	 507.000000 	 1026.000000 	 404.000000 	 1.000000 
1.000000 	 509.000000 	 998.000000 	 421.000000 	 1.000000 
1.000000 	 517.000000 	 982.000000 	 437.000000 	 1.000000 
1.000000 	 537.000000 	 972.000000 	 454.000000 	 1.000000 
1.000000 	 568.000000 	 974.000000 	 470.000000 	 1.000000 
1.000000 	 600.000000 	 990.000000 	 487.000000 	 1.000000 
1.000000 	 623.000000 	 1011.000000 	 503.000000 	 1.000000 
1.000000 	 645.000000 	 1046.000000 	 537.000000 	 1.000000 
1.000000 	 644.000000 	 1054.000000 	 553.000000 	 1.000000 
1.000000 	 598.000000 	 1050.000000 	 586.000000 	 1.000000 
1.000000 	 554.000000 	 1025.000000 	 603.000000 	 1.000000 
1.000000 	 509.000000 	 986.000000 	 620.000000 	 1.000000 
1.000000 	 489.000000 	 965.000000 	 628.000000 	 1.000000 
1.000000 	 465.000000 	 924.000000 	 636.000000 	 1.000000 
1.000000 	 434.000000 	 851.000000 	 653.000000 	 1.000000 
1.000000 	 421.000000 	 785.000000 	 669.000000 	 1.000000 
1.000000 	 427.000000 	 728.000000 	 686.000000 	 1.000000 
1.000000 	 448.000000 	 692.000000 	 703.000000 	 1.000000 
1.000000 	 500.000000 	 667.000000 	 719.000000 	 1.000000 
1.000000 	 576.000000 	 667.000000 	 736.000000 	 1.000000 
1.000000 	 654.000000 	 695.000000 	 752.000000 	 1.000000 
1.000000 	 726.000000 	 741.000000 	 769.000000 	 1.000000 
1.000000 	 779.000000 	 782.000000 	 789.000000 	 1.000000 
