stroke_id	 x	 y	 time	 is_writing
1.000000 	 679.000000 	 1116.000000 	 94.000000 	 1.000000 
1.000000 	 665.000000 	 1140.000000 	 111.000000 	 1.000000 
1.000000 	 639.000000 	 1173.000000 	 128.000000 	 1.000000 
1.000000 	 605.000000 	 1197.000000 	 145.000000 	 1.000000 
1.000000 	 572.000000 	 1211.000000 	 162.000000 	 1.000000 
1.000000 	 520.000000 	 1220.000000 	 179.000000 	 1.000000 
1.000000 	 487.000000 	 1215.000000 	 195.000000 	 1.000000 
1.000000 	 449.000000 	 1188.000000 	 212.000000 	 1.000000 
1.000000 	 420.000000 	 1148.000000 	 229.000000 	 1.000000 
1.000000 	 402.000000 	 1094.000000 	 246.000000 	 1.000000 
1.000000 	 392.000000 	 1033.000000 	 263.000000 	 1.000000 
1.000000 	 397.000000 	 957.000000 	 280.000000 	 1.000000 
1.000000 	 406.000000 	 877.000000 	 297.000000 	 1.000000 
1.000000 	 428.000000 	 787.000000 	 313.000000 	 1.000000 
1.000000 	 465.000000 	 708.000000 	 330.000000 	 1.000000 
1.000000 	 493.000000 	 670.000000 	 347.000000 	 1.000000 
1.000000 	 547.000000 	 614.000000 	 364.000000 	 1.000000 
1.000000 	 584.000000 	 598.000000 	 381.000000 	 1.000000 
1.000000 	 624.000000 	 585.000000 	 398.000000 	 1.000000 
1.000000 	 667.000000 	 589.000000 	 415.000000 	 1.000000 
1.000000 	 701.000000 	 600.000000 	 431.000000 	 1.000000 
1.000000 	 734.000000 	 640.000000 	 448.000000 	 1.000000 
1.000000 	 762.000000 	 702.000000 	 465.000000 	 1.000000 
1.000000 	 773.000000 	 768.000000 	 482.000000 	 1.000000 
1.000000 	 774.000000 	 829.000000 	 499.000000 	 1.000000 
1.000000 	 763.000000 	 895.000000 	 516.000000 	 1.000000 
1.000000 	 737.000000 	 963.000000 	 533.000000 	 1.000000 
1.000000 	 724.000000 	 993.000000 	 550.000000 	 1.000000 
1.000000 	 706.000000 	 1029.000000 	 566.000000 	 1.000000 
1.000000 	 687.000000 	 1059.000000 	 583.000000 	 1.000000 
1.000000 	 671.000000 	 1080.000000 	 600.000000 	 1.000000 
1.000000 	 666.000000 	 1084.000000 	 615.000000 	 1.000000 
