stroke_id	 x	 y	 time	 is_writing
1.000000 	 197.000000 	 576.000000 	 44.000000 	 1.000000 
1.000000 	 201.000000 	 585.000000 	 60.000000 	 1.000000 
1.000000 	 212.000000 	 600.000000 	 77.000000 	 1.000000 
1.000000 	 225.000000 	 620.000000 	 93.000000 	 1.000000 
1.000000 	 236.000000 	 644.000000 	 110.000000 	 1.000000 
1.000000 	 249.000000 	 673.000000 	 126.000000 	 1.000000 
1.000000 	 264.000000 	 711.000000 	 143.000000 	 1.000000 
1.000000 	 297.000000 	 793.000000 	 176.000000 	 1.000000 
1.000000 	 310.000000 	 832.000000 	 192.000000 	 1.000000 
1.000000 	 331.000000 	 897.000000 	 225.000000 	 1.000000 
1.000000 	 337.000000 	 918.000000 	 242.000000 	 1.000000 
1.000000 	 339.000000 	 929.000000 	 258.000000 	 1.000000 
1.000000 	 340.000000 	 936.000000 	 291.000000 	 1.000000 
1.000000 	 340.000000 	 937.000000 	 303.000000 	 1.000000 
1.000000 	 340.000000 	 935.000000 	 325.000000 	 1.000000 
1.000000 	 336.000000 	 930.000000 	 341.000000 	 1.000000 
1.000000 	 333.000000 	 922.000000 	 358.000000 	 1.000000 
1.000000 	 328.000000 	 911.000000 	 374.000000 	 1.000000 
1.000000 	 322.000000 	 894.000000 	 391.000000 	 1.000000 
1.000000 	 316.000000 	 870.000000 	 407.000000 	 1.000000 
1.000000 	 311.000000 	 836.000000 	 424.000000 	 1.000000 
1.000000 	 305.000000 	 798.000000 	 440.000000 	 1.000000 
1.000000 	 299.000000 	 751.000000 	 457.000000 	 1.000000 
1.000000 	 292.000000 	 704.000000 	 473.000000 	 1.000000 
1.000000 	 286.000000 	 647.000000 	 490.000000 	 1.000000 
1.000000 	 277.000000 	 592.000000 	 506.000000 	 1.000000 
1.000000 	 274.000000 	 535.000000 	 523.000000 	 1.000000 
1.000000 	 273.000000 	 486.000000 	 539.000000 	 1.000000 
1.000000 	 273.000000 	 441.000000 	 556.000000 	 1.000000 
1.000000 	 272.000000 	 411.000000 	 572.000000 	 1.000000 
1.000000 	 270.000000 	 388.000000 	 589.000000 	 1.000000 
1.000000 	 268.000000 	 373.000000 	 605.000000 	 1.000000 
1.000000 	 266.000000 	 364.000000 	 622.000000 	 1.000000 
1.000000 	 265.000000 	 360.000000 	 638.000000 	 1.000000 
1.000000 	 263.000000 	 359.000000 	 655.000000 	 1.000000 
1.000000 	 262.000000 	 359.000000 	 684.000000 	 1.000000 
1.000000 	 264.000000 	 360.000000 	 710.000000 	 1.000000 
