stroke_id	 x	 y	 time	 is_writing
1.000000 	 424.000000 	 1121.000000 	 0.000000 	 1.000000 
1.000000 	 422.000000 	 1085.000000 	 44.000000 	 1.000000 
1.000000 	 421.000000 	 1067.000000 	 60.000000 	 1.000000 
1.000000 	 417.000000 	 1022.000000 	 80.000000 	 1.000000 
1.000000 	 413.000000 	 1004.000000 	 96.000000 	 1.000000 
1.000000 	 413.000000 	 987.000000 	 112.000000 	 1.000000 
1.000000 	 410.000000 	 961.000000 	 128.000000 	 1.000000 
1.000000 	 410.000000 	 957.000000 	 148.000000 	 1.000000 
1.000000 	 409.000000 	 948.000000 	 164.000000 	 1.000000 
1.000000 	 409.000000 	 942.000000 	 180.000000 	 1.000000 
1.000000 	 411.000000 	 935.000000 	 196.000000 	 1.000000 
1.000000 	 413.000000 	 931.000000 	 212.000000 	 1.000000 
1.000000 	 419.000000 	 930.000000 	 228.000000 	 1.000000 
1.000000 	 427.000000 	 935.000000 	 248.000000 	 1.000000 
1.000000 	 437.000000 	 945.000000 	 264.000000 	 1.000000 
1.000000 	 450.000000 	 965.000000 	 280.000000 	 1.000000 
1.000000 	 608.000000 	 1104.000000 	 468.000000 	 1.000000 
1.000000 	 617.000000 	 1104.000000 	 484.000000 	 1.000000 
1.000000 	 623.000000 	 1103.000000 	 500.000000 	 1.000000 
1.000000 	 627.000000 	 1097.000000 	 516.000000 	 1.000000 
2.000000 	 615.000000 	 943.000000 	 768.000000 	 1.000000 
2.000000 	 606.000000 	 940.000000 	 784.000000 	 1.000000 
2.000000 	 598.000000 	 940.000000 	 804.000000 	 1.000000 
2.000000 	 589.000000 	 942.000000 	 820.000000 	 1.000000 
3.000000 	 461.000000 	 1058.000000 	 1052.000000 	 1.000000 
3.000000 	 455.000000 	 1068.000000 	 1072.000000 	 1.000000 
3.000000 	 447.000000 	 1085.000000 	 1088.000000 	 1.000000 
3.000000 	 440.000000 	 1100.000000 	 1104.000000 	 1.000000 
3.000000 	 438.000000 	 1122.000000 	 1208.000000 	 1.000000 
