stroke_id	 x	 y	 time	 is_writing
1.000000 	 249.000000 	 1283.000000 	 0.000000 	 1.000000 
1.000000 	 281.000000 	 1246.000000 	 32.000000 	 1.000000 
1.000000 	 316.000000 	 1189.000000 	 64.000000 	 1.000000 
1.000000 	 354.000000 	 1118.000000 	 64.000000 	 1.000000 
1.000000 	 384.000000 	 1039.000000 	 96.000000 	 1.000000 
1.000000 	 416.000000 	 958.000000 	 96.000000 	 1.000000 
1.000000 	 440.000000 	 874.000000 	 128.000000 	 1.000000 
1.000000 	 461.000000 	 796.000000 	 160.000000 	 1.000000 
1.000000 	 480.000000 	 730.000000 	 160.000000 	 1.000000 
1.000000 	 496.000000 	 679.000000 	 192.000000 	 1.000000 
1.000000 	 505.000000 	 649.000000 	 192.000000 	 1.000000 
1.000000 	 509.000000 	 633.000000 	 224.000000 	 1.000000 
1.000000 	 512.000000 	 628.000000 	 224.000000 	 1.000000 
1.000000 	 512.000000 	 627.000000 	 224.000000 	 1.000000 
1.000000 	 518.000000 	 646.000000 	 256.000000 	 1.000000 
1.000000 	 532.000000 	 708.000000 	 288.000000 	 1.000000 
1.000000 	 552.000000 	 798.000000 	 288.000000 	 1.000000 
1.000000 	 574.000000 	 896.000000 	 320.000000 	 1.000000 
1.000000 	 597.000000 	 993.000000 	 320.000000 	 1.000000 
1.000000 	 625.000000 	 1082.000000 	 352.000000 	 1.000000 
1.000000 	 650.000000 	 1153.000000 	 352.000000 	 1.000000 
1.000000 	 677.000000 	 1210.000000 	 384.000000 	 1.000000 
1.000000 	 700.000000 	 1253.000000 	 384.000000 	 1.000000 
1.000000 	 719.000000 	 1288.000000 	 416.000000 	 1.000000 
1.000000 	 736.000000 	 1316.000000 	 416.000000 	 1.000000 
1.000000 	 749.000000 	 1335.000000 	 448.000000 	 1.000000 
1.000000 	 758.000000 	 1349.000000 	 448.000000 	 1.000000 
1.000000 	 764.000000 	 1357.000000 	 480.000000 	 1.000000 
1.000000 	 769.000000 	 1364.000000 	 512.000000 	 1.000000 
