stroke_id	 x	 y	 time	 is_writing
1.000000 	 406.000000 	 1053.000000 	 0.000000 	 1.000000 
1.000000 	 418.000000 	 1057.000000 	 64.000000 	 1.000000 
1.000000 	 437.000000 	 1059.000000 	 76.000000 	 1.000000 
1.000000 	 471.000000 	 1059.000000 	 92.000000 	 1.000000 
1.000000 	 511.000000 	 1059.000000 	 108.000000 	 1.000000 
1.000000 	 551.000000 	 1055.000000 	 124.000000 	 1.000000 
1.000000 	 587.000000 	 1051.000000 	 144.000000 	 1.000000 
1.000000 	 616.000000 	 1049.000000 	 160.000000 	 1.000000 
1.000000 	 638.000000 	 1045.000000 	 176.000000 	 1.000000 
1.000000 	 654.000000 	 1043.000000 	 192.000000 	 1.000000 
1.000000 	 665.000000 	 1039.000000 	 224.000000 	 1.000000 
2.000000 	 416.000000 	 900.000000 	 384.000000 	 1.000000 
2.000000 	 431.000000 	 900.000000 	 460.000000 	 1.000000 
2.000000 	 456.000000 	 900.000000 	 476.000000 	 1.000000 
2.000000 	 502.000000 	 899.000000 	 492.000000 	 1.000000 
2.000000 	 568.000000 	 897.000000 	 512.000000 	 1.000000 
2.000000 	 641.000000 	 899.000000 	 528.000000 	 1.000000 
2.000000 	 658.000000 	 900.000000 	 544.000000 	 1.000000 
2.000000 	 665.000000 	 901.000000 	 568.000000 	 1.000000 
