stroke_id	 x	 y	 time	 is_writing
1.000000 	 503.000000 	 1293.000000 	 0.000000 	 1.000000 
1.000000 	 503.000000 	 1293.000000 	 32.000000 	 1.000000 
1.000000 	 503.000000 	 1293.000000 	 64.000000 	 1.000000 
1.000000 	 503.000000 	 1293.000000 	 64.000000 	 1.000000 
1.000000 	 521.000000 	 1295.000000 	 96.000000 	 1.000000 
1.000000 	 543.000000 	 1297.000000 	 128.000000 	 1.000000 
1.000000 	 584.000000 	 1297.000000 	 160.000000 	 1.000000 
1.000000 	 600.000000 	 1295.000000 	 192.000000 	 1.000000 
2.000000 	 503.000000 	 1223.000000 	 576.000000 	 1.000000 
2.000000 	 503.000000 	 1223.000000 	 576.000000 	 1.000000 
2.000000 	 503.000000 	 1223.000000 	 608.000000 	 1.000000 
2.000000 	 503.000000 	 1223.000000 	 608.000000 	 1.000000 
2.000000 	 504.000000 	 1223.000000 	 640.000000 	 1.000000 
2.000000 	 516.000000 	 1221.000000 	 672.000000 	 1.000000 
2.000000 	 561.000000 	 1220.000000 	 704.000000 	 1.000000 
2.000000 	 582.000000 	 1221.000000 	 704.000000 	 1.000000 
2.000000 	 604.000000 	 1223.000000 	 736.000000 	 1.000000 
