stroke_id	 x	 y	 time	 is_writing
1.000000 	 262.000000 	 623.000000 	 0.000000 	 1.000000 
1.000000 	 262.000000 	 623.000000 	 32.000000 	 1.000000 
1.000000 	 262.000000 	 623.000000 	 48.000000 	 1.000000 
1.000000 	 262.000000 	 623.000000 	 64.000000 	 1.000000 
1.000000 	 266.000000 	 625.000000 	 80.000000 	 1.000000 
1.000000 	 281.000000 	 628.000000 	 96.000000 	 1.000000 
1.000000 	 300.000000 	 629.000000 	 112.000000 	 1.000000 
1.000000 	 325.000000 	 631.000000 	 128.000000 	 1.000000 
1.000000 	 348.000000 	 630.000000 	 144.000000 	 1.000000 
1.000000 	 369.000000 	 631.000000 	 160.000000 	 1.000000 
1.000000 	 385.000000 	 634.000000 	 176.000000 	 1.000000 
1.000000 	 396.000000 	 638.000000 	 208.000000 	 1.000000 
2.000000 	 268.000000 	 563.000000 	 400.000000 	 1.000000 
2.000000 	 268.000000 	 563.000000 	 416.000000 	 1.000000 
2.000000 	 268.000000 	 563.000000 	 432.000000 	 1.000000 
2.000000 	 268.000000 	 563.000000 	 448.000000 	 1.000000 
2.000000 	 272.000000 	 563.000000 	 464.000000 	 1.000000 
2.000000 	 294.000000 	 568.000000 	 480.000000 	 1.000000 
2.000000 	 327.000000 	 571.000000 	 496.000000 	 1.000000 
2.000000 	 352.000000 	 572.000000 	 512.000000 	 1.000000 
2.000000 	 399.000000 	 582.000000 	 544.000000 	 1.000000 
