stroke_id	 x	 y	 time	 is_writing
1.000000 	 435.000000 	 987.000000 	 0.000000 	 1.000000 
1.000000 	 435.000000 	 987.000000 	 0.000000 	 1.000000 
1.000000 	 435.000000 	 987.000000 	 32.000000 	 1.000000 
1.000000 	 435.000000 	 987.000000 	 32.000000 	 1.000000 
1.000000 	 483.000000 	 987.000000 	 64.000000 	 1.000000 
1.000000 	 572.000000 	 999.000000 	 96.000000 	 1.000000 
1.000000 	 597.000000 	 1003.000000 	 96.000000 	 1.000000 
1.000000 	 616.000000 	 1008.000000 	 128.000000 	 1.000000 
1.000000 	 632.000000 	 1012.000000 	 128.000000 	 1.000000 
1.000000 	 639.000000 	 1014.000000 	 160.000000 	 1.000000 
2.000000 	 463.000000 	 883.000000 	 288.000000 	 1.000000 
2.000000 	 463.000000 	 883.000000 	 320.000000 	 1.000000 
2.000000 	 463.000000 	 883.000000 	 352.000000 	 1.000000 
2.000000 	 474.000000 	 883.000000 	 352.000000 	 1.000000 
2.000000 	 542.000000 	 888.000000 	 384.000000 	 1.000000 
2.000000 	 610.000000 	 897.000000 	 384.000000 	 1.000000 
2.000000 	 623.000000 	 899.000000 	 416.000000 	 1.000000 
