stroke_id	 x	 y	 time	 is_writing
1.000000 	 593.000000 	 896.000000 	 0.000000 	 1.000000 
1.000000 	 592.000000 	 896.000000 	 48.000000 	 1.000000 
1.000000 	 582.000000 	 895.000000 	 64.000000 	 1.000000 
1.000000 	 469.000000 	 817.000000 	 528.000000 	 1.000000 
