stroke_id	 x	 y	 time	 is_writing
1.000000 	 350.000000 	 1269.000000 	 0.000000 	 1.000000 
1.000000 	 350.000000 	 1269.000000 	 12.000000 	 1.000000 
1.000000 	 352.000000 	 1271.000000 	 29.000000 	 1.000000 
1.000000 	 375.000000 	 1281.000000 	 45.000000 	 1.000000 
1.000000 	 431.000000 	 1300.000000 	 62.000000 	 1.000000 
1.000000 	 493.000000 	 1316.000000 	 78.000000 	 1.000000 
1.000000 	 541.000000 	 1324.000000 	 95.000000 	 1.000000 
1.000000 	 573.000000 	 1326.000000 	 112.000000 	 1.000000 
1.000000 	 592.000000 	 1324.000000 	 129.000000 	 1.000000 
1.000000 	 598.000000 	 1321.000000 	 145.000000 	 1.000000 
1.000000 	 578.000000 	 1279.000000 	 162.000000 	 1.000000 
1.000000 	 513.000000 	 1188.000000 	 178.000000 	 1.000000 
1.000000 	 441.000000 	 1098.000000 	 195.000000 	 1.000000 
1.000000 	 384.000000 	 1021.000000 	 212.000000 	 1.000000 
1.000000 	 352.000000 	 969.000000 	 228.000000 	 1.000000 
1.000000 	 337.000000 	 932.000000 	 245.000000 	 1.000000 
1.000000 	 334.000000 	 904.000000 	 261.000000 	 1.000000 
1.000000 	 338.000000 	 887.000000 	 278.000000 	 1.000000 
1.000000 	 349.000000 	 875.000000 	 295.000000 	 1.000000 
1.000000 	 371.000000 	 868.000000 	 311.000000 	 1.000000 
1.000000 	 399.000000 	 874.000000 	 328.000000 	 1.000000 
1.000000 	 423.000000 	 893.000000 	 344.000000 	 1.000000 
1.000000 	 444.000000 	 928.000000 	 361.000000 	 1.000000 
1.000000 	 449.000000 	 967.000000 	 378.000000 	 1.000000 
1.000000 	 441.000000 	 1000.000000 	 394.000000 	 1.000000 
1.000000 	 426.000000 	 1030.000000 	 411.000000 	 1.000000 
1.000000 	 412.000000 	 1057.000000 	 427.000000 	 1.000000 
1.000000 	 400.000000 	 1106.000000 	 444.000000 	 1.000000 
1.000000 	 404.000000 	 1191.000000 	 460.000000 	 1.000000 
1.000000 	 432.000000 	 1274.000000 	 477.000000 	 1.000000 
