stroke_id	 x	 y	 time	 is_writing
1.000000 	 642.000000 	 1175.000000 	 0.000000 	 1.000000 
1.000000 	 642.000000 	 1175.000000 	 0.000000 	 1.000000 
1.000000 	 583.000000 	 1176.000000 	 48.000000 	 1.000000 
1.000000 	 545.000000 	 1164.000000 	 64.000000 	 1.000000 
1.000000 	 461.000000 	 1093.000000 	 112.000000 	 1.000000 
1.000000 	 426.000000 	 1038.000000 	 128.000000 	 1.000000 
1.000000 	 385.000000 	 905.000000 	 160.000000 	 1.000000 
1.000000 	 378.000000 	 839.000000 	 176.000000 	 1.000000 
1.000000 	 390.000000 	 724.000000 	 208.000000 	 1.000000 
1.000000 	 407.000000 	 680.000000 	 224.000000 	 1.000000 
1.000000 	 456.000000 	 627.000000 	 256.000000 	 1.000000 
1.000000 	 501.000000 	 616.000000 	 272.000000 	 1.000000 
1.000000 	 597.000000 	 664.000000 	 304.000000 	 1.000000 
1.000000 	 636.000000 	 729.000000 	 320.000000 	 1.000000 
1.000000 	 670.000000 	 942.000000 	 368.000000 	 1.000000 
1.000000 	 656.000000 	 1003.000000 	 384.000000 	 1.000000 
1.000000 	 617.000000 	 1090.000000 	 416.000000 	 1.000000 
1.000000 	 602.000000 	 1118.000000 	 432.000000 	 1.000000 
1.000000 	 586.000000 	 1147.000000 	 480.000000 	 1.000000 
1.000000 	 587.000000 	 1149.000000 	 512.000000 	 1.000000 
