stroke_id	 x	 y	 time	 is_writing
1.000000 	 445.000000 	 813.000000 	 0.000000 	 1.000000 
1.000000 	 427.000000 	 788.000000 	 0.000000 	 1.000000 
1.000000 	 396.000000 	 720.000000 	 64.000000 	 1.000000 
1.000000 	 374.000000 	 655.000000 	 64.000000 	 1.000000 
1.000000 	 362.000000 	 604.000000 	 64.000000 	 1.000000 
1.000000 	 358.000000 	 583.000000 	 64.000000 	 1.000000 
1.000000 	 356.000000 	 574.000000 	 128.000000 	 1.000000 
1.000000 	 356.000000 	 574.000000 	 128.000000 	 1.000000 
1.000000 	 265.000000 	 712.000000 	 256.000000 	 1.000000 
1.000000 	 284.000000 	 706.000000 	 256.000000 	 1.000000 
1.000000 	 354.000000 	 688.000000 	 320.000000 	 1.000000 
1.000000 	 392.000000 	 682.000000 	 320.000000 	 1.000000 
1.000000 	 417.000000 	 678.000000 	 384.000000 	 1.000000 
2.000000 	 384.000000 	 801.000000 	 576.000000 	 1.000000 
2.000000 	 381.000000 	 789.000000 	 576.000000 	 1.000000 
2.000000 	 379.000000 	 756.000000 	 576.000000 	 1.000000 
2.000000 	 376.000000 	 702.000000 	 640.000000 	 1.000000 
2.000000 	 375.000000 	 655.000000 	 640.000000 	 1.000000 
2.000000 	 376.000000 	 622.000000 	 640.000000 	 1.000000 
2.000000 	 378.000000 	 606.000000 	 640.000000 	 1.000000 
2.000000 	 379.000000 	 599.000000 	 704.000000 	 1.000000 
2.000000 	 380.000000 	 598.000000 	 704.000000 	 1.000000 
2.000000 	 311.000000 	 645.000000 	 832.000000 	 1.000000 
2.000000 	 335.000000 	 659.000000 	 896.000000 	 1.000000 
2.000000 	 376.000000 	 670.000000 	 896.000000 	 1.000000 
2.000000 	 416.000000 	 681.000000 	 896.000000 	 1.000000 
2.000000 	 447.000000 	 690.000000 	 896.000000 	 1.000000 
2.000000 	 469.000000 	 697.000000 	 960.000000 	 1.000000 
