stroke_id	 x	 y	 time	 is_writing
1.000000 	 294.000000 	 920.000000 	 0.000000 	 1.000000 
1.000000 	 294.000000 	 916.000000 	 60.000000 	 1.000000 
1.000000 	 293.000000 	 905.000000 	 76.000000 	 1.000000 
1.000000 	 291.000000 	 848.000000 	 110.000000 	 1.000000 
1.000000 	 288.000000 	 821.000000 	 124.000000 	 1.000000 
1.000000 	 284.000000 	 781.000000 	 143.000000 	 1.000000 
1.000000 	 283.000000 	 750.000000 	 160.000000 	 1.000000 
1.000000 	 283.000000 	 721.000000 	 177.000000 	 1.000000 
1.000000 	 284.000000 	 695.000000 	 193.000000 	 1.000000 
1.000000 	 288.000000 	 676.000000 	 210.000000 	 1.000000 
1.000000 	 297.000000 	 661.000000 	 227.000000 	 1.000000 
1.000000 	 308.000000 	 652.000000 	 243.000000 	 1.000000 
1.000000 	 329.000000 	 647.000000 	 260.000000 	 1.000000 
1.000000 	 354.000000 	 645.000000 	 277.000000 	 1.000000 
1.000000 	 382.000000 	 643.000000 	 294.000000 	 1.000000 
1.000000 	 405.000000 	 643.000000 	 310.000000 	 1.000000 
1.000000 	 426.000000 	 644.000000 	 327.000000 	 1.000000 
1.000000 	 444.000000 	 647.000000 	 344.000000 	 1.000000 
1.000000 	 458.000000 	 653.000000 	 360.000000 	 1.000000 
1.000000 	 467.000000 	 657.000000 	 377.000000 	 1.000000 
1.000000 	 473.000000 	 662.000000 	 394.000000 	 1.000000 
1.000000 	 473.000000 	 663.000000 	 411.000000 	 1.000000 
1.000000 	 474.000000 	 664.000000 	 416.000000 	 1.000000 
1.000000 	 475.000000 	 664.000000 	 444.000000 	 1.000000 
1.000000 	 475.000000 	 664.000000 	 453.000000 	 1.000000 
2.000000 	 457.000000 	 822.000000 	 659.000000 	 1.000000 
2.000000 	 457.000000 	 821.000000 	 711.000000 	 1.000000 
2.000000 	 457.000000 	 815.000000 	 728.000000 	 1.000000 
2.000000 	 456.000000 	 796.000000 	 745.000000 	 1.000000 
2.000000 	 456.000000 	 767.000000 	 761.000000 	 1.000000 
2.000000 	 453.000000 	 730.000000 	 778.000000 	 1.000000 
2.000000 	 453.000000 	 693.000000 	 795.000000 	 1.000000 
2.000000 	 452.000000 	 650.000000 	 811.000000 	 1.000000 
2.000000 	 449.000000 	 614.000000 	 828.000000 	 1.000000 
2.000000 	 446.000000 	 572.000000 	 845.000000 	 1.000000 
2.000000 	 447.000000 	 527.000000 	 862.000000 	 1.000000 
2.000000 	 450.000000 	 480.000000 	 878.000000 	 1.000000 
2.000000 	 454.000000 	 437.000000 	 895.000000 	 1.000000 
2.000000 	 457.000000 	 400.000000 	 912.000000 	 1.000000 
2.000000 	 460.000000 	 368.000000 	 928.000000 	 1.000000 
2.000000 	 460.000000 	 366.000000 	 940.000000 	 1.000000 
