stroke_id	 x	 y	 time	 is_writing
1.000000 	 347.000000 	 884.000000 	 0.000000 	 1.000000 
1.000000 	 344.000000 	 881.000000 	 0.000000 	 1.000000 
1.000000 	 340.000000 	 868.000000 	 0.000000 	 1.000000 
1.000000 	 333.000000 	 839.000000 	 0.000000 	 1.000000 
1.000000 	 322.000000 	 784.000000 	 0.000000 	 1.000000 
1.000000 	 310.000000 	 717.000000 	 0.000000 	 1.000000 
1.000000 	 296.000000 	 655.000000 	 128.000000 	 1.000000 
2.000000 	 478.000000 	 862.000000 	 384.000000 	 1.000000 
2.000000 	 477.000000 	 862.000000 	 384.000000 	 1.000000 
2.000000 	 473.000000 	 846.000000 	 384.000000 	 1.000000 
2.000000 	 464.000000 	 812.000000 	 384.000000 	 1.000000 
2.000000 	 455.000000 	 774.000000 	 384.000000 	 1.000000 
2.000000 	 448.000000 	 732.000000 	 512.000000 	 1.000000 
3.000000 	 235.000000 	 684.000000 	 768.000000 	 1.000000 
3.000000 	 235.000000 	 686.000000 	 768.000000 	 1.000000 
3.000000 	 250.000000 	 691.000000 	 768.000000 	 1.000000 
3.000000 	 286.000000 	 701.000000 	 768.000000 	 1.000000 
3.000000 	 346.000000 	 713.000000 	 768.000000 	 1.000000 
3.000000 	 402.000000 	 723.000000 	 768.000000 	 1.000000 
3.000000 	 458.000000 	 732.000000 	 896.000000 	 1.000000 
3.000000 	 502.000000 	 738.000000 	 896.000000 	 1.000000 
3.000000 	 538.000000 	 745.000000 	 896.000000 	 1.000000 
3.000000 	 554.000000 	 748.000000 	 896.000000 	 1.000000 
3.000000 	 216.000000 	 593.000000 	 1024.000000 	 1.000000 
3.000000 	 216.000000 	 594.000000 	 1024.000000 	 1.000000 
3.000000 	 244.000000 	 606.000000 	 1024.000000 	 1.000000 
3.000000 	 283.000000 	 619.000000 	 1152.000000 	 1.000000 
