stroke_id	 x	 y	 time	 is_writing
1.000000 	 491.000000 	 1131.000000 	 0.000000 	 1.000000 
1.000000 	 428.000000 	 1062.000000 	 68.000000 	 1.000000 
1.000000 	 418.000000 	 818.000000 	 148.000000 	 1.000000 
1.000000 	 574.000000 	 762.000000 	 232.000000 	 1.000000 
1.000000 	 728.000000 	 893.000000 	 312.000000 	 1.000000 
1.000000 	 704.000000 	 1069.000000 	 396.000000 	 1.000000 
1.000000 	 583.000000 	 1144.000000 	 476.000000 	 1.000000 
1.000000 	 465.000000 	 1114.000000 	 556.000000 	 1.000000 
