stroke_id	 x	 y	 time	 is_writing
1.000000 	 332.000000 	 588.000000 	 0.000000 	 1.000000 
1.000000 	 321.000000 	 590.000000 	 32.000000 	 1.000000 
1.000000 	 303.000000 	 590.000000 	 32.000000 	 1.000000 
1.000000 	 279.000000 	 582.000000 	 64.000000 	 1.000000 
1.000000 	 252.000000 	 569.000000 	 64.000000 	 1.000000 
1.000000 	 207.000000 	 534.000000 	 96.000000 	 1.000000 
1.000000 	 172.000000 	 497.000000 	 96.000000 	 1.000000 
1.000000 	 145.000000 	 450.000000 	 128.000000 	 1.000000 
1.000000 	 126.000000 	 401.000000 	 128.000000 	 1.000000 
1.000000 	 119.000000 	 351.000000 	 160.000000 	 1.000000 
1.000000 	 122.000000 	 304.000000 	 160.000000 	 1.000000 
1.000000 	 138.000000 	 267.000000 	 192.000000 	 1.000000 
1.000000 	 161.000000 	 238.000000 	 192.000000 	 1.000000 
1.000000 	 191.000000 	 221.000000 	 224.000000 	 1.000000 
1.000000 	 227.000000 	 214.000000 	 224.000000 	 1.000000 
1.000000 	 264.000000 	 222.000000 	 256.000000 	 1.000000 
1.000000 	 303.000000 	 240.000000 	 256.000000 	 1.000000 
1.000000 	 338.000000 	 267.000000 	 288.000000 	 1.000000 
1.000000 	 368.000000 	 305.000000 	 288.000000 	 1.000000 
1.000000 	 393.000000 	 348.000000 	 320.000000 	 1.000000 
1.000000 	 412.000000 	 391.000000 	 320.000000 	 1.000000 
1.000000 	 424.000000 	 432.000000 	 352.000000 	 1.000000 
1.000000 	 429.000000 	 472.000000 	 352.000000 	 1.000000 
1.000000 	 427.000000 	 508.000000 	 384.000000 	 1.000000 
1.000000 	 413.000000 	 537.000000 	 416.000000 	 1.000000 
1.000000 	 394.000000 	 561.000000 	 416.000000 	 1.000000 
1.000000 	 368.000000 	 578.000000 	 448.000000 	 1.000000 
1.000000 	 339.000000 	 591.000000 	 448.000000 	 1.000000 
1.000000 	 304.000000 	 600.000000 	 480.000000 	 1.000000 
