stroke_id	 x	 y	 time	 is_writing
1.000000 	 663.000000 	 1145.000000 	 64.000000 	 1.000000 
1.000000 	 599.000000 	 1147.000000 	 80.000000 	 1.000000 
1.000000 	 541.000000 	 1155.000000 	 96.000000 	 1.000000 
1.000000 	 491.000000 	 1170.000000 	 112.000000 	 1.000000 
1.000000 	 458.000000 	 1186.000000 	 128.000000 	 1.000000 
1.000000 	 444.000000 	 1193.000000 	 144.000000 	 1.000000 
1.000000 	 442.000000 	 1186.000000 	 160.000000 	 1.000000 
1.000000 	 448.000000 	 1154.000000 	 176.000000 	 1.000000 
1.000000 	 456.000000 	 1099.000000 	 192.000000 	 1.000000 
1.000000 	 458.000000 	 1033.000000 	 208.000000 	 1.000000 
1.000000 	 455.000000 	 969.000000 	 224.000000 	 1.000000 
1.000000 	 447.000000 	 909.000000 	 240.000000 	 1.000000 
1.000000 	 437.000000 	 862.000000 	 256.000000 	 1.000000 
1.000000 	 428.000000 	 834.000000 	 272.000000 	 1.000000 
1.000000 	 422.000000 	 820.000000 	 288.000000 	 1.000000 
1.000000 	 418.000000 	 817.000000 	 304.000000 	 1.000000 
1.000000 	 417.000000 	 818.000000 	 320.000000 	 1.000000 
1.000000 	 422.000000 	 824.000000 	 336.000000 	 1.000000 
1.000000 	 448.000000 	 845.000000 	 352.000000 	 1.000000 
1.000000 	 492.000000 	 872.000000 	 368.000000 	 1.000000 
1.000000 	 540.000000 	 889.000000 	 384.000000 	 1.000000 
1.000000 	 585.000000 	 892.000000 	 400.000000 	 1.000000 
2.000000 	 632.000000 	 886.000000 	 432.000000 	 1.000000 
2.000000 	 679.000000 	 871.000000 	 448.000000 	 1.000000 
2.000000 	 720.000000 	 846.000000 	 464.000000 	 1.000000 
2.000000 	 745.000000 	 815.000000 	 480.000000 	 1.000000 
2.000000 	 758.000000 	 775.000000 	 496.000000 	 1.000000 
2.000000 	 758.000000 	 723.000000 	 512.000000 	 1.000000 
2.000000 	 748.000000 	 681.000000 	 528.000000 	 1.000000 
2.000000 	 724.000000 	 642.000000 	 544.000000 	 1.000000 
2.000000 	 684.000000 	 611.000000 	 560.000000 	 1.000000 
2.000000 	 631.000000 	 585.000000 	 576.000000 	 1.000000 
2.000000 	 579.000000 	 571.000000 	 592.000000 	 1.000000 
2.000000 	 522.000000 	 564.000000 	 608.000000 	 1.000000 
2.000000 	 466.000000 	 566.000000 	 624.000000 	 1.000000 
2.000000 	 421.000000 	 570.000000 	 640.000000 	 1.000000 
2.000000 	 416.000000 	 570.000000 	 656.000000 	 1.000000 
