stroke_id	 x	 y	 time	 is_writing
1.000000 	 269.000000 	 637.000000 	 64.000000 	 1.000000 
1.000000 	 281.000000 	 643.000000 	 80.000000 	 1.000000 
1.000000 	 321.000000 	 672.000000 	 96.000000 	 1.000000 
1.000000 	 378.000000 	 720.000000 	 112.000000 	 1.000000 
1.000000 	 404.000000 	 746.000000 	 128.000000 	 1.000000 
1.000000 	 415.000000 	 759.000000 	 144.000000 	 1.000000 
1.000000 	 416.000000 	 765.000000 	 160.000000 	 1.000000 
1.000000 	 420.000000 	 773.000000 	 176.000000 	 1.000000 
1.000000 	 422.000000 	 777.000000 	 192.000000 	 1.000000 
1.000000 	 423.000000 	 780.000000 	 208.000000 	 1.000000 
1.000000 	 423.000000 	 780.000000 	 240.000000 	 1.000000 
1.000000 	 418.000000 	 752.000000 	 256.000000 	 1.000000 
1.000000 	 404.000000 	 684.000000 	 272.000000 	 1.000000 
1.000000 	 377.000000 	 600.000000 	 304.000000 	 1.000000 
1.000000 	 359.000000 	 541.000000 	 320.000000 	 1.000000 
1.000000 	 354.000000 	 510.000000 	 336.000000 	 1.000000 
1.000000 	 351.000000 	 485.000000 	 352.000000 	 1.000000 
1.000000 	 351.000000 	 461.000000 	 368.000000 	 1.000000 
1.000000 	 351.000000 	 444.000000 	 384.000000 	 1.000000 
1.000000 	 351.000000 	 431.000000 	 400.000000 	 1.000000 
1.000000 	 351.000000 	 420.000000 	 416.000000 	 1.000000 
1.000000 	 351.000000 	 410.000000 	 432.000000 	 1.000000 
1.000000 	 351.000000 	 400.000000 	 448.000000 	 1.000000 
1.000000 	 353.000000 	 393.000000 	 464.000000 	 1.000000 
1.000000 	 353.000000 	 393.000000 	 480.000000 	 1.000000 
