stroke_id	 x	 y	 time	 is_writing
1.000000 	 382.000000 	 748.000000 	 0.000000 	 1.000000 
1.000000 	 387.000000 	 808.000000 	 16.000000 	 1.000000 
1.000000 	 386.000000 	 792.000000 	 16.000000 	 1.000000 
1.000000 	 407.000000 	 832.000000 	 32.000000 	 1.000000 
1.000000 	 459.000000 	 915.000000 	 48.000000 	 1.000000 
1.000000 	 505.000000 	 991.000000 	 64.000000 	 1.000000 
1.000000 	 540.000000 	 1039.000000 	 80.000000 	 1.000000 
1.000000 	 559.000000 	 1058.000000 	 96.000000 	 1.000000 
1.000000 	 570.000000 	 1059.000000 	 112.000000 	 1.000000 
1.000000 	 582.000000 	 1013.000000 	 128.000000 	 1.000000 
1.000000 	 584.000000 	 896.000000 	 144.000000 	 1.000000 
1.000000 	 570.000000 	 764.000000 	 176.000000 	 1.000000 
1.000000 	 556.000000 	 650.000000 	 176.000000 	 1.000000 
1.000000 	 546.000000 	 552.000000 	 208.000000 	 1.000000 
1.000000 	 541.000000 	 471.000000 	 224.000000 	 1.000000 
1.000000 	 541.000000 	 417.000000 	 240.000000 	 1.000000 
1.000000 	 544.000000 	 402.000000 	 256.000000 	 1.000000 
1.000000 	 545.000000 	 400.000000 	 272.000000 	 1.000000 
