stroke_id	 x	 y	 time	 is_writing
1.000000 	 225.000000 	 603.000000 	 0.000000 	 1.000000 
1.000000 	 224.000000 	 603.000000 	 22.000000 	 1.000000 
1.000000 	 223.000000 	 606.000000 	 39.000000 	 1.000000 
1.000000 	 222.000000 	 609.000000 	 56.000000 	 1.000000 
1.000000 	 222.000000 	 617.000000 	 72.000000 	 1.000000 
1.000000 	 223.000000 	 626.000000 	 89.000000 	 1.000000 
1.000000 	 228.000000 	 641.000000 	 105.000000 	 1.000000 
1.000000 	 233.000000 	 657.000000 	 122.000000 	 1.000000 
1.000000 	 253.000000 	 693.000000 	 139.000000 	 1.000000 
1.000000 	 264.000000 	 710.000000 	 155.000000 	 1.000000 
1.000000 	 276.000000 	 720.000000 	 172.000000 	 1.000000 
1.000000 	 291.000000 	 725.000000 	 188.000000 	 1.000000 
1.000000 	 306.000000 	 725.000000 	 203.000000 	 1.000000 
1.000000 	 321.000000 	 720.000000 	 221.000000 	 1.000000 
1.000000 	 334.000000 	 711.000000 	 238.000000 	 1.000000 
1.000000 	 346.000000 	 699.000000 	 255.000000 	 1.000000 
1.000000 	 353.000000 	 686.000000 	 271.000000 	 1.000000 
1.000000 	 357.000000 	 656.000000 	 288.000000 	 1.000000 
1.000000 	 348.000000 	 619.000000 	 304.000000 	 1.000000 
1.000000 	 333.000000 	 577.000000 	 321.000000 	 1.000000 
1.000000 	 321.000000 	 550.000000 	 337.000000 	 1.000000 
1.000000 	 302.000000 	 508.000000 	 354.000000 	 1.000000 
1.000000 	 297.000000 	 490.000000 	 371.000000 	 1.000000 
1.000000 	 292.000000 	 478.000000 	 387.000000 	 1.000000 
1.000000 	 289.000000 	 465.000000 	 404.000000 	 1.000000 
1.000000 	 290.000000 	 456.000000 	 420.000000 	 1.000000 
1.000000 	 293.000000 	 447.000000 	 437.000000 	 1.000000 
1.000000 	 298.000000 	 442.000000 	 453.000000 	 1.000000 
1.000000 	 312.000000 	 433.000000 	 475.000000 	 1.000000 
