stroke_id	 x	 y	 time	 is_writing
1.000000 	 522.000000 	 1319.000000 	 0.000000 	 1.000000 
1.000000 	 504.000000 	 1309.000000 	 20.000000 	 1.000000 
1.000000 	 495.000000 	 1297.000000 	 40.000000 	 1.000000 
1.000000 	 460.000000 	 1239.000000 	 56.000000 	 1.000000 
1.000000 	 433.000000 	 1173.000000 	 72.000000 	 1.000000 
1.000000 	 415.000000 	 1098.000000 	 88.000000 	 1.000000 
1.000000 	 411.000000 	 1032.000000 	 108.000000 	 1.000000 
1.000000 	 412.000000 	 957.000000 	 124.000000 	 1.000000 
1.000000 	 421.000000 	 900.000000 	 140.000000 	 1.000000 
1.000000 	 435.000000 	 840.000000 	 156.000000 	 1.000000 
1.000000 	 451.000000 	 797.000000 	 172.000000 	 1.000000 
1.000000 	 466.000000 	 770.000000 	 192.000000 	 1.000000 
1.000000 	 484.000000 	 747.000000 	 208.000000 	 1.000000 
1.000000 	 499.000000 	 735.000000 	 224.000000 	 1.000000 
1.000000 	 513.000000 	 730.000000 	 244.000000 	 1.000000 
1.000000 	 540.000000 	 735.000000 	 260.000000 	 1.000000 
1.000000 	 584.000000 	 764.000000 	 276.000000 	 1.000000 
1.000000 	 618.000000 	 797.000000 	 292.000000 	 1.000000 
1.000000 	 654.000000 	 855.000000 	 308.000000 	 1.000000 
1.000000 	 675.000000 	 905.000000 	 328.000000 	 1.000000 
1.000000 	 687.000000 	 948.000000 	 344.000000 	 1.000000 
1.000000 	 697.000000 	 1009.000000 	 360.000000 	 1.000000 
1.000000 	 697.000000 	 1064.000000 	 376.000000 	 1.000000 
1.000000 	 690.000000 	 1109.000000 	 396.000000 	 1.000000 
1.000000 	 682.000000 	 1144.000000 	 412.000000 	 1.000000 
1.000000 	 668.000000 	 1180.000000 	 428.000000 	 1.000000 
1.000000 	 656.000000 	 1209.000000 	 444.000000 	 1.000000 
1.000000 	 645.000000 	 1231.000000 	 460.000000 	 1.000000 
1.000000 	 628.000000 	 1252.000000 	 480.000000 	 1.000000 
1.000000 	 618.000000 	 1263.000000 	 496.000000 	 1.000000 
1.000000 	 608.000000 	 1273.000000 	 512.000000 	 1.000000 
1.000000 	 598.000000 	 1280.000000 	 532.000000 	 1.000000 
1.000000 	 588.000000 	 1287.000000 	 548.000000 	 1.000000 
1.000000 	 577.000000 	 1291.000000 	 564.000000 	 1.000000 
