stroke_id	 x	 y	 time	 is_writing
1.000000 	 442.000000 	 693.000000 	 0.000000 	 1.000000 
1.000000 	 443.000000 	 694.000000 	 16.000000 	 1.000000 
1.000000 	 450.000000 	 697.000000 	 32.000000 	 1.000000 
1.000000 	 464.000000 	 700.000000 	 48.000000 	 1.000000 
1.000000 	 545.000000 	 716.000000 	 64.000000 	 1.000000 
1.000000 	 603.000000 	 718.000000 	 84.000000 	 1.000000 
1.000000 	 643.000000 	 714.000000 	 100.000000 	 1.000000 
1.000000 	 665.000000 	 705.000000 	 116.000000 	 1.000000 
1.000000 	 666.000000 	 705.000000 	 128.000000 	 1.000000 
2.000000 	 394.000000 	 562.000000 	 240.000000 	 1.000000 
2.000000 	 397.000000 	 562.000000 	 268.000000 	 1.000000 
2.000000 	 405.000000 	 562.000000 	 284.000000 	 1.000000 
2.000000 	 465.000000 	 568.000000 	 300.000000 	 1.000000 
2.000000 	 533.000000 	 577.000000 	 316.000000 	 1.000000 
2.000000 	 608.000000 	 586.000000 	 336.000000 	 1.000000 
2.000000 	 682.000000 	 597.000000 	 352.000000 	 1.000000 
2.000000 	 739.000000 	 607.000000 	 368.000000 	 1.000000 
