stroke_id	 x	 y	 time	 is_writing
1.000000 	 432.000000 	 1213.000000 	 0.000000 	 1.000000 
1.000000 	 432.000000 	 1213.000000 	 8.000000 	 1.000000 
1.000000 	 473.000000 	 1261.000000 	 42.000000 	 1.000000 
1.000000 	 558.000000 	 1297.000000 	 76.000000 	 1.000000 
1.000000 	 600.000000 	 1297.000000 	 92.000000 	 1.000000 
1.000000 	 662.000000 	 1264.000000 	 124.000000 	 1.000000 
1.000000 	 676.000000 	 1231.000000 	 142.000000 	 1.000000 
1.000000 	 676.000000 	 1201.000000 	 160.000000 	 1.000000 
1.000000 	 653.000000 	 1143.000000 	 176.000000 	 1.000000 
1.000000 	 611.000000 	 1074.000000 	 192.000000 	 1.000000 
1.000000 	 552.000000 	 999.000000 	 208.000000 	 1.000000 
1.000000 	 432.000000 	 860.000000 	 242.000000 	 1.000000 
1.000000 	 384.000000 	 808.000000 	 260.000000 	 1.000000 
1.000000 	 348.000000 	 765.000000 	 276.000000 	 1.000000 
1.000000 	 327.000000 	 728.000000 	 292.000000 	 1.000000 
1.000000 	 320.000000 	 702.000000 	 308.000000 	 1.000000 
1.000000 	 321.000000 	 695.000000 	 324.000000 	 1.000000 
1.000000 	 339.000000 	 687.000000 	 342.000000 	 1.000000 
1.000000 	 376.000000 	 681.000000 	 358.000000 	 1.000000 
1.000000 	 428.000000 	 681.000000 	 376.000000 	 1.000000 
1.000000 	 493.000000 	 686.000000 	 392.000000 	 1.000000 
1.000000 	 561.000000 	 691.000000 	 408.000000 	 1.000000 
1.000000 	 621.000000 	 699.000000 	 424.000000 	 1.000000 
1.000000 	 674.000000 	 707.000000 	 442.000000 	 1.000000 
1.000000 	 717.000000 	 714.000000 	 458.000000 	 1.000000 
1.000000 	 748.000000 	 721.000000 	 476.000000 	 1.000000 
1.000000 	 767.000000 	 726.000000 	 492.000000 	 1.000000 
1.000000 	 778.000000 	 728.000000 	 514.000000 	 1.000000 
