stroke_id	 x	 y	 time	 is_writing
1.000000 	 403.000000 	 1142.000000 	 0.000000 	 1.000000 
1.000000 	 391.000000 	 1105.000000 	 40.000000 	 1.000000 
1.000000 	 378.000000 	 1071.000000 	 56.000000 	 1.000000 
1.000000 	 364.000000 	 1034.000000 	 72.000000 	 1.000000 
1.000000 	 352.000000 	 1000.000000 	 96.000000 	 1.000000 
1.000000 	 343.000000 	 972.000000 	 112.000000 	 1.000000 
1.000000 	 338.000000 	 952.000000 	 128.000000 	 1.000000 
1.000000 	 335.000000 	 941.000000 	 144.000000 	 1.000000 
1.000000 	 337.000000 	 936.000000 	 160.000000 	 1.000000 
1.000000 	 347.000000 	 936.000000 	 176.000000 	 1.000000 
1.000000 	 387.000000 	 943.000000 	 192.000000 	 1.000000 
1.000000 	 424.000000 	 949.000000 	 208.000000 	 1.000000 
1.000000 	 462.000000 	 954.000000 	 224.000000 	 1.000000 
1.000000 	 496.000000 	 954.000000 	 240.000000 	 1.000000 
1.000000 	 526.000000 	 951.000000 	 264.000000 	 1.000000 
1.000000 	 550.000000 	 940.000000 	 280.000000 	 1.000000 
1.000000 	 567.000000 	 924.000000 	 296.000000 	 1.000000 
1.000000 	 576.000000 	 890.000000 	 312.000000 	 1.000000 
1.000000 	 579.000000 	 844.000000 	 328.000000 	 1.000000 
1.000000 	 576.000000 	 788.000000 	 344.000000 	 1.000000 
1.000000 	 573.000000 	 735.000000 	 360.000000 	 1.000000 
1.000000 	 568.000000 	 681.000000 	 376.000000 	 1.000000 
1.000000 	 563.000000 	 633.000000 	 392.000000 	 1.000000 
1.000000 	 556.000000 	 602.000000 	 408.000000 	 1.000000 
1.000000 	 543.000000 	 568.000000 	 424.000000 	 1.000000 
1.000000 	 522.000000 	 547.000000 	 440.000000 	 1.000000 
1.000000 	 498.000000 	 537.000000 	 456.000000 	 1.000000 
1.000000 	 459.000000 	 540.000000 	 472.000000 	 1.000000 
1.000000 	 434.000000 	 551.000000 	 496.000000 	 1.000000 
2.000000 	 415.000000 	 1129.000000 	 856.000000 	 1.000000 
2.000000 	 442.000000 	 1128.000000 	 880.000000 	 1.000000 
2.000000 	 470.000000 	 1129.000000 	 896.000000 	 1.000000 
2.000000 	 533.000000 	 1135.000000 	 912.000000 	 1.000000 
2.000000 	 623.000000 	 1151.000000 	 936.000000 	 1.000000 
