stroke_id	 x	 y	 time	 is_writing
1.000000 	 478.000000 	 1792.000000 	 0.000000 	 1.000000 
1.000000 	 476.000000 	 1790.000000 	 26.000000 	 1.000000 
1.000000 	 473.000000 	 1788.000000 	 43.000000 	 1.000000 
1.000000 	 540.000000 	 1742.000000 	 94.000000 	 1.000000 
1.000000 	 614.000000 	 1724.000000 	 111.000000 	 1.000000 
1.000000 	 875.000000 	 1773.000000 	 161.000000 	 1.000000 
1.000000 	 938.000000 	 1800.000000 	 178.000000 	 1.000000 
1.000000 	 1018.000000 	 1826.000000 	 228.000000 	 1.000000 
1.000000 	 1015.000000 	 1817.000000 	 245.000000 	 1.000000 
1.000000 	 946.000000 	 1677.000000 	 296.000000 	 1.000000 
1.000000 	 921.000000 	 1605.000000 	 313.000000 	 1.000000 
1.000000 	 873.000000 	 1350.000000 	 363.000000 	 1.000000 
1.000000 	 857.000000 	 1266.000000 	 380.000000 	 1.000000 
1.000000 	 817.000000 	 1043.000000 	 431.000000 	 1.000000 
1.000000 	 795.000000 	 977.000000 	 447.000000 	 1.000000 
1.000000 	 758.000000 	 849.000000 	 498.000000 	 1.000000 
1.000000 	 762.000000 	 836.000000 	 515.000000 	 1.000000 
1.000000 	 762.000000 	 836.000000 	 546.000000 	 1.000000 
1.000000 	 763.000000 	 836.000000 	 580.000000 	 1.000000 
1.000000 	 767.000000 	 829.000000 	 633.000000 	 1.000000 
1.000000 	 768.000000 	 827.000000 	 649.000000 	 1.000000 
1.000000 	 770.000000 	 824.000000 	 696.000000 	 1.000000 
2.000000 	 730.000000 	 1328.000000 	 967.000000 	 1.000000 
2.000000 	 730.000000 	 1326.000000 	 986.000000 	 1.000000 
2.000000 	 742.000000 	 1324.000000 	 1019.000000 	 1.000000 
2.000000 	 795.000000 	 1321.000000 	 1037.000000 	 1.000000 
2.000000 	 958.000000 	 1315.000000 	 1071.000000 	 1.000000 
2.000000 	 1048.000000 	 1312.000000 	 1087.000000 	 1.000000 
2.000000 	 1201.000000 	 1345.000000 	 1121.000000 	 1.000000 
2.000000 	 1244.000000 	 1362.000000 	 1153.000000 	 1.000000 
