stroke_id	 x	 y	 time	 is_writing
1.000000 	 345.000000 	 672.000000 	 0.000000 	 1.000000 
1.000000 	 343.000000 	 674.000000 	 64.000000 	 1.000000 
1.000000 	 343.000000 	 675.000000 	 80.000000 	 1.000000 
1.000000 	 333.000000 	 680.000000 	 144.000000 	 1.000000 
1.000000 	 330.000000 	 679.000000 	 160.000000 	 1.000000 
1.000000 	 319.000000 	 676.000000 	 192.000000 	 1.000000 
1.000000 	 308.000000 	 670.000000 	 208.000000 	 1.000000 
1.000000 	 298.000000 	 664.000000 	 224.000000 	 1.000000 
1.000000 	 289.000000 	 658.000000 	 240.000000 	 1.000000 
1.000000 	 284.000000 	 652.000000 	 256.000000 	 1.000000 
1.000000 	 272.000000 	 616.000000 	 320.000000 	 1.000000 
1.000000 	 272.000000 	 611.000000 	 336.000000 	 1.000000 
1.000000 	 272.000000 	 604.000000 	 352.000000 	 1.000000 
1.000000 	 274.000000 	 597.000000 	 368.000000 	 1.000000 
1.000000 	 278.000000 	 592.000000 	 384.000000 	 1.000000 
1.000000 	 284.000000 	 582.000000 	 400.000000 	 1.000000 
1.000000 	 290.000000 	 578.000000 	 416.000000 	 1.000000 
1.000000 	 319.000000 	 569.000000 	 496.000000 	 1.000000 
1.000000 	 327.000000 	 573.000000 	 512.000000 	 1.000000 
2.000000 	 264.000000 	 513.000000 	 1728.000000 	 1.000000 
2.000000 	 335.000000 	 494.000000 	 1824.000000 	 1.000000 
2.000000 	 346.000000 	 494.000000 	 1840.000000 	 1.000000 
2.000000 	 355.000000 	 492.000000 	 1856.000000 	 1.000000 
2.000000 	 365.000000 	 492.000000 	 1872.000000 	 1.000000 
2.000000 	 370.000000 	 492.000000 	 1888.000000 	 1.000000 
2.000000 	 377.000000 	 493.000000 	 1904.000000 	 1.000000 
2.000000 	 385.000000 	 496.000000 	 1936.000000 	 1.000000 
