stroke_id	 x	 y	 time	 is_writing
1.000000 	 260.000000 	 846.000000 	 0.000000 	 1.000000 
1.000000 	 282.000000 	 842.000000 	 60.000000 	 1.000000 
1.000000 	 321.000000 	 849.000000 	 80.000000 	 1.000000 
1.000000 	 369.000000 	 861.000000 	 96.000000 	 1.000000 
1.000000 	 454.000000 	 897.000000 	 128.000000 	 1.000000 
1.000000 	 488.000000 	 912.000000 	 144.000000 	 1.000000 
1.000000 	 511.000000 	 923.000000 	 160.000000 	 1.000000 
1.000000 	 526.000000 	 929.000000 	 176.000000 	 1.000000 
1.000000 	 533.000000 	 933.000000 	 192.000000 	 1.000000 
1.000000 	 537.000000 	 935.000000 	 212.000000 	 1.000000 
1.000000 	 541.000000 	 935.000000 	 228.000000 	 1.000000 
1.000000 	 542.000000 	 931.000000 	 244.000000 	 1.000000 
1.000000 	 536.000000 	 904.000000 	 260.000000 	 1.000000 
1.000000 	 512.000000 	 846.000000 	 276.000000 	 1.000000 
1.000000 	 478.000000 	 776.000000 	 296.000000 	 1.000000 
1.000000 	 434.000000 	 684.000000 	 312.000000 	 1.000000 
1.000000 	 391.000000 	 599.000000 	 328.000000 	 1.000000 
1.000000 	 363.000000 	 547.000000 	 344.000000 	 1.000000 
1.000000 	 331.000000 	 495.000000 	 360.000000 	 1.000000 
1.000000 	 308.000000 	 458.000000 	 376.000000 	 1.000000 
1.000000 	 293.000000 	 435.000000 	 392.000000 	 1.000000 
1.000000 	 285.000000 	 420.000000 	 408.000000 	 1.000000 
1.000000 	 281.000000 	 414.000000 	 424.000000 	 1.000000 
1.000000 	 278.000000 	 410.000000 	 444.000000 	 1.000000 
1.000000 	 277.000000 	 406.000000 	 460.000000 	 1.000000 
1.000000 	 276.000000 	 403.000000 	 476.000000 	 1.000000 
1.000000 	 276.000000 	 400.000000 	 492.000000 	 1.000000 
1.000000 	 276.000000 	 400.000000 	 504.000000 	 1.000000 
2.000000 	 270.000000 	 567.000000 	 620.000000 	 1.000000 
2.000000 	 284.000000 	 576.000000 	 660.000000 	 1.000000 
2.000000 	 333.000000 	 598.000000 	 676.000000 	 1.000000 
2.000000 	 381.000000 	 620.000000 	 692.000000 	 1.000000 
2.000000 	 429.000000 	 640.000000 	 708.000000 	 1.000000 
2.000000 	 480.000000 	 660.000000 	 724.000000 	 1.000000 
2.000000 	 528.000000 	 678.000000 	 744.000000 	 1.000000 
2.000000 	 563.000000 	 694.000000 	 764.000000 	 1.000000 
