stroke_id	 x	 y	 time	 is_writing
1.000000 	 305.000000 	 686.000000 	 53.000000 	 1.000000 
1.000000 	 305.000000 	 682.000000 	 69.000000 	 1.000000 
1.000000 	 305.000000 	 672.000000 	 86.000000 	 1.000000 
1.000000 	 308.000000 	 658.000000 	 103.000000 	 1.000000 
1.000000 	 309.000000 	 640.000000 	 118.000000 	 1.000000 
1.000000 	 315.000000 	 581.000000 	 136.000000 	 1.000000 
1.000000 	 320.000000 	 520.000000 	 152.000000 	 1.000000 
1.000000 	 322.000000 	 469.000000 	 169.000000 	 1.000000 
1.000000 	 322.000000 	 444.000000 	 185.000000 	 1.000000 
1.000000 	 318.000000 	 394.000000 	 202.000000 	 1.000000 
1.000000 	 316.000000 	 376.000000 	 218.000000 	 1.000000 
1.000000 	 309.000000 	 353.000000 	 235.000000 	 1.000000 
1.000000 	 302.000000 	 338.000000 	 252.000000 	 1.000000 
1.000000 	 293.000000 	 324.000000 	 268.000000 	 1.000000 
1.000000 	 281.000000 	 314.000000 	 285.000000 	 1.000000 
1.000000 	 265.000000 	 308.000000 	 301.000000 	 1.000000 
1.000000 	 249.000000 	 308.000000 	 318.000000 	 1.000000 
1.000000 	 232.000000 	 311.000000 	 334.000000 	 1.000000 
1.000000 	 218.000000 	 320.000000 	 351.000000 	 1.000000 
1.000000 	 198.000000 	 337.000000 	 367.000000 	 1.000000 
1.000000 	 179.000000 	 361.000000 	 384.000000 	 1.000000 
1.000000 	 172.000000 	 387.000000 	 401.000000 	 1.000000 
1.000000 	 169.000000 	 425.000000 	 417.000000 	 1.000000 
1.000000 	 172.000000 	 452.000000 	 434.000000 	 1.000000 
1.000000 	 180.000000 	 475.000000 	 450.000000 	 1.000000 
1.000000 	 187.000000 	 488.000000 	 467.000000 	 1.000000 
1.000000 	 196.000000 	 501.000000 	 483.000000 	 1.000000 
1.000000 	 206.000000 	 504.000000 	 500.000000 	 1.000000 
1.000000 	 211.000000 	 505.000000 	 531.000000 	 1.000000 
