stroke_id	 x	 y	 time	 is_writing
1.000000 	 461.000000 	 628.000000 	 32.000000 	 1.000000 
1.000000 	 462.000000 	 630.000000 	 48.000000 	 1.000000 
1.000000 	 472.000000 	 638.000000 	 64.000000 	 1.000000 
1.000000 	 494.000000 	 652.000000 	 80.000000 	 1.000000 
1.000000 	 523.000000 	 672.000000 	 96.000000 	 1.000000 
1.000000 	 555.000000 	 702.000000 	 112.000000 	 1.000000 
1.000000 	 587.000000 	 740.000000 	 128.000000 	 1.000000 
1.000000 	 614.000000 	 787.000000 	 152.000000 	 1.000000 
1.000000 	 634.000000 	 840.000000 	 168.000000 	 1.000000 
1.000000 	 645.000000 	 895.000000 	 184.000000 	 1.000000 
1.000000 	 646.000000 	 944.000000 	 200.000000 	 1.000000 
1.000000 	 642.000000 	 978.000000 	 216.000000 	 1.000000 
1.000000 	 634.000000 	 996.000000 	 232.000000 	 1.000000 
1.000000 	 626.000000 	 1002.000000 	 248.000000 	 1.000000 
1.000000 	 607.000000 	 994.000000 	 264.000000 	 1.000000 
1.000000 	 579.000000 	 962.000000 	 280.000000 	 1.000000 
1.000000 	 549.000000 	 901.000000 	 304.000000 	 1.000000 
1.000000 	 527.000000 	 831.000000 	 320.000000 	 1.000000 
1.000000 	 515.000000 	 737.000000 	 336.000000 	 1.000000 
1.000000 	 513.000000 	 651.000000 	 352.000000 	 1.000000 
1.000000 	 517.000000 	 588.000000 	 368.000000 	 1.000000 
1.000000 	 520.000000 	 553.000000 	 384.000000 	 1.000000 
1.000000 	 525.000000 	 534.000000 	 400.000000 	 1.000000 
1.000000 	 529.000000 	 523.000000 	 416.000000 	 1.000000 
1.000000 	 533.000000 	 519.000000 	 432.000000 	 1.000000 
1.000000 	 542.000000 	 515.000000 	 448.000000 	 1.000000 
1.000000 	 556.000000 	 511.000000 	 464.000000 	 1.000000 
1.000000 	 577.000000 	 509.000000 	 488.000000 	 1.000000 
1.000000 	 601.000000 	 512.000000 	 512.000000 	 1.000000 
