stroke_id	 x	 y	 time	 is_writing
1.000000 	 344.000000 	 795.000000 	 51.000000 	 1.000000 
1.000000 	 369.000000 	 869.000000 	 68.000000 	 1.000000 
1.000000 	 413.000000 	 961.000000 	 85.000000 	 1.000000 
1.000000 	 461.000000 	 1035.000000 	 101.000000 	 1.000000 
1.000000 	 512.000000 	 1114.000000 	 118.000000 	 1.000000 
1.000000 	 558.000000 	 1191.000000 	 135.000000 	 1.000000 
1.000000 	 597.000000 	 1271.000000 	 152.000000 	 1.000000 
1.000000 	 637.000000 	 1347.000000 	 168.000000 	 1.000000 
1.000000 	 662.000000 	 1400.000000 	 185.000000 	 1.000000 
1.000000 	 679.000000 	 1429.000000 	 201.000000 	 1.000000 
1.000000 	 684.000000 	 1427.000000 	 218.000000 	 1.000000 
1.000000 	 686.000000 	 1421.000000 	 235.000000 	 1.000000 
1.000000 	 688.000000 	 1404.000000 	 252.000000 	 1.000000 
1.000000 	 687.000000 	 1342.000000 	 268.000000 	 1.000000 
1.000000 	 682.000000 	 1240.000000 	 285.000000 	 1.000000 
1.000000 	 673.000000 	 1127.000000 	 302.000000 	 1.000000 
1.000000 	 668.000000 	 1014.000000 	 318.000000 	 1.000000 
1.000000 	 663.000000 	 891.000000 	 335.000000 	 1.000000 
1.000000 	 659.000000 	 781.000000 	 352.000000 	 1.000000 
1.000000 	 656.000000 	 678.000000 	 368.000000 	 1.000000 
1.000000 	 654.000000 	 591.000000 	 385.000000 	 1.000000 
1.000000 	 653.000000 	 504.000000 	 402.000000 	 1.000000 
1.000000 	 652.000000 	 428.000000 	 418.000000 	 1.000000 
1.000000 	 652.000000 	 379.000000 	 435.000000 	 1.000000 
1.000000 	 654.000000 	 339.000000 	 452.000000 	 1.000000 
1.000000 	 670.000000 	 299.000000 	 478.000000 	 1.000000 
