stroke_id	 x	 y	 time	 is_writing
1.000000 	 605.000000 	 966.000000 	 48.000000 	 1.000000 
1.000000 	 485.000000 	 925.000000 	 80.000000 	 1.000000 
1.000000 	 406.000000 	 878.000000 	 96.000000 	 1.000000 
1.000000 	 354.000000 	 844.000000 	 116.000000 	 1.000000 
1.000000 	 335.000000 	 826.000000 	 132.000000 	 1.000000 
1.000000 	 337.000000 	 814.000000 	 148.000000 	 1.000000 
1.000000 	 360.000000 	 801.000000 	 164.000000 	 1.000000 
1.000000 	 429.000000 	 783.000000 	 180.000000 	 1.000000 
1.000000 	 505.000000 	 758.000000 	 200.000000 	 1.000000 
1.000000 	 577.000000 	 709.000000 	 216.000000 	 1.000000 
1.000000 	 630.000000 	 641.000000 	 232.000000 	 1.000000 
1.000000 	 653.000000 	 567.000000 	 248.000000 	 1.000000 
1.000000 	 656.000000 	 503.000000 	 264.000000 	 1.000000 
1.000000 	 639.000000 	 459.000000 	 280.000000 	 1.000000 
1.000000 	 561.000000 	 414.000000 	 316.000000 	 1.000000 
1.000000 	 529.000000 	 416.000000 	 332.000000 	 1.000000 
1.000000 	 508.000000 	 429.000000 	 348.000000 	 1.000000 
1.000000 	 495.000000 	 451.000000 	 364.000000 	 1.000000 
1.000000 	 519.000000 	 579.000000 	 400.000000 	 1.000000 
1.000000 	 567.000000 	 693.000000 	 416.000000 	 1.000000 
1.000000 	 612.000000 	 795.000000 	 432.000000 	 1.000000 
1.000000 	 648.000000 	 862.000000 	 448.000000 	 1.000000 
1.000000 	 693.000000 	 919.000000 	 480.000000 	 1.000000 
1.000000 	 702.000000 	 931.000000 	 496.000000 	 1.000000 
1.000000 	 705.000000 	 942.000000 	 532.000000 	 1.000000 
1.000000 	 704.000000 	 943.000000 	 568.000000 	 1.000000 
