stroke_id	 x	 y	 time	 is_writing
1.000000 	 452.000000 	 1464.000000 	 0.000000 	 1.000000 
1.000000 	 452.000000 	 1464.000000 	 14.000000 	 1.000000 
1.000000 	 484.000000 	 1469.000000 	 64.000000 	 1.000000 
1.000000 	 535.000000 	 1473.000000 	 81.000000 	 1.000000 
1.000000 	 707.000000 	 1476.000000 	 115.000000 	 1.000000 
1.000000 	 809.000000 	 1480.000000 	 132.000000 	 1.000000 
1.000000 	 1046.000000 	 1489.000000 	 182.000000 	 1.000000 
1.000000 	 1103.000000 	 1492.000000 	 198.000000 	 1.000000 
1.000000 	 1130.000000 	 1501.000000 	 250.000000 	 1.000000 
1.000000 	 1125.000000 	 1504.000000 	 266.000000 	 1.000000 
1.000000 	 1106.000000 	 1503.000000 	 306.000000 	 1.000000 
2.000000 	 431.000000 	 1159.000000 	 489.000000 	 1.000000 
2.000000 	 432.000000 	 1161.000000 	 502.000000 	 1.000000 
2.000000 	 449.000000 	 1163.000000 	 536.000000 	 1.000000 
2.000000 	 494.000000 	 1165.000000 	 553.000000 	 1.000000 
2.000000 	 651.000000 	 1162.000000 	 587.000000 	 1.000000 
2.000000 	 737.000000 	 1164.000000 	 603.000000 	 1.000000 
2.000000 	 898.000000 	 1183.000000 	 637.000000 	 1.000000 
2.000000 	 972.000000 	 1195.000000 	 654.000000 	 1.000000 
2.000000 	 1083.000000 	 1216.000000 	 688.000000 	 1.000000 
2.000000 	 1116.000000 	 1221.000000 	 704.000000 	 1.000000 
2.000000 	 1166.000000 	 1226.000000 	 755.000000 	 1.000000 
2.000000 	 1163.000000 	 1227.000000 	 772.000000 	 1.000000 
2.000000 	 1155.000000 	 1236.000000 	 806.000000 	 1.000000 
2.000000 	 1149.000000 	 1242.000000 	 823.000000 	 1.000000 
2.000000 	 1146.000000 	 1245.000000 	 841.000000 	 1.000000 
