stroke_id	 x	 y	 time	 is_writing
1.000000 	 546.000000 	 1170.000000 	 0.000000 	 1.000000 
1.000000 	 539.000000 	 1146.000000 	 48.000000 	 1.000000 
1.000000 	 536.000000 	 1124.000000 	 64.000000 	 1.000000 
1.000000 	 533.000000 	 1101.000000 	 80.000000 	 1.000000 
1.000000 	 533.000000 	 1080.000000 	 96.000000 	 1.000000 
1.000000 	 533.000000 	 1061.000000 	 116.000000 	 1.000000 
1.000000 	 533.000000 	 1042.000000 	 132.000000 	 1.000000 
1.000000 	 533.000000 	 1028.000000 	 148.000000 	 1.000000 
1.000000 	 532.000000 	 1012.000000 	 164.000000 	 1.000000 
1.000000 	 532.000000 	 1000.000000 	 184.000000 	 1.000000 
1.000000 	 532.000000 	 986.000000 	 200.000000 	 1.000000 
1.000000 	 532.000000 	 967.000000 	 216.000000 	 1.000000 
1.000000 	 534.000000 	 953.000000 	 244.000000 	 1.000000 
2.000000 	 473.000000 	 1185.000000 	 540.000000 	 1.000000 
2.000000 	 493.000000 	 1186.000000 	 700.000000 	 1.000000 
2.000000 	 512.000000 	 1184.000000 	 716.000000 	 1.000000 
2.000000 	 532.000000 	 1180.000000 	 732.000000 	 1.000000 
2.000000 	 552.000000 	 1172.000000 	 748.000000 	 1.000000 
2.000000 	 572.000000 	 1165.000000 	 764.000000 	 1.000000 
2.000000 	 590.000000 	 1161.000000 	 780.000000 	 1.000000 
2.000000 	 607.000000 	 1156.000000 	 800.000000 	 1.000000 
2.000000 	 626.000000 	 1155.000000 	 816.000000 	 1.000000 
2.000000 	 642.000000 	 1153.000000 	 832.000000 	 1.000000 
2.000000 	 649.000000 	 1151.000000 	 856.000000 	 1.000000 
