stroke_id	 x	 y	 time	 is_writing
1.000000 	 425.000000 	 1001.000000 	 0.000000 	 1.000000 
1.000000 	 427.000000 	 1001.000000 	 0.000000 	 1.000000 
1.000000 	 434.000000 	 1000.000000 	 64.000000 	 1.000000 
1.000000 	 471.000000 	 1002.000000 	 64.000000 	 1.000000 
1.000000 	 521.000000 	 1007.000000 	 64.000000 	 1.000000 
1.000000 	 570.000000 	 1018.000000 	 64.000000 	 1.000000 
1.000000 	 612.000000 	 1030.000000 	 128.000000 	 1.000000 
1.000000 	 644.000000 	 1036.000000 	 128.000000 	 1.000000 
1.000000 	 662.000000 	 1039.000000 	 128.000000 	 1.000000 
1.000000 	 668.000000 	 1039.000000 	 128.000000 	 1.000000 
1.000000 	 670.000000 	 1037.000000 	 192.000000 	 1.000000 
1.000000 	 670.000000 	 1035.000000 	 192.000000 	 1.000000 
1.000000 	 665.000000 	 1024.000000 	 192.000000 	 1.000000 
1.000000 	 660.000000 	 1011.000000 	 192.000000 	 1.000000 
1.000000 	 653.000000 	 997.000000 	 256.000000 	 1.000000 
1.000000 	 647.000000 	 984.000000 	 256.000000 	 1.000000 
1.000000 	 646.000000 	 966.000000 	 256.000000 	 1.000000 
1.000000 	 649.000000 	 942.000000 	 320.000000 	 1.000000 
1.000000 	 658.000000 	 912.000000 	 320.000000 	 1.000000 
1.000000 	 670.000000 	 879.000000 	 320.000000 	 1.000000 
1.000000 	 682.000000 	 845.000000 	 320.000000 	 1.000000 
1.000000 	 693.000000 	 811.000000 	 384.000000 	 1.000000 
1.000000 	 704.000000 	 782.000000 	 384.000000 	 1.000000 
1.000000 	 715.000000 	 752.000000 	 384.000000 	 1.000000 
1.000000 	 723.000000 	 726.000000 	 384.000000 	 1.000000 
1.000000 	 729.000000 	 708.000000 	 448.000000 	 1.000000 
1.000000 	 732.000000 	 696.000000 	 448.000000 	 1.000000 
1.000000 	 733.000000 	 691.000000 	 448.000000 	 1.000000 
1.000000 	 733.000000 	 688.000000 	 448.000000 	 1.000000 
1.000000 	 730.000000 	 686.000000 	 512.000000 	 1.000000 
1.000000 	 706.000000 	 675.000000 	 512.000000 	 1.000000 
1.000000 	 670.000000 	 663.000000 	 512.000000 	 1.000000 
1.000000 	 626.000000 	 653.000000 	 512.000000 	 1.000000 
1.000000 	 579.000000 	 645.000000 	 576.000000 	 1.000000 
1.000000 	 522.000000 	 639.000000 	 576.000000 	 1.000000 
1.000000 	 478.000000 	 635.000000 	 576.000000 	 1.000000 
1.000000 	 442.000000 	 631.000000 	 576.000000 	 1.000000 
1.000000 	 442.000000 	 631.000000 	 640.000000 	 1.000000 
