stroke_id	 x	 y	 time	 is_writing
1.000000 	 380.000000 	 957.000000 	 48.000000 	 1.000000 
1.000000 	 393.000000 	 933.000000 	 64.000000 	 1.000000 
1.000000 	 409.000000 	 897.000000 	 80.000000 	 1.000000 
1.000000 	 427.000000 	 852.000000 	 112.000000 	 1.000000 
1.000000 	 434.000000 	 836.000000 	 128.000000 	 1.000000 
1.000000 	 458.000000 	 783.000000 	 144.000000 	 1.000000 
1.000000 	 472.000000 	 755.000000 	 160.000000 	 1.000000 
1.000000 	 490.000000 	 721.000000 	 176.000000 	 1.000000 
1.000000 	 503.000000 	 697.000000 	 192.000000 	 1.000000 
1.000000 	 512.000000 	 682.000000 	 208.000000 	 1.000000 
1.000000 	 520.000000 	 669.000000 	 224.000000 	 1.000000 
1.000000 	 526.000000 	 659.000000 	 240.000000 	 1.000000 
1.000000 	 530.000000 	 653.000000 	 256.000000 	 1.000000 
1.000000 	 535.000000 	 648.000000 	 272.000000 	 1.000000 
1.000000 	 542.000000 	 650.000000 	 288.000000 	 1.000000 
1.000000 	 551.000000 	 659.000000 	 304.000000 	 1.000000 
1.000000 	 563.000000 	 678.000000 	 320.000000 	 1.000000 
1.000000 	 584.000000 	 723.000000 	 336.000000 	 1.000000 
1.000000 	 593.000000 	 747.000000 	 352.000000 	 1.000000 
1.000000 	 622.000000 	 814.000000 	 368.000000 	 1.000000 
1.000000 	 639.000000 	 851.000000 	 384.000000 	 1.000000 
1.000000 	 661.000000 	 898.000000 	 400.000000 	 1.000000 
1.000000 	 669.000000 	 914.000000 	 416.000000 	 1.000000 
1.000000 	 676.000000 	 931.000000 	 432.000000 	 1.000000 
1.000000 	 688.000000 	 951.000000 	 448.000000 	 1.000000 
1.000000 	 701.000000 	 973.000000 	 464.000000 	 1.000000 
1.000000 	 712.000000 	 984.000000 	 496.000000 	 1.000000 
1.000000 	 714.000000 	 985.000000 	 512.000000 	 1.000000 
1.000000 	 716.000000 	 985.000000 	 528.000000 	 1.000000 
