stroke_id	 x	 y	 time	 is_writing
1.000000 	 353.000000 	 1371.000000 	 0.000000 	 1.000000 
1.000000 	 355.000000 	 1371.000000 	 0.000000 	 1.000000 
1.000000 	 396.000000 	 1389.000000 	 256.000000 	 1.000000 
1.000000 	 395.000000 	 1373.000000 	 384.000000 	 1.000000 
1.000000 	 402.000000 	 1181.000000 	 384.000000 	 1.000000 
1.000000 	 405.000000 	 1044.000000 	 384.000000 	 1.000000 
1.000000 	 405.000000 	 964.000000 	 512.000000 	 1.000000 
1.000000 	 405.000000 	 938.000000 	 512.000000 	 1.000000 
1.000000 	 408.000000 	 1092.000000 	 768.000000 	 1.000000 
1.000000 	 408.000000 	 1094.000000 	 768.000000 	 1.000000 
1.000000 	 444.000000 	 1161.000000 	 768.000000 	 1.000000 
1.000000 	 515.000000 	 1297.000000 	 896.000000 	 1.000000 
1.000000 	 544.000000 	 1351.000000 	 896.000000 	 1.000000 
1.000000 	 553.000000 	 1367.000000 	 896.000000 	 1.000000 
1.000000 	 552.000000 	 1365.000000 	 1024.000000 	 1.000000 
1.000000 	 415.000000 	 1103.000000 	 1280.000000 	 1.000000 
1.000000 	 419.000000 	 1101.000000 	 1280.000000 	 1.000000 
1.000000 	 444.000000 	 1075.000000 	 1408.000000 	 1.000000 
