stroke_id	 x	 y	 time	 is_writing
1.000000 	 191.000000 	 734.000000 	 0.000000 	 1.000000 
1.000000 	 203.000000 	 727.000000 	 56.000000 	 1.000000 
1.000000 	 245.000000 	 718.000000 	 88.000000 	 1.000000 
1.000000 	 299.000000 	 714.000000 	 120.000000 	 1.000000 
1.000000 	 342.000000 	 714.000000 	 152.000000 	 1.000000 
1.000000 	 356.000000 	 714.000000 	 164.000000 	 1.000000 
1.000000 	 372.000000 	 713.000000 	 196.000000 	 1.000000 
1.000000 	 375.000000 	 710.000000 	 212.000000 	 1.000000 
1.000000 	 376.000000 	 701.000000 	 228.000000 	 1.000000 
1.000000 	 371.000000 	 678.000000 	 244.000000 	 1.000000 
1.000000 	 358.000000 	 640.000000 	 260.000000 	 1.000000 
1.000000 	 341.000000 	 589.000000 	 272.000000 	 1.000000 
1.000000 	 318.000000 	 477.000000 	 304.000000 	 1.000000 
1.000000 	 302.000000 	 380.000000 	 336.000000 	 1.000000 
1.000000 	 297.000000 	 343.000000 	 352.000000 	 1.000000 
1.000000 	 293.000000 	 317.000000 	 368.000000 	 1.000000 
1.000000 	 290.000000 	 284.000000 	 384.000000 	 1.000000 
1.000000 	 288.000000 	 268.000000 	 400.000000 	 1.000000 
1.000000 	 287.000000 	 248.000000 	 416.000000 	 1.000000 
1.000000 	 285.000000 	 239.000000 	 432.000000 	 1.000000 
1.000000 	 283.000000 	 229.000000 	 468.000000 	 1.000000 
2.000000 	 245.000000 	 458.000000 	 664.000000 	 1.000000 
2.000000 	 272.000000 	 460.000000 	 712.000000 	 1.000000 
2.000000 	 307.000000 	 462.000000 	 724.000000 	 1.000000 
2.000000 	 336.000000 	 465.000000 	 740.000000 	 1.000000 
2.000000 	 408.000000 	 473.000000 	 772.000000 	 1.000000 
2.000000 	 414.000000 	 473.000000 	 792.000000 	 1.000000 
