stroke_id	 x	 y	 time	 is_writing
1.000000 	 722.000000 	 1112.000000 	 48.000000 	 1.000000 
1.000000 	 709.000000 	 1113.000000 	 64.000000 	 1.000000 
1.000000 	 690.000000 	 1113.000000 	 80.000000 	 1.000000 
1.000000 	 660.000000 	 1111.000000 	 96.000000 	 1.000000 
1.000000 	 625.000000 	 1105.000000 	 120.000000 	 1.000000 
1.000000 	 584.000000 	 1094.000000 	 136.000000 	 1.000000 
1.000000 	 545.000000 	 1077.000000 	 152.000000 	 1.000000 
1.000000 	 509.000000 	 1052.000000 	 168.000000 	 1.000000 
1.000000 	 473.000000 	 1011.000000 	 184.000000 	 1.000000 
1.000000 	 436.000000 	 954.000000 	 200.000000 	 1.000000 
1.000000 	 410.000000 	 897.000000 	 216.000000 	 1.000000 
1.000000 	 396.000000 	 846.000000 	 232.000000 	 1.000000 
1.000000 	 391.000000 	 800.000000 	 248.000000 	 1.000000 
1.000000 	 394.000000 	 755.000000 	 272.000000 	 1.000000 
1.000000 	 406.000000 	 719.000000 	 288.000000 	 1.000000 
1.000000 	 435.000000 	 692.000000 	 304.000000 	 1.000000 
1.000000 	 463.000000 	 674.000000 	 320.000000 	 1.000000 
1.000000 	 507.000000 	 667.000000 	 336.000000 	 1.000000 
1.000000 	 534.000000 	 679.000000 	 352.000000 	 1.000000 
1.000000 	 569.000000 	 703.000000 	 368.000000 	 1.000000 
1.000000 	 593.000000 	 736.000000 	 384.000000 	 1.000000 
1.000000 	 618.000000 	 774.000000 	 400.000000 	 1.000000 
1.000000 	 634.000000 	 814.000000 	 416.000000 	 1.000000 
1.000000 	 642.000000 	 847.000000 	 432.000000 	 1.000000 
1.000000 	 639.000000 	 878.000000 	 456.000000 	 1.000000 
1.000000 	 628.000000 	 897.000000 	 472.000000 	 1.000000 
1.000000 	 611.000000 	 912.000000 	 488.000000 	 1.000000 
1.000000 	 574.000000 	 928.000000 	 504.000000 	 1.000000 
1.000000 	 541.000000 	 934.000000 	 520.000000 	 1.000000 
1.000000 	 501.000000 	 935.000000 	 536.000000 	 1.000000 
1.000000 	 476.000000 	 934.000000 	 552.000000 	 1.000000 
1.000000 	 451.000000 	 929.000000 	 568.000000 	 1.000000 
1.000000 	 427.000000 	 916.000000 	 584.000000 	 1.000000 
1.000000 	 415.000000 	 909.000000 	 608.000000 	 1.000000 
