stroke_id	 x	 y	 time	 is_writing
1.000000 	 379.000000 	 872.000000 	 48.000000 	 1.000000 
1.000000 	 394.000000 	 894.000000 	 64.000000 	 1.000000 
1.000000 	 437.000000 	 963.000000 	 80.000000 	 1.000000 
1.000000 	 494.000000 	 1053.000000 	 104.000000 	 1.000000 
1.000000 	 504.000000 	 1063.000000 	 120.000000 	 1.000000 
1.000000 	 550.000000 	 1128.000000 	 136.000000 	 1.000000 
1.000000 	 568.000000 	 1147.000000 	 152.000000 	 1.000000 
1.000000 	 575.000000 	 1158.000000 	 168.000000 	 1.000000 
1.000000 	 579.000000 	 1163.000000 	 184.000000 	 1.000000 
1.000000 	 581.000000 	 1163.000000 	 200.000000 	 1.000000 
1.000000 	 580.000000 	 1154.000000 	 216.000000 	 1.000000 
1.000000 	 573.000000 	 1113.000000 	 232.000000 	 1.000000 
1.000000 	 565.000000 	 1045.000000 	 248.000000 	 1.000000 
1.000000 	 562.000000 	 1006.000000 	 272.000000 	 1.000000 
1.000000 	 549.000000 	 880.000000 	 288.000000 	 1.000000 
1.000000 	 546.000000 	 823.000000 	 304.000000 	 1.000000 
1.000000 	 544.000000 	 715.000000 	 320.000000 	 1.000000 
1.000000 	 547.000000 	 590.000000 	 336.000000 	 1.000000 
1.000000 	 549.000000 	 545.000000 	 352.000000 	 1.000000 
1.000000 	 549.000000 	 512.000000 	 368.000000 	 1.000000 
1.000000 	 548.000000 	 486.000000 	 400.000000 	 1.000000 
