stroke_id	 x	 y	 time	 is_writing
1.000000 	 539.000000 	 844.000000 	 106.000000 	 1.000000 
1.000000 	 486.000000 	 809.000000 	 140.000000 	 1.000000 
1.000000 	 456.000000 	 732.000000 	 172.000000 	 1.000000 
1.000000 	 461.000000 	 667.000000 	 208.000000 	 1.000000 
1.000000 	 526.000000 	 673.000000 	 240.000000 	 1.000000 
1.000000 	 578.000000 	 762.000000 	 274.000000 	 1.000000 
1.000000 	 589.000000 	 809.000000 	 290.000000 	 1.000000 
1.000000 	 594.000000 	 873.000000 	 324.000000 	 1.000000 
1.000000 	 588.000000 	 885.000000 	 340.000000 	 1.000000 
1.000000 	 561.000000 	 870.000000 	 374.000000 	 1.000000 
1.000000 	 552.000000 	 840.000000 	 392.000000 	 1.000000 
1.000000 	 565.000000 	 770.000000 	 424.000000 	 1.000000 
1.000000 	 593.000000 	 735.000000 	 440.000000 	 1.000000 
1.000000 	 632.000000 	 710.000000 	 458.000000 	 1.000000 
1.000000 	 672.000000 	 701.000000 	 476.000000 	 1.000000 
1.000000 	 714.000000 	 708.000000 	 492.000000 	 1.000000 
1.000000 	 773.000000 	 778.000000 	 524.000000 	 1.000000 
1.000000 	 790.000000 	 877.000000 	 558.000000 	 1.000000 
1.000000 	 784.000000 	 938.000000 	 576.000000 	 1.000000 
1.000000 	 705.000000 	 1034.000000 	 608.000000 	 1.000000 
1.000000 	 641.000000 	 1056.000000 	 624.000000 	 1.000000 
1.000000 	 486.000000 	 998.000000 	 660.000000 	 1.000000 
1.000000 	 420.000000 	 916.000000 	 676.000000 	 1.000000 
1.000000 	 361.000000 	 726.000000 	 708.000000 	 1.000000 
1.000000 	 364.000000 	 642.000000 	 726.000000 	 1.000000 
1.000000 	 475.000000 	 536.000000 	 760.000000 	 1.000000 
1.000000 	 515.000000 	 533.000000 	 774.000000 	 1.000000 
