stroke_id	 x	 y	 time	 is_writing
1.000000 	 369.000000 	 615.000000 	 0.000000 	 1.000000 
1.000000 	 367.000000 	 616.000000 	 32.000000 	 1.000000 
1.000000 	 361.000000 	 644.000000 	 64.000000 	 1.000000 
1.000000 	 356.000000 	 783.000000 	 96.000000 	 1.000000 
1.000000 	 339.000000 	 914.000000 	 128.000000 	 1.000000 
1.000000 	 336.000000 	 962.000000 	 144.000000 	 1.000000 
1.000000 	 346.000000 	 1009.000000 	 176.000000 	 1.000000 
1.000000 	 349.000000 	 1011.000000 	 192.000000 	 1.000000 
1.000000 	 360.000000 	 982.000000 	 224.000000 	 1.000000 
1.000000 	 392.000000 	 886.000000 	 240.000000 	 1.000000 
1.000000 	 427.000000 	 813.000000 	 256.000000 	 1.000000 
1.000000 	 465.000000 	 742.000000 	 272.000000 	 1.000000 
1.000000 	 494.000000 	 698.000000 	 288.000000 	 1.000000 
1.000000 	 511.000000 	 669.000000 	 304.000000 	 1.000000 
1.000000 	 536.000000 	 653.000000 	 336.000000 	 1.000000 
1.000000 	 560.000000 	 647.000000 	 352.000000 	 1.000000 
1.000000 	 599.000000 	 686.000000 	 384.000000 	 1.000000 
1.000000 	 600.000000 	 753.000000 	 400.000000 	 1.000000 
1.000000 	 593.000000 	 932.000000 	 432.000000 	 1.000000 
1.000000 	 603.000000 	 1005.000000 	 448.000000 	 1.000000 
1.000000 	 610.000000 	 1047.000000 	 464.000000 	 1.000000 
1.000000 	 615.000000 	 1085.000000 	 480.000000 	 1.000000 
