stroke_id	 x	 y	 time	 is_writing
1.000000 	 499.000000 	 810.000000 	 0.000000 	 1.000000 
1.000000 	 503.000000 	 821.000000 	 64.000000 	 1.000000 
1.000000 	 516.000000 	 844.000000 	 64.000000 	 1.000000 
1.000000 	 526.000000 	 874.000000 	 128.000000 	 1.000000 
1.000000 	 538.000000 	 959.000000 	 128.000000 	 1.000000 
1.000000 	 536.000000 	 995.000000 	 128.000000 	 1.000000 
1.000000 	 531.000000 	 1020.000000 	 192.000000 	 1.000000 
1.000000 	 525.000000 	 1033.000000 	 192.000000 	 1.000000 
1.000000 	 521.000000 	 1036.000000 	 192.000000 	 1.000000 
1.000000 	 516.000000 	 1034.000000 	 192.000000 	 1.000000 
1.000000 	 509.000000 	 1025.000000 	 256.000000 	 1.000000 
1.000000 	 500.000000 	 1007.000000 	 256.000000 	 1.000000 
1.000000 	 493.000000 	 986.000000 	 256.000000 	 1.000000 
1.000000 	 488.000000 	 960.000000 	 256.000000 	 1.000000 
1.000000 	 488.000000 	 931.000000 	 320.000000 	 1.000000 
1.000000 	 492.000000 	 900.000000 	 320.000000 	 1.000000 
1.000000 	 499.000000 	 867.000000 	 320.000000 	 1.000000 
1.000000 	 506.000000 	 838.000000 	 320.000000 	 1.000000 
1.000000 	 516.000000 	 815.000000 	 384.000000 	 1.000000 
1.000000 	 524.000000 	 795.000000 	 384.000000 	 1.000000 
1.000000 	 534.000000 	 783.000000 	 384.000000 	 1.000000 
1.000000 	 546.000000 	 781.000000 	 384.000000 	 1.000000 
1.000000 	 564.000000 	 785.000000 	 448.000000 	 1.000000 
