stroke_id	 x	 y	 time	 is_writing
1.000000 	 335.000000 	 1245.000000 	 0.000000 	 1.000000 
1.000000 	 335.000000 	 1245.000000 	 16.000000 	 1.000000 
1.000000 	 361.000000 	 1264.000000 	 48.000000 	 1.000000 
1.000000 	 407.000000 	 1278.000000 	 64.000000 	 1.000000 
1.000000 	 468.000000 	 1285.000000 	 80.000000 	 1.000000 
1.000000 	 534.000000 	 1288.000000 	 96.000000 	 1.000000 
1.000000 	 592.000000 	 1290.000000 	 112.000000 	 1.000000 
1.000000 	 640.000000 	 1292.000000 	 128.000000 	 1.000000 
1.000000 	 672.000000 	 1293.000000 	 144.000000 	 1.000000 
1.000000 	 689.000000 	 1291.000000 	 160.000000 	 1.000000 
1.000000 	 695.000000 	 1248.000000 	 192.000000 	 1.000000 
1.000000 	 675.000000 	 1183.000000 	 208.000000 	 1.000000 
1.000000 	 642.000000 	 1103.000000 	 224.000000 	 1.000000 
1.000000 	 600.000000 	 1021.000000 	 240.000000 	 1.000000 
1.000000 	 518.000000 	 864.000000 	 272.000000 	 1.000000 
1.000000 	 479.000000 	 792.000000 	 288.000000 	 1.000000 
1.000000 	 451.000000 	 733.000000 	 304.000000 	 1.000000 
1.000000 	 430.000000 	 681.000000 	 320.000000 	 1.000000 
1.000000 	 417.000000 	 638.000000 	 336.000000 	 1.000000 
1.000000 	 412.000000 	 611.000000 	 352.000000 	 1.000000 
1.000000 	 411.000000 	 590.000000 	 368.000000 	 1.000000 
1.000000 	 414.000000 	 581.000000 	 384.000000 	 1.000000 
1.000000 	 420.000000 	 578.000000 	 416.000000 	 1.000000 
2.000000 	 459.000000 	 971.000000 	 1248.000000 	 1.000000 
2.000000 	 459.000000 	 971.000000 	 1312.000000 	 1.000000 
2.000000 	 531.000000 	 960.000000 	 1344.000000 	 1.000000 
2.000000 	 634.000000 	 971.000000 	 1376.000000 	 1.000000 
2.000000 	 694.000000 	 992.000000 	 1408.000000 	 1.000000 
