stroke_id	 x	 y	 time	 is_writing
1.000000 	 392.000000 	 852.000000 	 21.000000 	 1.000000 
1.000000 	 383.000000 	 865.000000 	 37.000000 	 1.000000 
1.000000 	 382.000000 	 890.000000 	 54.000000 	 1.000000 
1.000000 	 399.000000 	 924.000000 	 71.000000 	 1.000000 
1.000000 	 443.000000 	 963.000000 	 88.000000 	 1.000000 
1.000000 	 505.000000 	 997.000000 	 104.000000 	 1.000000 
1.000000 	 555.000000 	 1007.000000 	 121.000000 	 1.000000 
1.000000 	 590.000000 	 996.000000 	 138.000000 	 1.000000 
1.000000 	 609.000000 	 956.000000 	 155.000000 	 1.000000 
1.000000 	 603.000000 	 866.000000 	 171.000000 	 1.000000 
1.000000 	 557.000000 	 766.000000 	 188.000000 	 1.000000 
1.000000 	 488.000000 	 662.000000 	 205.000000 	 1.000000 
1.000000 	 417.000000 	 577.000000 	 222.000000 	 1.000000 
1.000000 	 349.000000 	 516.000000 	 239.000000 	 1.000000 
1.000000 	 293.000000 	 487.000000 	 255.000000 	 1.000000 
1.000000 	 260.000000 	 479.000000 	 272.000000 	 1.000000 
1.000000 	 238.000000 	 486.000000 	 289.000000 	 1.000000 
1.000000 	 230.000000 	 513.000000 	 306.000000 	 1.000000 
1.000000 	 240.000000 	 550.000000 	 323.000000 	 1.000000 
1.000000 	 263.000000 	 578.000000 	 339.000000 	 1.000000 
1.000000 	 302.000000 	 605.000000 	 356.000000 	 1.000000 
1.000000 	 342.000000 	 607.000000 	 373.000000 	 1.000000 
1.000000 	 386.000000 	 591.000000 	 390.000000 	 1.000000 
1.000000 	 445.000000 	 567.000000 	 406.000000 	 1.000000 
1.000000 	 508.000000 	 544.000000 	 423.000000 	 1.000000 
1.000000 	 562.000000 	 531.000000 	 440.000000 	 1.000000 
1.000000 	 607.000000 	 527.000000 	 457.000000 	 1.000000 
1.000000 	 656.000000 	 529.000000 	 474.000000 	 1.000000 
1.000000 	 708.000000 	 546.000000 	 490.000000 	 1.000000 
1.000000 	 754.000000 	 612.000000 	 507.000000 	 1.000000 
1.000000 	 766.000000 	 651.000000 	 523.000000 	 1.000000 
