stroke_id	 x	 y	 time	 is_writing
1.000000 	 761.000000 	 1221.000000 	 0.000000 	 1.000000 
1.000000 	 747.000000 	 1190.000000 	 16.000000 	 1.000000 
1.000000 	 727.000000 	 1113.000000 	 32.000000 	 1.000000 
1.000000 	 711.000000 	 1006.000000 	 48.000000 	 1.000000 
1.000000 	 708.000000 	 775.000000 	 80.000000 	 1.000000 
1.000000 	 720.000000 	 630.000000 	 112.000000 	 1.000000 
1.000000 	 726.000000 	 589.000000 	 144.000000 	 1.000000 
2.000000 	 559.000000 	 1114.000000 	 408.000000 	 1.000000 
2.000000 	 579.000000 	 1117.000000 	 464.000000 	 1.000000 
2.000000 	 633.000000 	 1134.000000 	 480.000000 	 1.000000 
2.000000 	 687.000000 	 1148.000000 	 496.000000 	 1.000000 
2.000000 	 743.000000 	 1154.000000 	 512.000000 	 1.000000 
2.000000 	 798.000000 	 1154.000000 	 536.000000 	 1.000000 
2.000000 	 844.000000 	 1152.000000 	 552.000000 	 1.000000 
2.000000 	 904.000000 	 1157.000000 	 568.000000 	 1.000000 
2.000000 	 934.000000 	 1159.000000 	 584.000000 	 1.000000 
