stroke_id	 x	 y	 time	 is_writing
1.000000 	 484.000000 	 1241.000000 	 40.000000 	 1.000000 
1.000000 	 488.000000 	 1213.000000 	 57.000000 	 1.000000 
1.000000 	 494.000000 	 1142.000000 	 73.000000 	 1.000000 
1.000000 	 499.000000 	 1044.000000 	 90.000000 	 1.000000 
1.000000 	 501.000000 	 947.000000 	 107.000000 	 1.000000 
1.000000 	 503.000000 	 865.000000 	 123.000000 	 1.000000 
1.000000 	 504.000000 	 787.000000 	 140.000000 	 1.000000 
1.000000 	 503.000000 	 703.000000 	 156.000000 	 1.000000 
1.000000 	 503.000000 	 610.000000 	 173.000000 	 1.000000 
1.000000 	 505.000000 	 513.000000 	 189.000000 	 1.000000 
1.000000 	 512.000000 	 418.000000 	 206.000000 	 1.000000 
1.000000 	 522.000000 	 333.000000 	 223.000000 	 1.000000 
1.000000 	 530.000000 	 269.000000 	 239.000000 	 1.000000 
1.000000 	 535.000000 	 229.000000 	 256.000000 	 1.000000 
1.000000 	 541.000000 	 195.000000 	 273.000000 	 1.000000 
1.000000 	 542.000000 	 176.000000 	 289.000000 	 1.000000 
1.000000 	 542.000000 	 174.000000 	 305.000000 	 1.000000 
