stroke_id	 x	 y	 time	 is_writing
1.000000 	 240.000000 	 1341.000000 	 0.000000 	 1.000000 
1.000000 	 240.000000 	 1341.000000 	 16.000000 	 1.000000 
1.000000 	 240.000000 	 1341.000000 	 24.000000 	 1.000000 
1.000000 	 240.000000 	 1341.000000 	 40.000000 	 1.000000 
1.000000 	 269.000000 	 1337.000000 	 56.000000 	 1.000000 
1.000000 	 320.000000 	 1332.000000 	 72.000000 	 1.000000 
1.000000 	 387.000000 	 1325.000000 	 88.000000 	 1.000000 
1.000000 	 464.000000 	 1319.000000 	 104.000000 	 1.000000 
1.000000 	 544.000000 	 1314.000000 	 120.000000 	 1.000000 
1.000000 	 621.000000 	 1307.000000 	 136.000000 	 1.000000 
1.000000 	 690.000000 	 1300.000000 	 152.000000 	 1.000000 
2.000000 	 752.000000 	 1292.000000 	 176.000000 	 1.000000 
2.000000 	 800.000000 	 1282.000000 	 192.000000 	 1.000000 
2.000000 	 833.000000 	 1272.000000 	 208.000000 	 1.000000 
2.000000 	 851.000000 	 1261.000000 	 224.000000 	 1.000000 
2.000000 	 850.000000 	 1244.000000 	 240.000000 	 1.000000 
2.000000 	 817.000000 	 1209.000000 	 256.000000 	 1.000000 
2.000000 	 758.000000 	 1168.000000 	 272.000000 	 1.000000 
2.000000 	 686.000000 	 1121.000000 	 288.000000 	 1.000000 
2.000000 	 611.000000 	 1068.000000 	 304.000000 	 1.000000 
2.000000 	 535.000000 	 1008.000000 	 320.000000 	 1.000000 
2.000000 	 466.000000 	 948.000000 	 336.000000 	 1.000000 
2.000000 	 407.000000 	 888.000000 	 352.000000 	 1.000000 
3.000000 	 361.000000 	 834.000000 	 376.000000 	 1.000000 
3.000000 	 328.000000 	 791.000000 	 392.000000 	 1.000000 
3.000000 	 308.000000 	 762.000000 	 408.000000 	 1.000000 
3.000000 	 298.000000 	 742.000000 	 424.000000 	 1.000000 
3.000000 	 299.000000 	 726.000000 	 440.000000 	 1.000000 
3.000000 	 314.000000 	 715.000000 	 456.000000 	 1.000000 
3.000000 	 346.000000 	 709.000000 	 472.000000 	 1.000000 
3.000000 	 398.000000 	 711.000000 	 488.000000 	 1.000000 
3.000000 	 463.000000 	 719.000000 	 504.000000 	 1.000000 
3.000000 	 531.000000 	 727.000000 	 520.000000 	 1.000000 
3.000000 	 594.000000 	 734.000000 	 536.000000 	 1.000000 
3.000000 	 651.000000 	 740.000000 	 552.000000 	 1.000000 
3.000000 	 700.000000 	 743.000000 	 568.000000 	 1.000000 
3.000000 	 738.000000 	 745.000000 	 584.000000 	 1.000000 
3.000000 	 768.000000 	 747.000000 	 600.000000 	 1.000000 
3.000000 	 788.000000 	 750.000000 	 616.000000 	 1.000000 
