stroke_id	 x	 y	 time	 is_writing
1.000000 	 745.000000 	 594.000000 	 0.000000 	 1.000000 
1.000000 	 694.000000 	 614.000000 	 32.000000 	 1.000000 
1.000000 	 642.000000 	 634.000000 	 32.000000 	 1.000000 
1.000000 	 590.000000 	 666.000000 	 64.000000 	 1.000000 
1.000000 	 555.000000 	 723.000000 	 64.000000 	 1.000000 
1.000000 	 535.000000 	 802.000000 	 96.000000 	 1.000000 
1.000000 	 542.000000 	 911.000000 	 96.000000 	 1.000000 
1.000000 	 559.000000 	 1028.000000 	 128.000000 	 1.000000 
1.000000 	 580.000000 	 1126.000000 	 128.000000 	 1.000000 
1.000000 	 593.000000 	 1197.000000 	 160.000000 	 1.000000 
1.000000 	 595.000000 	 1239.000000 	 160.000000 	 1.000000 
1.000000 	 582.000000 	 1258.000000 	 192.000000 	 1.000000 
1.000000 	 572.000000 	 1261.000000 	 192.000000 	 1.000000 
1.000000 	 523.000000 	 1250.000000 	 224.000000 	 1.000000 
1.000000 	 454.000000 	 1216.000000 	 224.000000 	 1.000000 
1.000000 	 403.000000 	 1165.000000 	 256.000000 	 1.000000 
1.000000 	 366.000000 	 1108.000000 	 256.000000 	 1.000000 
1.000000 	 368.000000 	 1052.000000 	 288.000000 	 1.000000 
