stroke_id	 x	 y	 time	 is_writing
1.000000 	 711.000000 	 1396.000000 	 0.000000 	 1.000000 
1.000000 	 711.000000 	 1396.000000 	 64.000000 	 1.000000 
1.000000 	 707.000000 	 1389.000000 	 64.000000 	 1.000000 
1.000000 	 625.000000 	 1293.000000 	 128.000000 	 1.000000 
1.000000 	 586.000000 	 1251.000000 	 128.000000 	 1.000000 
1.000000 	 548.000000 	 1209.000000 	 128.000000 	 1.000000 
1.000000 	 516.000000 	 1176.000000 	 128.000000 	 1.000000 
1.000000 	 496.000000 	 1155.000000 	 192.000000 	 1.000000 
2.000000 	 577.000000 	 1373.000000 	 384.000000 	 1.000000 
2.000000 	 577.000000 	 1373.000000 	 448.000000 	 1.000000 
2.000000 	 574.000000 	 1372.000000 	 448.000000 	 1.000000 
2.000000 	 564.000000 	 1362.000000 	 448.000000 	 1.000000 
2.000000 	 553.000000 	 1345.000000 	 512.000000 	 1.000000 
2.000000 	 548.000000 	 1335.000000 	 512.000000 	 1.000000 
2.000000 	 548.000000 	 1327.000000 	 512.000000 	 1.000000 
2.000000 	 551.000000 	 1321.000000 	 512.000000 	 1.000000 
2.000000 	 556.000000 	 1320.000000 	 576.000000 	 1.000000 
2.000000 	 563.000000 	 1323.000000 	 576.000000 	 1.000000 
2.000000 	 570.000000 	 1331.000000 	 576.000000 	 1.000000 
2.000000 	 575.000000 	 1342.000000 	 640.000000 	 1.000000 
2.000000 	 575.000000 	 1353.000000 	 640.000000 	 1.000000 
2.000000 	 562.000000 	 1373.000000 	 640.000000 	 1.000000 
2.000000 	 552.000000 	 1374.000000 	 704.000000 	 1.000000 
3.000000 	 641.000000 	 1148.000000 	 896.000000 	 1.000000 
3.000000 	 641.000000 	 1148.000000 	 896.000000 	 1.000000 
3.000000 	 641.000000 	 1148.000000 	 896.000000 	 1.000000 
3.000000 	 641.000000 	 1148.000000 	 960.000000 	 1.000000 
3.000000 	 641.000000 	 1148.000000 	 960.000000 	 1.000000 
3.000000 	 639.000000 	 1148.000000 	 960.000000 	 1.000000 
3.000000 	 638.000000 	 1148.000000 	 960.000000 	 1.000000 
3.000000 	 637.000000 	 1148.000000 	 1024.000000 	 1.000000 
3.000000 	 635.000000 	 1147.000000 	 1024.000000 	 1.000000 
3.000000 	 633.000000 	 1144.000000 	 1024.000000 	 1.000000 
3.000000 	 633.000000 	 1143.000000 	 1088.000000 	 1.000000 
3.000000 	 633.000000 	 1142.000000 	 1088.000000 	 1.000000 
3.000000 	 633.000000 	 1141.000000 	 1088.000000 	 1.000000 
3.000000 	 634.000000 	 1141.000000 	 1088.000000 	 1.000000 
3.000000 	 635.000000 	 1141.000000 	 1152.000000 	 1.000000 
