stroke_id	 x	 y	 time	 is_writing
1.000000 	 421.000000 	 1245.000000 	 0.000000 	 1.000000 
1.000000 	 457.000000 	 1257.000000 	 40.000000 	 1.000000 
1.000000 	 493.000000 	 1261.000000 	 56.000000 	 1.000000 
1.000000 	 545.000000 	 1259.000000 	 92.000000 	 1.000000 
1.000000 	 565.000000 	 1251.000000 	 108.000000 	 1.000000 
1.000000 	 578.000000 	 1236.000000 	 124.000000 	 1.000000 
1.000000 	 581.000000 	 1218.000000 	 144.000000 	 1.000000 
1.000000 	 586.000000 	 1175.000000 	 160.000000 	 1.000000 
1.000000 	 589.000000 	 1130.000000 	 176.000000 	 1.000000 
1.000000 	 591.000000 	 1078.000000 	 192.000000 	 1.000000 
1.000000 	 585.000000 	 1014.000000 	 208.000000 	 1.000000 
1.000000 	 580.000000 	 947.000000 	 224.000000 	 1.000000 
1.000000 	 569.000000 	 883.000000 	 240.000000 	 1.000000 
1.000000 	 557.000000 	 828.000000 	 260.000000 	 1.000000 
1.000000 	 553.000000 	 791.000000 	 276.000000 	 1.000000 
1.000000 	 545.000000 	 740.000000 	 292.000000 	 1.000000 
1.000000 	 539.000000 	 715.000000 	 308.000000 	 1.000000 
1.000000 	 535.000000 	 679.000000 	 328.000000 	 1.000000 
1.000000 	 531.000000 	 657.000000 	 344.000000 	 1.000000 
1.000000 	 530.000000 	 646.000000 	 360.000000 	 1.000000 
1.000000 	 528.000000 	 641.000000 	 376.000000 	 1.000000 
1.000000 	 528.000000 	 643.000000 	 412.000000 	 1.000000 
2.000000 	 450.000000 	 982.000000 	 536.000000 	 1.000000 
2.000000 	 477.000000 	 998.000000 	 576.000000 	 1.000000 
2.000000 	 548.000000 	 1015.000000 	 592.000000 	 1.000000 
2.000000 	 622.000000 	 1023.000000 	 608.000000 	 1.000000 
2.000000 	 690.000000 	 1026.000000 	 624.000000 	 1.000000 
2.000000 	 750.000000 	 1032.000000 	 640.000000 	 1.000000 
2.000000 	 782.000000 	 1044.000000 	 680.000000 	 1.000000 
