stroke_id	 x	 y	 time	 is_writing
1.000000 	 270.000000 	 882.000000 	 32.000000 	 1.000000 
1.000000 	 276.000000 	 885.000000 	 48.000000 	 1.000000 
1.000000 	 292.000000 	 890.000000 	 64.000000 	 1.000000 
1.000000 	 311.000000 	 897.000000 	 80.000000 	 1.000000 
1.000000 	 350.000000 	 904.000000 	 96.000000 	 1.000000 
1.000000 	 383.000000 	 909.000000 	 112.000000 	 1.000000 
1.000000 	 407.000000 	 910.000000 	 128.000000 	 1.000000 
1.000000 	 426.000000 	 908.000000 	 144.000000 	 1.000000 
1.000000 	 441.000000 	 901.000000 	 160.000000 	 1.000000 
1.000000 	 449.000000 	 895.000000 	 176.000000 	 1.000000 
1.000000 	 455.000000 	 882.000000 	 192.000000 	 1.000000 
1.000000 	 454.000000 	 849.000000 	 208.000000 	 1.000000 
1.000000 	 445.000000 	 811.000000 	 224.000000 	 1.000000 
1.000000 	 428.000000 	 761.000000 	 240.000000 	 1.000000 
1.000000 	 410.000000 	 722.000000 	 256.000000 	 1.000000 
1.000000 	 385.000000 	 675.000000 	 272.000000 	 1.000000 
1.000000 	 360.000000 	 634.000000 	 288.000000 	 1.000000 
1.000000 	 336.000000 	 593.000000 	 304.000000 	 1.000000 
1.000000 	 314.000000 	 549.000000 	 320.000000 	 1.000000 
1.000000 	 301.000000 	 529.000000 	 336.000000 	 1.000000 
1.000000 	 290.000000 	 510.000000 	 352.000000 	 1.000000 
1.000000 	 282.000000 	 496.000000 	 368.000000 	 1.000000 
1.000000 	 276.000000 	 484.000000 	 384.000000 	 1.000000 
1.000000 	 273.000000 	 476.000000 	 400.000000 	 1.000000 
2.000000 	 272.000000 	 471.000000 	 432.000000 	 1.000000 
2.000000 	 273.000000 	 467.000000 	 448.000000 	 1.000000 
2.000000 	 276.000000 	 465.000000 	 464.000000 	 1.000000 
2.000000 	 286.000000 	 463.000000 	 480.000000 	 1.000000 
2.000000 	 302.000000 	 463.000000 	 496.000000 	 1.000000 
2.000000 	 321.000000 	 464.000000 	 512.000000 	 1.000000 
2.000000 	 345.000000 	 466.000000 	 528.000000 	 1.000000 
2.000000 	 362.000000 	 468.000000 	 544.000000 	 1.000000 
2.000000 	 378.000000 	 470.000000 	 560.000000 	 1.000000 
2.000000 	 392.000000 	 471.000000 	 576.000000 	 1.000000 
2.000000 	 401.000000 	 471.000000 	 592.000000 	 1.000000 
2.000000 	 409.000000 	 471.000000 	 608.000000 	 1.000000 
2.000000 	 414.000000 	 471.000000 	 624.000000 	 1.000000 
