stroke_id	 x	 y	 time	 is_writing
1.000000 	 513.000000 	 1035.000000 	 0.000000 	 1.000000 
1.000000 	 513.000000 	 1035.000000 	 0.000000 	 1.000000 
1.000000 	 513.000000 	 1035.000000 	 64.000000 	 1.000000 
1.000000 	 537.000000 	 1057.000000 	 64.000000 	 1.000000 
1.000000 	 569.000000 	 1100.000000 	 128.000000 	 1.000000 
1.000000 	 577.000000 	 1120.000000 	 128.000000 	 1.000000 
1.000000 	 582.000000 	 1134.000000 	 192.000000 	 1.000000 
1.000000 	 583.000000 	 1138.000000 	 192.000000 	 1.000000 
1.000000 	 583.000000 	 1138.000000 	 192.000000 	 1.000000 
1.000000 	 583.000000 	 1119.000000 	 192.000000 	 1.000000 
1.000000 	 582.000000 	 1077.000000 	 256.000000 	 1.000000 
1.000000 	 579.000000 	 1018.000000 	 256.000000 	 1.000000 
1.000000 	 572.000000 	 956.000000 	 256.000000 	 1.000000 
1.000000 	 561.000000 	 906.000000 	 256.000000 	 1.000000 
1.000000 	 547.000000 	 868.000000 	 320.000000 	 1.000000 
1.000000 	 533.000000 	 845.000000 	 320.000000 	 1.000000 
1.000000 	 518.000000 	 835.000000 	 320.000000 	 1.000000 
1.000000 	 505.000000 	 834.000000 	 320.000000 	 1.000000 
1.000000 	 492.000000 	 845.000000 	 384.000000 	 1.000000 
1.000000 	 486.000000 	 866.000000 	 384.000000 	 1.000000 
1.000000 	 490.000000 	 895.000000 	 384.000000 	 1.000000 
1.000000 	 503.000000 	 929.000000 	 384.000000 	 1.000000 
1.000000 	 526.000000 	 960.000000 	 448.000000 	 1.000000 
1.000000 	 558.000000 	 987.000000 	 448.000000 	 1.000000 
1.000000 	 589.000000 	 1007.000000 	 448.000000 	 1.000000 
1.000000 	 619.000000 	 1021.000000 	 448.000000 	 1.000000 
1.000000 	 631.000000 	 1026.000000 	 512.000000 	 1.000000 
1.000000 	 633.000000 	 1285.000000 	 832.000000 	 1.000000 
2.000000 	 604.000000 	 1222.000000 	 1408.000000 	 1.000000 
2.000000 	 604.000000 	 1222.000000 	 1472.000000 	 1.000000 
3.000000 	 582.000000 	 1214.000000 	 1920.000000 	 1.000000 
3.000000 	 582.000000 	 1214.000000 	 1984.000000 	 1.000000 
3.000000 	 582.000000 	 1214.000000 	 1984.000000 	 1.000000 
3.000000 	 582.000000 	 1214.000000 	 1984.000000 	 1.000000 
3.000000 	 581.000000 	 1214.000000 	 1984.000000 	 1.000000 
3.000000 	 581.000000 	 1214.000000 	 2048.000000 	 1.000000 
