stroke_id	 x	 y	 time	 is_writing
1.000000 	 618.000000 	 812.000000 	 64.000000 	 1.000000 
1.000000 	 621.000000 	 766.000000 	 80.000000 	 1.000000 
1.000000 	 625.000000 	 658.000000 	 112.000000 	 1.000000 
1.000000 	 627.000000 	 614.000000 	 128.000000 	 1.000000 
1.000000 	 633.000000 	 557.000000 	 160.000000 	 1.000000 
1.000000 	 635.000000 	 546.000000 	 176.000000 	 1.000000 
1.000000 	 633.000000 	 544.000000 	 208.000000 	 1.000000 
1.000000 	 631.000000 	 553.000000 	 224.000000 	 1.000000 
1.000000 	 618.000000 	 600.000000 	 256.000000 	 1.000000 
1.000000 	 595.000000 	 645.000000 	 288.000000 	 1.000000 
1.000000 	 552.000000 	 663.000000 	 320.000000 	 1.000000 
1.000000 	 530.000000 	 659.000000 	 336.000000 	 1.000000 
1.000000 	 509.000000 	 644.000000 	 352.000000 	 1.000000 
1.000000 	 490.000000 	 623.000000 	 368.000000 	 1.000000 
1.000000 	 476.000000 	 566.000000 	 400.000000 	 1.000000 
1.000000 	 483.000000 	 545.000000 	 416.000000 	 1.000000 
1.000000 	 540.000000 	 528.000000 	 464.000000 	 1.000000 
1.000000 	 592.000000 	 532.000000 	 480.000000 	 1.000000 
1.000000 	 643.000000 	 538.000000 	 496.000000 	 1.000000 
1.000000 	 695.000000 	 547.000000 	 512.000000 	 1.000000 
1.000000 	 703.000000 	 549.000000 	 528.000000 	 1.000000 
