stroke_id	 x	 y	 time	 is_writing
1.000000 	 360.000000 	 1337.000000 	 0.000000 	 1.000000 
1.000000 	 360.000000 	 1336.000000 	 32.000000 	 1.000000 
1.000000 	 360.000000 	 1328.000000 	 48.000000 	 1.000000 
1.000000 	 355.000000 	 1255.000000 	 64.000000 	 1.000000 
1.000000 	 352.000000 	 1178.000000 	 80.000000 	 1.000000 
1.000000 	 349.000000 	 1096.000000 	 96.000000 	 1.000000 
1.000000 	 349.000000 	 1013.000000 	 112.000000 	 1.000000 
1.000000 	 351.000000 	 933.000000 	 128.000000 	 1.000000 
1.000000 	 359.000000 	 855.000000 	 144.000000 	 1.000000 
1.000000 	 375.000000 	 780.000000 	 160.000000 	 1.000000 
1.000000 	 403.000000 	 706.000000 	 176.000000 	 1.000000 
1.000000 	 444.000000 	 635.000000 	 192.000000 	 1.000000 
1.000000 	 493.000000 	 576.000000 	 208.000000 	 1.000000 
1.000000 	 554.000000 	 537.000000 	 224.000000 	 1.000000 
1.000000 	 613.000000 	 531.000000 	 240.000000 	 1.000000 
1.000000 	 669.000000 	 556.000000 	 256.000000 	 1.000000 
1.000000 	 716.000000 	 614.000000 	 272.000000 	 1.000000 
2.000000 	 789.000000 	 763.000000 	 320.000000 	 1.000000 
2.000000 	 813.000000 	 854.000000 	 336.000000 	 1.000000 
2.000000 	 826.000000 	 952.000000 	 352.000000 	 1.000000 
2.000000 	 834.000000 	 1048.000000 	 368.000000 	 1.000000 
2.000000 	 835.000000 	 1129.000000 	 384.000000 	 1.000000 
2.000000 	 830.000000 	 1199.000000 	 400.000000 	 1.000000 
2.000000 	 820.000000 	 1254.000000 	 416.000000 	 1.000000 
2.000000 	 804.000000 	 1294.000000 	 432.000000 	 1.000000 
2.000000 	 798.000000 	 1311.000000 	 448.000000 	 1.000000 
