stroke_id	 x	 y	 time	 is_writing
1.000000 	 382.000000 	 807.000000 	 0.000000 	 1.000000 
1.000000 	 382.000000 	 807.000000 	 32.000000 	 1.000000 
1.000000 	 388.000000 	 815.000000 	 32.000000 	 1.000000 
1.000000 	 430.000000 	 874.000000 	 64.000000 	 1.000000 
1.000000 	 479.000000 	 942.000000 	 64.000000 	 1.000000 
1.000000 	 515.000000 	 1003.000000 	 96.000000 	 1.000000 
1.000000 	 544.000000 	 1050.000000 	 96.000000 	 1.000000 
1.000000 	 568.000000 	 1082.000000 	 128.000000 	 1.000000 
1.000000 	 578.000000 	 1090.000000 	 128.000000 	 1.000000 
1.000000 	 579.000000 	 1088.000000 	 160.000000 	 1.000000 
1.000000 	 576.000000 	 1058.000000 	 160.000000 	 1.000000 
1.000000 	 569.000000 	 989.000000 	 192.000000 	 1.000000 
1.000000 	 556.000000 	 890.000000 	 192.000000 	 1.000000 
1.000000 	 541.000000 	 793.000000 	 224.000000 	 1.000000 
1.000000 	 527.000000 	 700.000000 	 224.000000 	 1.000000 
1.000000 	 514.000000 	 613.000000 	 256.000000 	 1.000000 
1.000000 	 505.000000 	 536.000000 	 256.000000 	 1.000000 
1.000000 	 498.000000 	 477.000000 	 288.000000 	 1.000000 
1.000000 	 495.000000 	 430.000000 	 288.000000 	 1.000000 
1.000000 	 493.000000 	 395.000000 	 320.000000 	 1.000000 
1.000000 	 491.000000 	 375.000000 	 320.000000 	 1.000000 
1.000000 	 492.000000 	 367.000000 	 352.000000 	 1.000000 
1.000000 	 492.000000 	 369.000000 	 384.000000 	 1.000000 
