stroke_id	 x	 y	 time	 is_writing
1.000000 	 646.000000 	 1038.000000 	 48.000000 	 1.000000 
1.000000 	 641.000000 	 1043.000000 	 48.000000 	 1.000000 
1.000000 	 627.000000 	 1053.000000 	 64.000000 	 1.000000 
1.000000 	 603.000000 	 1068.000000 	 96.000000 	 1.000000 
1.000000 	 551.000000 	 1096.000000 	 112.000000 	 1.000000 
1.000000 	 505.000000 	 1113.000000 	 128.000000 	 1.000000 
1.000000 	 466.000000 	 1119.000000 	 144.000000 	 1.000000 
1.000000 	 438.000000 	 1115.000000 	 160.000000 	 1.000000 
1.000000 	 414.000000 	 1101.000000 	 176.000000 	 1.000000 
1.000000 	 394.000000 	 1083.000000 	 192.000000 	 1.000000 
1.000000 	 376.000000 	 1049.000000 	 208.000000 	 1.000000 
1.000000 	 370.000000 	 1010.000000 	 224.000000 	 1.000000 
1.000000 	 378.000000 	 964.000000 	 240.000000 	 1.000000 
1.000000 	 397.000000 	 932.000000 	 256.000000 	 1.000000 
1.000000 	 426.000000 	 911.000000 	 272.000000 	 1.000000 
1.000000 	 471.000000 	 902.000000 	 288.000000 	 1.000000 
1.000000 	 510.000000 	 914.000000 	 304.000000 	 1.000000 
1.000000 	 537.000000 	 941.000000 	 320.000000 	 1.000000 
1.000000 	 572.000000 	 983.000000 	 336.000000 	 1.000000 
1.000000 	 597.000000 	 1024.000000 	 352.000000 	 1.000000 
1.000000 	 613.000000 	 1066.000000 	 368.000000 	 1.000000 
1.000000 	 622.000000 	 1092.000000 	 384.000000 	 1.000000 
1.000000 	 624.000000 	 1108.000000 	 400.000000 	 1.000000 
1.000000 	 624.000000 	 1114.000000 	 416.000000 	 1.000000 
1.000000 	 624.000000 	 1115.000000 	 448.000000 	 1.000000 
1.000000 	 624.000000 	 1115.000000 	 464.000000 	 1.000000 
1.000000 	 626.000000 	 1102.000000 	 480.000000 	 1.000000 
1.000000 	 633.000000 	 1023.000000 	 496.000000 	 1.000000 
1.000000 	 636.000000 	 923.000000 	 512.000000 	 1.000000 
1.000000 	 638.000000 	 841.000000 	 528.000000 	 1.000000 
1.000000 	 641.000000 	 771.000000 	 544.000000 	 1.000000 
1.000000 	 643.000000 	 722.000000 	 560.000000 	 1.000000 
1.000000 	 645.000000 	 688.000000 	 576.000000 	 1.000000 
1.000000 	 653.000000 	 663.000000 	 592.000000 	 1.000000 
1.000000 	 659.000000 	 655.000000 	 608.000000 	 1.000000 
1.000000 	 660.000000 	 654.000000 	 624.000000 	 1.000000 
