stroke_id	 x	 y	 time	 is_writing
1.000000 	 391.000000 	 778.000000 	 0.000000 	 1.000000 
1.000000 	 394.000000 	 768.000000 	 32.000000 	 1.000000 
1.000000 	 410.000000 	 719.000000 	 64.000000 	 1.000000 
1.000000 	 458.000000 	 669.000000 	 96.000000 	 1.000000 
1.000000 	 485.000000 	 663.000000 	 96.000000 	 1.000000 
1.000000 	 536.000000 	 689.000000 	 128.000000 	 1.000000 
1.000000 	 574.000000 	 736.000000 	 160.000000 	 1.000000 
1.000000 	 611.000000 	 817.000000 	 160.000000 	 1.000000 
1.000000 	 623.000000 	 905.000000 	 192.000000 	 1.000000 
1.000000 	 624.000000 	 1000.000000 	 192.000000 	 1.000000 
1.000000 	 623.000000 	 1078.000000 	 224.000000 	 1.000000 
1.000000 	 628.000000 	 1125.000000 	 224.000000 	 1.000000 
1.000000 	 628.000000 	 1128.000000 	 256.000000 	 1.000000 
1.000000 	 636.000000 	 1127.000000 	 288.000000 	 1.000000 
2.000000 	 601.000000 	 1216.000000 	 448.000000 	 1.000000 
2.000000 	 618.000000 	 1219.000000 	 480.000000 	 1.000000 
2.000000 	 683.000000 	 1229.000000 	 512.000000 	 1.000000 
2.000000 	 752.000000 	 1239.000000 	 544.000000 	 1.000000 
