stroke_id	 x	 y	 time	 is_writing
1.000000 	 626.000000 	 1319.000000 	 0.000000 	 1.000000 
1.000000 	 626.000000 	 1319.000000 	 16.000000 	 1.000000 
1.000000 	 618.000000 	 1318.000000 	 48.000000 	 1.000000 
1.000000 	 553.000000 	 1276.000000 	 80.000000 	 1.000000 
1.000000 	 504.000000 	 1225.000000 	 96.000000 	 1.000000 
1.000000 	 451.000000 	 1152.000000 	 112.000000 	 1.000000 
1.000000 	 409.000000 	 1069.000000 	 128.000000 	 1.000000 
1.000000 	 384.000000 	 913.000000 	 160.000000 	 1.000000 
1.000000 	 400.000000 	 872.000000 	 176.000000 	 1.000000 
1.000000 	 502.000000 	 851.000000 	 208.000000 	 1.000000 
1.000000 	 571.000000 	 883.000000 	 232.000000 	 1.000000 
1.000000 	 660.000000 	 1008.000000 	 264.000000 	 1.000000 
1.000000 	 667.000000 	 1083.000000 	 280.000000 	 1.000000 
1.000000 	 615.000000 	 1213.000000 	 312.000000 	 1.000000 
1.000000 	 586.000000 	 1255.000000 	 328.000000 	 1.000000 
1.000000 	 573.000000 	 1268.000000 	 344.000000 	 1.000000 
