stroke_id	 x	 y	 time	 is_writing
1.000000 	 463.000000 	 1416.000000 	 0.000000 	 1.000000 
1.000000 	 461.000000 	 1408.000000 	 32.000000 	 1.000000 
1.000000 	 460.000000 	 1357.000000 	 48.000000 	 1.000000 
1.000000 	 459.000000 	 1278.000000 	 64.000000 	 1.000000 
1.000000 	 464.000000 	 1194.000000 	 80.000000 	 1.000000 
1.000000 	 468.000000 	 1136.000000 	 96.000000 	 1.000000 
1.000000 	 476.000000 	 1105.000000 	 112.000000 	 1.000000 
1.000000 	 482.000000 	 1105.000000 	 128.000000 	 1.000000 
1.000000 	 484.000000 	 1111.000000 	 144.000000 	 1.000000 
1.000000 	 499.000000 	 1408.000000 	 224.000000 	 1.000000 
1.000000 	 495.000000 	 1389.000000 	 272.000000 	 1.000000 
1.000000 	 493.000000 	 1344.000000 	 288.000000 	 1.000000 
1.000000 	 497.000000 	 1267.000000 	 304.000000 	 1.000000 
1.000000 	 504.000000 	 1206.000000 	 320.000000 	 1.000000 
1.000000 	 515.000000 	 1163.000000 	 336.000000 	 1.000000 
1.000000 	 524.000000 	 1139.000000 	 352.000000 	 1.000000 
2.000000 	 399.000000 	 1248.000000 	 448.000000 	 1.000000 
2.000000 	 430.000000 	 1269.000000 	 496.000000 	 1.000000 
2.000000 	 520.000000 	 1314.000000 	 528.000000 	 1.000000 
2.000000 	 551.000000 	 1324.000000 	 544.000000 	 1.000000 
2.000000 	 558.000000 	 1326.000000 	 560.000000 	 1.000000 
2.000000 	 420.000000 	 1167.000000 	 640.000000 	 1.000000 
2.000000 	 424.000000 	 1178.000000 	 704.000000 	 1.000000 
2.000000 	 461.000000 	 1210.000000 	 720.000000 	 1.000000 
2.000000 	 524.000000 	 1255.000000 	 736.000000 	 1.000000 
2.000000 	 595.000000 	 1293.000000 	 752.000000 	 1.000000 
2.000000 	 669.000000 	 1322.000000 	 768.000000 	 1.000000 
