stroke_id	 x	 y	 time	 is_writing
1.000000 	 596.000000 	 1291.000000 	 0.000000 	 1.000000 
1.000000 	 593.000000 	 1287.000000 	 24.000000 	 1.000000 
1.000000 	 574.000000 	 1222.000000 	 56.000000 	 1.000000 
1.000000 	 557.000000 	 1138.000000 	 88.000000 	 1.000000 
1.000000 	 551.000000 	 1100.000000 	 104.000000 	 1.000000 
1.000000 	 539.000000 	 1040.000000 	 144.000000 	 1.000000 
1.000000 	 532.000000 	 1018.000000 	 160.000000 	 1.000000 
1.000000 	 521.000000 	 987.000000 	 192.000000 	 1.000000 
1.000000 	 517.000000 	 974.000000 	 208.000000 	 1.000000 
1.000000 	 508.000000 	 952.000000 	 240.000000 	 1.000000 
1.000000 	 503.000000 	 939.000000 	 256.000000 	 1.000000 
1.000000 	 498.000000 	 928.000000 	 288.000000 	 1.000000 
1.000000 	 497.000000 	 929.000000 	 304.000000 	 1.000000 
1.000000 	 506.000000 	 1037.000000 	 336.000000 	 1.000000 
1.000000 	 518.000000 	 1118.000000 	 352.000000 	 1.000000 
1.000000 	 561.000000 	 1252.000000 	 392.000000 	 1.000000 
1.000000 	 590.000000 	 1307.000000 	 408.000000 	 1.000000 
1.000000 	 635.000000 	 1373.000000 	 440.000000 	 1.000000 
1.000000 	 653.000000 	 1388.000000 	 456.000000 	 1.000000 
1.000000 	 673.000000 	 1394.000000 	 488.000000 	 1.000000 
1.000000 	 679.000000 	 1384.000000 	 504.000000 	 1.000000 
1.000000 	 675.000000 	 1307.000000 	 536.000000 	 1.000000 
1.000000 	 661.000000 	 1266.000000 	 552.000000 	 1.000000 
