stroke_id	 x	 y	 time	 is_writing
1.000000 	 418.000000 	 948.000000 	 32.000000 	 1.000000 
1.000000 	 419.000000 	 949.000000 	 48.000000 	 1.000000 
1.000000 	 423.000000 	 954.000000 	 72.000000 	 1.000000 
1.000000 	 455.000000 	 1005.000000 	 88.000000 	 1.000000 
1.000000 	 486.000000 	 1062.000000 	 104.000000 	 1.000000 
1.000000 	 518.000000 	 1120.000000 	 120.000000 	 1.000000 
1.000000 	 545.000000 	 1177.000000 	 136.000000 	 1.000000 
1.000000 	 566.000000 	 1221.000000 	 152.000000 	 1.000000 
1.000000 	 579.000000 	 1246.000000 	 168.000000 	 1.000000 
1.000000 	 586.000000 	 1255.000000 	 184.000000 	 1.000000 
1.000000 	 586.000000 	 1257.000000 	 200.000000 	 1.000000 
1.000000 	 588.000000 	 1257.000000 	 216.000000 	 1.000000 
1.000000 	 585.000000 	 1245.000000 	 240.000000 	 1.000000 
1.000000 	 589.000000 	 1221.000000 	 256.000000 	 1.000000 
1.000000 	 587.000000 	 1180.000000 	 272.000000 	 1.000000 
1.000000 	 587.000000 	 1121.000000 	 288.000000 	 1.000000 
1.000000 	 586.000000 	 1049.000000 	 304.000000 	 1.000000 
1.000000 	 584.000000 	 971.000000 	 320.000000 	 1.000000 
1.000000 	 586.000000 	 889.000000 	 336.000000 	 1.000000 
1.000000 	 588.000000 	 818.000000 	 352.000000 	 1.000000 
1.000000 	 587.000000 	 755.000000 	 368.000000 	 1.000000 
1.000000 	 585.000000 	 693.000000 	 384.000000 	 1.000000 
1.000000 	 581.000000 	 636.000000 	 400.000000 	 1.000000 
1.000000 	 578.000000 	 585.000000 	 416.000000 	 1.000000 
1.000000 	 577.000000 	 541.000000 	 440.000000 	 1.000000 
1.000000 	 573.000000 	 500.000000 	 456.000000 	 1.000000 
1.000000 	 570.000000 	 468.000000 	 472.000000 	 1.000000 
1.000000 	 568.000000 	 441.000000 	 488.000000 	 1.000000 
1.000000 	 564.000000 	 421.000000 	 504.000000 	 1.000000 
1.000000 	 563.000000 	 408.000000 	 520.000000 	 1.000000 
1.000000 	 562.000000 	 402.000000 	 536.000000 	 1.000000 
1.000000 	 562.000000 	 398.000000 	 552.000000 	 1.000000 
1.000000 	 562.000000 	 399.000000 	 568.000000 	 1.000000 
1.000000 	 562.000000 	 399.000000 	 576.000000 	 1.000000 
