stroke_id	 x	 y	 time	 is_writing
1.000000 	 408.000000 	 807.000000 	 0.000000 	 1.000000 
1.000000 	 409.000000 	 788.000000 	 32.000000 	 1.000000 
1.000000 	 409.000000 	 704.000000 	 68.000000 	 1.000000 
1.000000 	 408.000000 	 612.000000 	 102.000000 	 1.000000 
1.000000 	 406.000000 	 547.000000 	 138.000000 	 1.000000 
1.000000 	 403.000000 	 523.000000 	 172.000000 	 1.000000 
1.000000 	 399.000000 	 526.000000 	 208.000000 	 1.000000 
1.000000 	 398.000000 	 590.000000 	 242.000000 	 1.000000 
1.000000 	 397.000000 	 700.000000 	 278.000000 	 1.000000 
1.000000 	 390.000000 	 769.000000 	 312.000000 	 1.000000 
1.000000 	 389.000000 	 805.000000 	 348.000000 	 1.000000 
1.000000 	 404.000000 	 827.000000 	 382.000000 	 1.000000 
1.000000 	 449.000000 	 829.000000 	 418.000000 	 1.000000 
1.000000 	 486.000000 	 809.000000 	 452.000000 	 1.000000 
1.000000 	 499.000000 	 768.000000 	 488.000000 	 1.000000 
1.000000 	 482.000000 	 733.000000 	 522.000000 	 1.000000 
1.000000 	 455.000000 	 715.000000 	 558.000000 	 1.000000 
1.000000 	 427.000000 	 712.000000 	 592.000000 	 1.000000 
1.000000 	 401.000000 	 712.000000 	 628.000000 	 1.000000 
1.000000 	 401.000000 	 712.000000 	 638.000000 	 1.000000 
