stroke_id	 x	 y	 time	 is_writing
1.000000 	 416.000000 	 1160.000000 	 0.000000 	 1.000000 
1.000000 	 422.000000 	 1162.000000 	 32.000000 	 1.000000 
1.000000 	 436.000000 	 1161.000000 	 64.000000 	 1.000000 
1.000000 	 463.000000 	 1150.000000 	 64.000000 	 1.000000 
1.000000 	 493.000000 	 1125.000000 	 96.000000 	 1.000000 
1.000000 	 528.000000 	 1080.000000 	 96.000000 	 1.000000 
1.000000 	 553.000000 	 1027.000000 	 128.000000 	 1.000000 
1.000000 	 565.000000 	 976.000000 	 128.000000 	 1.000000 
1.000000 	 564.000000 	 934.000000 	 160.000000 	 1.000000 
1.000000 	 554.000000 	 900.000000 	 160.000000 	 1.000000 
1.000000 	 538.000000 	 871.000000 	 192.000000 	 1.000000 
1.000000 	 516.000000 	 850.000000 	 192.000000 	 1.000000 
1.000000 	 488.000000 	 834.000000 	 224.000000 	 1.000000 
1.000000 	 456.000000 	 832.000000 	 224.000000 	 1.000000 
1.000000 	 430.000000 	 847.000000 	 256.000000 	 1.000000 
1.000000 	 406.000000 	 880.000000 	 256.000000 	 1.000000 
1.000000 	 389.000000 	 923.000000 	 288.000000 	 1.000000 
1.000000 	 381.000000 	 967.000000 	 288.000000 	 1.000000 
1.000000 	 381.000000 	 1004.000000 	 320.000000 	 1.000000 
1.000000 	 385.000000 	 1035.000000 	 352.000000 	 1.000000 
1.000000 	 397.000000 	 1061.000000 	 352.000000 	 1.000000 
1.000000 	 411.000000 	 1082.000000 	 384.000000 	 1.000000 
1.000000 	 426.000000 	 1098.000000 	 384.000000 	 1.000000 
1.000000 	 436.000000 	 1107.000000 	 416.000000 	 1.000000 
