stroke_id	 x	 y	 time	 is_writing
1.000000 	 402.000000 	 1023.000000 	 0.000000 	 1.000000 
1.000000 	 410.000000 	 1023.000000 	 62.000000 	 1.000000 
1.000000 	 681.000000 	 1031.000000 	 161.000000 	 1.000000 
1.000000 	 585.000000 	 944.000000 	 243.000000 	 1.000000 
1.000000 	 447.000000 	 753.000000 	 325.000000 	 1.000000 
1.000000 	 590.000000 	 696.000000 	 407.000000 	 1.000000 
1.000000 	 813.000000 	 742.000000 	 489.000000 	 1.000000 
1.000000 	 822.000000 	 750.000000 	 510.000000 	 1.000000 
