stroke_id	 x	 y	 time	 is_writing
1.000000 	 456.000000 	 1174.000000 	 0.000000 	 1.000000 
1.000000 	 455.000000 	 1115.000000 	 128.000000 	 1.000000 
1.000000 	 455.000000 	 949.000000 	 128.000000 	 1.000000 
1.000000 	 455.000000 	 838.000000 	 128.000000 	 1.000000 
1.000000 	 460.000000 	 684.000000 	 128.000000 	 1.000000 
1.000000 	 467.000000 	 566.000000 	 256.000000 	 1.000000 
1.000000 	 471.000000 	 541.000000 	 256.000000 	 1.000000 
1.000000 	 473.000000 	 536.000000 	 256.000000 	 1.000000 
1.000000 	 473.000000 	 536.000000 	 256.000000 	 1.000000 
1.000000 	 446.000000 	 1150.000000 	 384.000000 	 1.000000 
1.000000 	 485.000000 	 1160.000000 	 512.000000 	 1.000000 
1.000000 	 548.000000 	 1165.000000 	 512.000000 	 1.000000 
1.000000 	 613.000000 	 1157.000000 	 512.000000 	 1.000000 
1.000000 	 675.000000 	 1134.000000 	 512.000000 	 1.000000 
1.000000 	 733.000000 	 1097.000000 	 512.000000 	 1.000000 
1.000000 	 770.000000 	 1052.000000 	 512.000000 	 1.000000 
1.000000 	 804.000000 	 991.000000 	 512.000000 	 1.000000 
1.000000 	 822.000000 	 917.000000 	 640.000000 	 1.000000 
1.000000 	 815.000000 	 836.000000 	 640.000000 	 1.000000 
1.000000 	 789.000000 	 756.000000 	 640.000000 	 1.000000 
1.000000 	 756.000000 	 694.000000 	 640.000000 	 1.000000 
1.000000 	 716.000000 	 648.000000 	 640.000000 	 1.000000 
1.000000 	 667.000000 	 603.000000 	 640.000000 	 1.000000 
1.000000 	 615.000000 	 569.000000 	 640.000000 	 1.000000 
1.000000 	 571.000000 	 547.000000 	 640.000000 	 1.000000 
1.000000 	 532.000000 	 534.000000 	 768.000000 	 1.000000 
