stroke_id	 x	 y	 time	 is_writing
1.000000 	 378.000000 	 809.000000 	 0.000000 	 1.000000 
1.000000 	 385.000000 	 810.000000 	 36.000000 	 1.000000 
1.000000 	 446.000000 	 812.000000 	 68.000000 	 1.000000 
1.000000 	 487.000000 	 817.000000 	 84.000000 	 1.000000 
1.000000 	 519.000000 	 823.000000 	 104.000000 	 1.000000 
1.000000 	 542.000000 	 828.000000 	 120.000000 	 1.000000 
1.000000 	 556.000000 	 831.000000 	 136.000000 	 1.000000 
1.000000 	 560.000000 	 831.000000 	 152.000000 	 1.000000 
1.000000 	 559.000000 	 829.000000 	 168.000000 	 1.000000 
1.000000 	 559.000000 	 829.000000 	 180.000000 	 1.000000 
1.000000 	 375.000000 	 696.000000 	 240.000000 	 1.000000 
2.000000 	 388.000000 	 698.000000 	 304.000000 	 1.000000 
2.000000 	 424.000000 	 707.000000 	 320.000000 	 1.000000 
2.000000 	 472.000000 	 720.000000 	 336.000000 	 1.000000 
2.000000 	 520.000000 	 736.000000 	 352.000000 	 1.000000 
2.000000 	 568.000000 	 753.000000 	 372.000000 	 1.000000 
2.000000 	 606.000000 	 769.000000 	 388.000000 	 1.000000 
2.000000 	 616.000000 	 773.000000 	 404.000000 	 1.000000 
