stroke_id	 x	 y	 time	 is_writing
1.000000 	 279.000000 	 790.000000 	 0.000000 	 1.000000 
1.000000 	 278.000000 	 791.000000 	 40.000000 	 1.000000 
1.000000 	 289.000000 	 799.000000 	 56.000000 	 1.000000 
1.000000 	 305.000000 	 806.000000 	 72.000000 	 1.000000 
1.000000 	 428.000000 	 813.000000 	 136.000000 	 1.000000 
1.000000 	 450.000000 	 798.000000 	 152.000000 	 1.000000 
1.000000 	 462.000000 	 783.000000 	 168.000000 	 1.000000 
1.000000 	 465.000000 	 766.000000 	 184.000000 	 1.000000 
1.000000 	 460.000000 	 750.000000 	 200.000000 	 1.000000 
1.000000 	 443.000000 	 731.000000 	 216.000000 	 1.000000 
1.000000 	 418.000000 	 715.000000 	 232.000000 	 1.000000 
1.000000 	 389.000000 	 704.000000 	 248.000000 	 1.000000 
1.000000 	 370.000000 	 697.000000 	 264.000000 	 1.000000 
1.000000 	 353.000000 	 693.000000 	 288.000000 	 1.000000 
1.000000 	 343.000000 	 689.000000 	 304.000000 	 1.000000 
1.000000 	 334.000000 	 685.000000 	 320.000000 	 1.000000 
1.000000 	 328.000000 	 670.000000 	 352.000000 	 1.000000 
1.000000 	 328.000000 	 653.000000 	 368.000000 	 1.000000 
1.000000 	 328.000000 	 636.000000 	 384.000000 	 1.000000 
1.000000 	 330.000000 	 618.000000 	 400.000000 	 1.000000 
1.000000 	 332.000000 	 601.000000 	 416.000000 	 1.000000 
1.000000 	 334.000000 	 586.000000 	 432.000000 	 1.000000 
1.000000 	 334.000000 	 572.000000 	 448.000000 	 1.000000 
1.000000 	 334.000000 	 564.000000 	 488.000000 	 1.000000 
2.000000 	 338.000000 	 449.000000 	 616.000000 	 1.000000 
2.000000 	 335.000000 	 449.000000 	 632.000000 	 1.000000 
2.000000 	 330.000000 	 449.000000 	 648.000000 	 1.000000 
2.000000 	 330.000000 	 448.000000 	 664.000000 	 1.000000 
2.000000 	 332.000000 	 448.000000 	 696.000000 	 1.000000 
