stroke_id	 x	 y	 time	 is_writing
1.000000 	 558.000000 	 1239.000000 	 0.000000 	 1.000000 
1.000000 	 558.000000 	 1239.000000 	 32.000000 	 1.000000 
1.000000 	 531.000000 	 1236.000000 	 48.000000 	 1.000000 
1.000000 	 496.000000 	 1222.000000 	 64.000000 	 1.000000 
1.000000 	 461.000000 	 1196.000000 	 80.000000 	 1.000000 
1.000000 	 423.000000 	 1158.000000 	 96.000000 	 1.000000 
1.000000 	 381.000000 	 1108.000000 	 112.000000 	 1.000000 
1.000000 	 339.000000 	 1053.000000 	 128.000000 	 1.000000 
1.000000 	 299.000000 	 991.000000 	 144.000000 	 1.000000 
1.000000 	 265.000000 	 928.000000 	 160.000000 	 1.000000 
1.000000 	 243.000000 	 870.000000 	 176.000000 	 1.000000 
1.000000 	 231.000000 	 817.000000 	 192.000000 	 1.000000 
1.000000 	 230.000000 	 767.000000 	 208.000000 	 1.000000 
1.000000 	 238.000000 	 718.000000 	 224.000000 	 1.000000 
1.000000 	 263.000000 	 632.000000 	 256.000000 	 1.000000 
1.000000 	 298.000000 	 567.000000 	 288.000000 	 1.000000 
2.000000 	 361.000000 	 515.000000 	 336.000000 	 1.000000 
2.000000 	 408.000000 	 500.000000 	 352.000000 	 1.000000 
2.000000 	 464.000000 	 502.000000 	 368.000000 	 1.000000 
2.000000 	 524.000000 	 525.000000 	 384.000000 	 1.000000 
2.000000 	 576.000000 	 561.000000 	 400.000000 	 1.000000 
2.000000 	 623.000000 	 613.000000 	 416.000000 	 1.000000 
2.000000 	 677.000000 	 728.000000 	 448.000000 	 1.000000 
2.000000 	 685.000000 	 774.000000 	 464.000000 	 1.000000 
2.000000 	 684.000000 	 812.000000 	 480.000000 	 1.000000 
2.000000 	 672.000000 	 841.000000 	 496.000000 	 1.000000 
2.000000 	 652.000000 	 862.000000 	 512.000000 	 1.000000 
2.000000 	 610.000000 	 880.000000 	 528.000000 	 1.000000 
2.000000 	 553.000000 	 884.000000 	 544.000000 	 1.000000 
2.000000 	 492.000000 	 877.000000 	 560.000000 	 1.000000 
2.000000 	 375.000000 	 837.000000 	 592.000000 	 1.000000 
2.000000 	 289.000000 	 792.000000 	 624.000000 	 1.000000 
2.000000 	 242.000000 	 757.000000 	 656.000000 	 1.000000 
2.000000 	 229.000000 	 738.000000 	 672.000000 	 1.000000 
2.000000 	 222.000000 	 720.000000 	 704.000000 	 1.000000 
