stroke_id	 x	 y	 time	 is_writing
1.000000 	 287.000000 	 1272.000000 	 0.000000 	 1.000000 
1.000000 	 288.000000 	 1270.000000 	 0.000000 	 1.000000 
1.000000 	 291.000000 	 1263.000000 	 0.000000 	 1.000000 
1.000000 	 296.000000 	 1251.000000 	 0.000000 	 1.000000 
1.000000 	 349.000000 	 1112.000000 	 64.000000 	 1.000000 
1.000000 	 370.000000 	 1049.000000 	 64.000000 	 1.000000 
1.000000 	 391.000000 	 978.000000 	 64.000000 	 1.000000 
1.000000 	 415.000000 	 904.000000 	 128.000000 	 1.000000 
1.000000 	 443.000000 	 825.000000 	 128.000000 	 1.000000 
1.000000 	 465.000000 	 755.000000 	 128.000000 	 1.000000 
1.000000 	 488.000000 	 698.000000 	 128.000000 	 1.000000 
1.000000 	 504.000000 	 663.000000 	 192.000000 	 1.000000 
1.000000 	 509.000000 	 646.000000 	 192.000000 	 1.000000 
1.000000 	 511.000000 	 643.000000 	 192.000000 	 1.000000 
1.000000 	 507.000000 	 648.000000 	 192.000000 	 1.000000 
1.000000 	 504.000000 	 656.000000 	 256.000000 	 1.000000 
1.000000 	 503.000000 	 672.000000 	 256.000000 	 1.000000 
1.000000 	 512.000000 	 708.000000 	 256.000000 	 1.000000 
1.000000 	 548.000000 	 800.000000 	 256.000000 	 1.000000 
1.000000 	 595.000000 	 917.000000 	 320.000000 	 1.000000 
1.000000 	 630.000000 	 1035.000000 	 320.000000 	 1.000000 
1.000000 	 654.000000 	 1122.000000 	 320.000000 	 1.000000 
1.000000 	 670.000000 	 1178.000000 	 320.000000 	 1.000000 
1.000000 	 681.000000 	 1214.000000 	 384.000000 	 1.000000 
1.000000 	 690.000000 	 1237.000000 	 384.000000 	 1.000000 
1.000000 	 697.000000 	 1254.000000 	 384.000000 	 1.000000 
1.000000 	 705.000000 	 1276.000000 	 448.000000 	 1.000000 
