stroke_id	 x	 y	 time	 is_writing
1.000000 	 293.000000 	 748.000000 	 0.000000 	 1.000000 
1.000000 	 301.000000 	 752.000000 	 80.000000 	 1.000000 
1.000000 	 319.000000 	 754.000000 	 96.000000 	 1.000000 
1.000000 	 340.000000 	 754.000000 	 112.000000 	 1.000000 
1.000000 	 397.000000 	 756.000000 	 144.000000 	 1.000000 
1.000000 	 428.000000 	 758.000000 	 160.000000 	 1.000000 
1.000000 	 455.000000 	 761.000000 	 176.000000 	 1.000000 
1.000000 	 479.000000 	 765.000000 	 192.000000 	 1.000000 
1.000000 	 494.000000 	 766.000000 	 208.000000 	 1.000000 
1.000000 	 507.000000 	 768.000000 	 224.000000 	 1.000000 
1.000000 	 512.000000 	 767.000000 	 240.000000 	 1.000000 
1.000000 	 517.000000 	 767.000000 	 256.000000 	 1.000000 
1.000000 	 517.000000 	 766.000000 	 272.000000 	 1.000000 
2.000000 	 333.000000 	 617.000000 	 512.000000 	 1.000000 
2.000000 	 345.000000 	 618.000000 	 560.000000 	 1.000000 
2.000000 	 367.000000 	 619.000000 	 576.000000 	 1.000000 
2.000000 	 395.000000 	 616.000000 	 592.000000 	 1.000000 
2.000000 	 423.000000 	 613.000000 	 608.000000 	 1.000000 
2.000000 	 448.000000 	 611.000000 	 624.000000 	 1.000000 
2.000000 	 466.000000 	 610.000000 	 640.000000 	 1.000000 
2.000000 	 480.000000 	 611.000000 	 656.000000 	 1.000000 
2.000000 	 494.000000 	 612.000000 	 672.000000 	 1.000000 
2.000000 	 507.000000 	 614.000000 	 688.000000 	 1.000000 
2.000000 	 510.000000 	 615.000000 	 704.000000 	 1.000000 
