stroke_id	 x	 y	 time	 is_writing
1.000000 	 725.000000 	 957.000000 	 0.000000 	 1.000000 
1.000000 	 725.000000 	 957.000000 	 16.000000 	 1.000000 
1.000000 	 699.000000 	 975.000000 	 48.000000 	 1.000000 
1.000000 	 687.000000 	 981.000000 	 48.000000 	 1.000000 
1.000000 	 553.000000 	 1016.000000 	 96.000000 	 1.000000 
1.000000 	 432.000000 	 994.000000 	 128.000000 	 1.000000 
1.000000 	 321.000000 	 929.000000 	 160.000000 	 1.000000 
1.000000 	 281.000000 	 889.000000 	 176.000000 	 1.000000 
1.000000 	 232.000000 	 794.000000 	 224.000000 	 1.000000 
1.000000 	 227.000000 	 755.000000 	 240.000000 	 1.000000 
1.000000 	 231.000000 	 726.000000 	 256.000000 	 1.000000 
1.000000 	 242.000000 	 707.000000 	 272.000000 	 1.000000 
1.000000 	 305.000000 	 680.000000 	 304.000000 	 1.000000 
1.000000 	 360.000000 	 682.000000 	 320.000000 	 1.000000 
1.000000 	 414.000000 	 697.000000 	 336.000000 	 1.000000 
1.000000 	 504.000000 	 748.000000 	 368.000000 	 1.000000 
1.000000 	 572.000000 	 837.000000 	 400.000000 	 1.000000 
1.000000 	 616.000000 	 960.000000 	 432.000000 	 1.000000 
1.000000 	 631.000000 	 1072.000000 	 464.000000 	 1.000000 
1.000000 	 634.000000 	 1133.000000 	 480.000000 	 1.000000 
1.000000 	 634.000000 	 1193.000000 	 496.000000 	 1.000000 
1.000000 	 634.000000 	 1254.000000 	 512.000000 	 1.000000 
1.000000 	 630.000000 	 1360.000000 	 544.000000 	 1.000000 
1.000000 	 623.000000 	 1430.000000 	 576.000000 	 1.000000 
1.000000 	 620.000000 	 1470.000000 	 608.000000 	 1.000000 
1.000000 	 620.000000 	 1474.000000 	 624.000000 	 1.000000 
