stroke_id	 x	 y	 time	 is_writing
1.000000 	 207.000000 	 1197.000000 	 0.000000 	 1.000000 
1.000000 	 229.000000 	 1203.000000 	 40.000000 	 1.000000 
1.000000 	 271.000000 	 1212.000000 	 56.000000 	 1.000000 
1.000000 	 400.000000 	 1244.000000 	 88.000000 	 1.000000 
1.000000 	 479.000000 	 1272.000000 	 104.000000 	 1.000000 
1.000000 	 553.000000 	 1301.000000 	 120.000000 	 1.000000 
1.000000 	 610.000000 	 1323.000000 	 136.000000 	 1.000000 
1.000000 	 652.000000 	 1335.000000 	 156.000000 	 1.000000 
1.000000 	 666.000000 	 1332.000000 	 172.000000 	 1.000000 
1.000000 	 675.000000 	 1319.000000 	 188.000000 	 1.000000 
1.000000 	 676.000000 	 1277.000000 	 204.000000 	 1.000000 
1.000000 	 659.000000 	 1196.000000 	 224.000000 	 1.000000 
1.000000 	 631.000000 	 1100.000000 	 240.000000 	 1.000000 
1.000000 	 601.000000 	 999.000000 	 256.000000 	 1.000000 
1.000000 	 574.000000 	 898.000000 	 272.000000 	 1.000000 
1.000000 	 555.000000 	 808.000000 	 288.000000 	 1.000000 
1.000000 	 539.000000 	 718.000000 	 304.000000 	 1.000000 
1.000000 	 526.000000 	 640.000000 	 320.000000 	 1.000000 
1.000000 	 518.000000 	 577.000000 	 336.000000 	 1.000000 
1.000000 	 511.000000 	 525.000000 	 356.000000 	 1.000000 
1.000000 	 506.000000 	 490.000000 	 372.000000 	 1.000000 
1.000000 	 503.000000 	 475.000000 	 396.000000 	 1.000000 
2.000000 	 719.000000 	 895.000000 	 548.000000 	 1.000000 
2.000000 	 702.000000 	 898.000000 	 568.000000 	 1.000000 
2.000000 	 632.000000 	 898.000000 	 588.000000 	 1.000000 
2.000000 	 553.000000 	 889.000000 	 604.000000 	 1.000000 
2.000000 	 467.000000 	 870.000000 	 624.000000 	 1.000000 
2.000000 	 392.000000 	 853.000000 	 640.000000 	 1.000000 
2.000000 	 330.000000 	 838.000000 	 656.000000 	 1.000000 
2.000000 	 277.000000 	 829.000000 	 672.000000 	 1.000000 
2.000000 	 253.000000 	 827.000000 	 696.000000 	 1.000000 
