stroke_id	 x	 y	 time	 is_writing
1.000000 	 639.000000 	 1001.000000 	 0.000000 	 1.000000 
1.000000 	 538.000000 	 1013.000000 	 67.000000 	 1.000000 
1.000000 	 347.000000 	 836.000000 	 166.000000 	 1.000000 
1.000000 	 555.000000 	 680.000000 	 248.000000 	 1.000000 
1.000000 	 736.000000 	 747.000000 	 330.000000 	 1.000000 
1.000000 	 736.000000 	 748.000000 	 340.000000 	 1.000000 
