stroke_id	 x	 y	 time	 is_writing
1.000000 	 325.000000 	 375.000000 	 0.000000 	 1.000000 
1.000000 	 321.000000 	 404.000000 	 0.000000 	 1.000000 
1.000000 	 319.000000 	 440.000000 	 32.000000 	 1.000000 
1.000000 	 318.000000 	 530.000000 	 32.000000 	 1.000000 
1.000000 	 320.000000 	 649.000000 	 64.000000 	 1.000000 
1.000000 	 325.000000 	 772.000000 	 64.000000 	 1.000000 
1.000000 	 335.000000 	 850.000000 	 96.000000 	 1.000000 
1.000000 	 346.000000 	 893.000000 	 96.000000 	 1.000000 
1.000000 	 351.000000 	 909.000000 	 128.000000 	 1.000000 
1.000000 	 357.000000 	 911.000000 	 128.000000 	 1.000000 
1.000000 	 374.000000 	 884.000000 	 160.000000 	 1.000000 
1.000000 	 410.000000 	 794.000000 	 192.000000 	 1.000000 
1.000000 	 444.000000 	 681.000000 	 192.000000 	 1.000000 
1.000000 	 476.000000 	 573.000000 	 224.000000 	 1.000000 
1.000000 	 511.000000 	 477.000000 	 224.000000 	 1.000000 
1.000000 	 531.000000 	 424.000000 	 256.000000 	 1.000000 
1.000000 	 548.000000 	 394.000000 	 256.000000 	 1.000000 
1.000000 	 570.000000 	 376.000000 	 288.000000 	 1.000000 
1.000000 	 597.000000 	 375.000000 	 288.000000 	 1.000000 
1.000000 	 635.000000 	 407.000000 	 320.000000 	 1.000000 
1.000000 	 667.000000 	 487.000000 	 320.000000 	 1.000000 
1.000000 	 689.000000 	 602.000000 	 352.000000 	 1.000000 
1.000000 	 694.000000 	 734.000000 	 352.000000 	 1.000000 
1.000000 	 694.000000 	 864.000000 	 384.000000 	 1.000000 
1.000000 	 697.000000 	 942.000000 	 384.000000 	 1.000000 
1.000000 	 702.000000 	 989.000000 	 416.000000 	 1.000000 
1.000000 	 707.000000 	 1014.000000 	 416.000000 	 1.000000 
1.000000 	 709.000000 	 1027.000000 	 448.000000 	 1.000000 
1.000000 	 707.000000 	 1037.000000 	 480.000000 	 1.000000 
2.000000 	 394.000000 	 1050.000000 	 672.000000 	 1.000000 
2.000000 	 396.000000 	 1051.000000 	 704.000000 	 1.000000 
2.000000 	 413.000000 	 1057.000000 	 704.000000 	 1.000000 
2.000000 	 457.000000 	 1061.000000 	 736.000000 	 1.000000 
2.000000 	 508.000000 	 1064.000000 	 736.000000 	 1.000000 
2.000000 	 555.000000 	 1070.000000 	 768.000000 	 1.000000 
2.000000 	 590.000000 	 1078.000000 	 768.000000 	 1.000000 
2.000000 	 612.000000 	 1085.000000 	 800.000000 	 1.000000 
2.000000 	 625.000000 	 1089.000000 	 800.000000 	 1.000000 
2.000000 	 631.000000 	 1090.000000 	 832.000000 	 1.000000 
