stroke_id	 x	 y	 time	 is_writing
1.000000 	 305.000000 	 683.000000 	 0.000000 	 1.000000 
1.000000 	 305.000000 	 680.000000 	 36.000000 	 1.000000 
1.000000 	 318.000000 	 673.000000 	 72.000000 	 1.000000 
1.000000 	 333.000000 	 663.000000 	 88.000000 	 1.000000 
1.000000 	 352.000000 	 649.000000 	 104.000000 	 1.000000 
1.000000 	 384.000000 	 626.000000 	 136.000000 	 1.000000 
1.000000 	 396.000000 	 618.000000 	 154.000000 	 1.000000 
1.000000 	 409.000000 	 611.000000 	 172.000000 	 1.000000 
1.000000 	 420.000000 	 608.000000 	 208.000000 	 1.000000 
2.000000 	 403.000000 	 704.000000 	 330.000000 	 1.000000 
2.000000 	 396.000000 	 697.000000 	 354.000000 	 1.000000 
2.000000 	 392.000000 	 681.000000 	 372.000000 	 1.000000 
2.000000 	 386.000000 	 670.000000 	 388.000000 	 1.000000 
2.000000 	 380.000000 	 653.000000 	 404.000000 	 1.000000 
2.000000 	 374.000000 	 638.000000 	 420.000000 	 1.000000 
2.000000 	 372.000000 	 629.000000 	 436.000000 	 1.000000 
2.000000 	 370.000000 	 622.000000 	 454.000000 	 1.000000 
2.000000 	 366.000000 	 612.000000 	 472.000000 	 1.000000 
2.000000 	 364.000000 	 604.000000 	 488.000000 	 1.000000 
2.000000 	 364.000000 	 595.000000 	 504.000000 	 1.000000 
2.000000 	 364.000000 	 587.000000 	 540.000000 	 1.000000 
3.000000 	 368.000000 	 678.000000 	 684.000000 	 1.000000 
3.000000 	 368.000000 	 671.000000 	 704.000000 	 1.000000 
3.000000 	 368.000000 	 655.000000 	 720.000000 	 1.000000 
3.000000 	 370.000000 	 640.000000 	 736.000000 	 1.000000 
3.000000 	 373.000000 	 626.000000 	 754.000000 	 1.000000 
3.000000 	 375.000000 	 611.000000 	 772.000000 	 1.000000 
3.000000 	 378.000000 	 596.000000 	 788.000000 	 1.000000 
3.000000 	 378.000000 	 590.000000 	 804.000000 	 1.000000 
3.000000 	 379.000000 	 584.000000 	 820.000000 	 1.000000 
3.000000 	 379.000000 	 581.000000 	 848.000000 	 1.000000 
3.000000 	 324.000000 	 633.000000 	 926.000000 	 1.000000 
3.000000 	 325.000000 	 633.000000 	 948.000000 	 1.000000 
3.000000 	 334.000000 	 632.000000 	 972.000000 	 1.000000 
3.000000 	 345.000000 	 631.000000 	 988.000000 	 1.000000 
3.000000 	 366.000000 	 630.000000 	 1004.000000 	 1.000000 
3.000000 	 387.000000 	 631.000000 	 1020.000000 	 1.000000 
3.000000 	 412.000000 	 636.000000 	 1058.000000 	 1.000000 
