stroke_id	 x	 y	 time	 is_writing
1.000000 	 520.000000 	 1161.000000 	 48.000000 	 1.000000 
1.000000 	 514.000000 	 1129.000000 	 64.000000 	 1.000000 
1.000000 	 511.000000 	 1096.000000 	 80.000000 	 1.000000 
1.000000 	 513.000000 	 1058.000000 	 96.000000 	 1.000000 
1.000000 	 513.000000 	 1034.000000 	 112.000000 	 1.000000 
1.000000 	 514.000000 	 1021.000000 	 128.000000 	 1.000000 
1.000000 	 515.000000 	 1014.000000 	 152.000000 	 1.000000 
1.000000 	 516.000000 	 1012.000000 	 168.000000 	 1.000000 
1.000000 	 518.000000 	 1013.000000 	 184.000000 	 1.000000 
1.000000 	 526.000000 	 1020.000000 	 200.000000 	 1.000000 
1.000000 	 553.000000 	 1050.000000 	 216.000000 	 1.000000 
1.000000 	 589.000000 	 1085.000000 	 232.000000 	 1.000000 
1.000000 	 629.000000 	 1115.000000 	 248.000000 	 1.000000 
1.000000 	 661.000000 	 1128.000000 	 264.000000 	 1.000000 
1.000000 	 693.000000 	 1131.000000 	 280.000000 	 1.000000 
1.000000 	 710.000000 	 1126.000000 	 296.000000 	 1.000000 
1.000000 	 720.000000 	 1115.000000 	 312.000000 	 1.000000 
1.000000 	 726.000000 	 1099.000000 	 328.000000 	 1.000000 
1.000000 	 726.000000 	 1082.000000 	 344.000000 	 1.000000 
1.000000 	 720.000000 	 1068.000000 	 368.000000 	 1.000000 
1.000000 	 705.000000 	 1056.000000 	 384.000000 	 1.000000 
1.000000 	 678.000000 	 1048.000000 	 400.000000 	 1.000000 
1.000000 	 645.000000 	 1052.000000 	 416.000000 	 1.000000 
1.000000 	 614.000000 	 1066.000000 	 432.000000 	 1.000000 
1.000000 	 583.000000 	 1088.000000 	 448.000000 	 1.000000 
1.000000 	 552.000000 	 1115.000000 	 464.000000 	 1.000000 
1.000000 	 532.000000 	 1151.000000 	 480.000000 	 1.000000 
1.000000 	 527.000000 	 1163.000000 	 504.000000 	 1.000000 
