stroke_id	 x	 y	 time	 is_writing
1.000000 	 450.000000 	 918.000000 	 0.000000 	 1.000000 
1.000000 	 461.000000 	 919.000000 	 32.000000 	 1.000000 
1.000000 	 496.000000 	 920.000000 	 48.000000 	 1.000000 
1.000000 	 554.000000 	 920.000000 	 64.000000 	 1.000000 
1.000000 	 614.000000 	 919.000000 	 80.000000 	 1.000000 
1.000000 	 669.000000 	 915.000000 	 112.000000 	 1.000000 
2.000000 	 447.000000 	 710.000000 	 272.000000 	 1.000000 
2.000000 	 447.000000 	 710.000000 	 272.000000 	 1.000000 
2.000000 	 451.000000 	 711.000000 	 288.000000 	 1.000000 
2.000000 	 475.000000 	 719.000000 	 304.000000 	 1.000000 
2.000000 	 527.000000 	 737.000000 	 320.000000 	 1.000000 
2.000000 	 590.000000 	 757.000000 	 336.000000 	 1.000000 
2.000000 	 650.000000 	 780.000000 	 368.000000 	 1.000000 
