stroke_id	 x	 y	 time	 is_writing
1.000000 	 436.000000 	 1138.000000 	 0.000000 	 1.000000 
1.000000 	 439.000000 	 1121.000000 	 32.000000 	 1.000000 
1.000000 	 441.000000 	 1097.000000 	 48.000000 	 1.000000 
1.000000 	 442.000000 	 1077.000000 	 64.000000 	 1.000000 
1.000000 	 446.000000 	 991.000000 	 80.000000 	 1.000000 
1.000000 	 445.000000 	 958.000000 	 112.000000 	 1.000000 
1.000000 	 445.000000 	 935.000000 	 128.000000 	 1.000000 
1.000000 	 446.000000 	 919.000000 	 144.000000 	 1.000000 
1.000000 	 448.000000 	 919.000000 	 168.000000 	 1.000000 
1.000000 	 448.000000 	 915.000000 	 184.000000 	 1.000000 
1.000000 	 448.000000 	 911.000000 	 200.000000 	 1.000000 
1.000000 	 449.000000 	 913.000000 	 216.000000 	 1.000000 
1.000000 	 449.000000 	 920.000000 	 232.000000 	 1.000000 
1.000000 	 451.000000 	 951.000000 	 248.000000 	 1.000000 
1.000000 	 462.000000 	 1018.000000 	 264.000000 	 1.000000 
1.000000 	 478.000000 	 1063.000000 	 280.000000 	 1.000000 
1.000000 	 487.000000 	 1073.000000 	 296.000000 	 1.000000 
1.000000 	 499.000000 	 1086.000000 	 312.000000 	 1.000000 
1.000000 	 513.000000 	 1097.000000 	 328.000000 	 1.000000 
