stroke_id	 x	 y	 time	 is_writing
1.000000 	 445.000000 	 979.000000 	 0.000000 	 1.000000 
1.000000 	 445.000000 	 979.000000 	 0.000000 	 1.000000 
1.000000 	 450.000000 	 991.000000 	 32.000000 	 1.000000 
1.000000 	 489.000000 	 1065.000000 	 64.000000 	 1.000000 
1.000000 	 512.000000 	 1110.000000 	 96.000000 	 1.000000 
1.000000 	 559.000000 	 1201.000000 	 128.000000 	 1.000000 
1.000000 	 581.000000 	 1240.000000 	 128.000000 	 1.000000 
1.000000 	 598.000000 	 1270.000000 	 160.000000 	 1.000000 
1.000000 	 614.000000 	 1291.000000 	 160.000000 	 1.000000 
1.000000 	 626.000000 	 1299.000000 	 192.000000 	 1.000000 
1.000000 	 630.000000 	 1298.000000 	 192.000000 	 1.000000 
1.000000 	 635.000000 	 1292.000000 	 224.000000 	 1.000000 
1.000000 	 641.000000 	 1272.000000 	 224.000000 	 1.000000 
1.000000 	 643.000000 	 1239.000000 	 256.000000 	 1.000000 
1.000000 	 641.000000 	 1191.000000 	 256.000000 	 1.000000 
1.000000 	 633.000000 	 1135.000000 	 288.000000 	 1.000000 
1.000000 	 630.000000 	 1080.000000 	 288.000000 	 1.000000 
1.000000 	 627.000000 	 1024.000000 	 320.000000 	 1.000000 
1.000000 	 626.000000 	 965.000000 	 352.000000 	 1.000000 
1.000000 	 625.000000 	 912.000000 	 352.000000 	 1.000000 
1.000000 	 625.000000 	 869.000000 	 384.000000 	 1.000000 
1.000000 	 625.000000 	 828.000000 	 384.000000 	 1.000000 
1.000000 	 624.000000 	 794.000000 	 416.000000 	 1.000000 
1.000000 	 622.000000 	 766.000000 	 416.000000 	 1.000000 
1.000000 	 620.000000 	 743.000000 	 448.000000 	 1.000000 
1.000000 	 619.000000 	 728.000000 	 448.000000 	 1.000000 
1.000000 	 618.000000 	 719.000000 	 480.000000 	 1.000000 
1.000000 	 618.000000 	 716.000000 	 480.000000 	 1.000000 
1.000000 	 618.000000 	 716.000000 	 512.000000 	 1.000000 
