stroke_id	 x	 y	 time	 is_writing
1.000000 	 379.000000 	 816.000000 	 0.000000 	 1.000000 
1.000000 	 398.000000 	 847.000000 	 96.000000 	 1.000000 
1.000000 	 424.000000 	 883.000000 	 112.000000 	 1.000000 
1.000000 	 481.000000 	 964.000000 	 144.000000 	 1.000000 
1.000000 	 505.000000 	 1000.000000 	 160.000000 	 1.000000 
1.000000 	 518.000000 	 1033.000000 	 176.000000 	 1.000000 
1.000000 	 521.000000 	 1057.000000 	 192.000000 	 1.000000 
1.000000 	 515.000000 	 1075.000000 	 208.000000 	 1.000000 
1.000000 	 498.000000 	 1090.000000 	 224.000000 	 1.000000 
1.000000 	 448.000000 	 1104.000000 	 264.000000 	 1.000000 
1.000000 	 428.000000 	 1099.000000 	 280.000000 	 1.000000 
1.000000 	 427.000000 	 1070.000000 	 312.000000 	 1.000000 
1.000000 	 446.000000 	 1027.000000 	 328.000000 	 1.000000 
1.000000 	 482.000000 	 925.000000 	 360.000000 	 1.000000 
1.000000 	 523.000000 	 840.000000 	 392.000000 	 1.000000 
1.000000 	 550.000000 	 809.000000 	 424.000000 	 1.000000 
1.000000 	 552.000000 	 809.000000 	 448.000000 	 1.000000 
2.000000 	 377.000000 	 939.000000 	 584.000000 	 1.000000 
2.000000 	 410.000000 	 948.000000 	 632.000000 	 1.000000 
2.000000 	 448.000000 	 955.000000 	 640.000000 	 1.000000 
2.000000 	 550.000000 	 983.000000 	 680.000000 	 1.000000 
2.000000 	 581.000000 	 1001.000000 	 704.000000 	 1.000000 
