stroke_id	 x	 y	 time	 is_writing
1.000000 	 451.000000 	 1166.000000 	 0.000000 	 1.000000 
1.000000 	 455.000000 	 1166.000000 	 64.000000 	 1.000000 
1.000000 	 469.000000 	 1167.000000 	 80.000000 	 1.000000 
1.000000 	 495.000000 	 1169.000000 	 96.000000 	 1.000000 
1.000000 	 529.000000 	 1171.000000 	 112.000000 	 1.000000 
1.000000 	 558.000000 	 1175.000000 	 128.000000 	 1.000000 
1.000000 	 577.000000 	 1177.000000 	 160.000000 	 1.000000 
2.000000 	 462.000000 	 1085.000000 	 288.000000 	 1.000000 
2.000000 	 463.000000 	 1086.000000 	 352.000000 	 1.000000 
2.000000 	 478.000000 	 1088.000000 	 368.000000 	 1.000000 
2.000000 	 512.000000 	 1091.000000 	 384.000000 	 1.000000 
2.000000 	 532.000000 	 1094.000000 	 400.000000 	 1.000000 
