stroke_id	 x	 y	 time	 is_writing
1.000000 	 698.000000 	 1345.000000 	 0.000000 	 1.000000 
1.000000 	 698.000000 	 1345.000000 	 16.000000 	 1.000000 
1.000000 	 688.000000 	 1344.000000 	 48.000000 	 1.000000 
1.000000 	 667.000000 	 1327.000000 	 64.000000 	 1.000000 
1.000000 	 602.000000 	 1238.000000 	 96.000000 	 1.000000 
1.000000 	 591.000000 	 1210.000000 	 112.000000 	 1.000000 
1.000000 	 586.000000 	 1170.000000 	 144.000000 	 1.000000 
1.000000 	 610.000000 	 1159.000000 	 176.000000 	 1.000000 
1.000000 	 660.000000 	 1168.000000 	 208.000000 	 1.000000 
1.000000 	 674.000000 	 1175.000000 	 224.000000 	 1.000000 
1.000000 	 681.000000 	 1178.000000 	 264.000000 	 1.000000 
1.000000 	 676.000000 	 1169.000000 	 280.000000 	 1.000000 
1.000000 	 634.000000 	 1090.000000 	 312.000000 	 1.000000 
1.000000 	 617.000000 	 1051.000000 	 328.000000 	 1.000000 
1.000000 	 605.000000 	 1014.000000 	 360.000000 	 1.000000 
1.000000 	 605.000000 	 1010.000000 	 376.000000 	 1.000000 
1.000000 	 613.000000 	 1006.000000 	 408.000000 	 1.000000 
1.000000 	 619.000000 	 1003.000000 	 424.000000 	 1.000000 
1.000000 	 620.000000 	 1002.000000 	 424.000000 	 1.000000 
1.000000 	 630.000000 	 945.000000 	 464.000000 	 1.000000 
1.000000 	 614.000000 	 850.000000 	 496.000000 	 1.000000 
1.000000 	 608.000000 	 799.000000 	 512.000000 	 1.000000 
1.000000 	 621.000000 	 749.000000 	 544.000000 	 1.000000 
1.000000 	 650.000000 	 736.000000 	 560.000000 	 1.000000 
1.000000 	 708.000000 	 757.000000 	 592.000000 	 1.000000 
