stroke_id	 x	 y	 time	 is_writing
1.000000 	 549.000000 	 1082.000000 	 0.000000 	 1.000000 
1.000000 	 530.000000 	 1102.000000 	 32.000000 	 1.000000 
1.000000 	 499.000000 	 1127.000000 	 64.000000 	 1.000000 
1.000000 	 452.000000 	 1131.000000 	 96.000000 	 1.000000 
1.000000 	 423.000000 	 1112.000000 	 96.000000 	 1.000000 
1.000000 	 396.000000 	 1083.000000 	 128.000000 	 1.000000 
1.000000 	 386.000000 	 1060.000000 	 128.000000 	 1.000000 
1.000000 	 381.000000 	 1027.000000 	 160.000000 	 1.000000 
1.000000 	 387.000000 	 1011.000000 	 160.000000 	 1.000000 
1.000000 	 398.000000 	 996.000000 	 192.000000 	 1.000000 
1.000000 	 424.000000 	 991.000000 	 224.000000 	 1.000000 
1.000000 	 455.000000 	 996.000000 	 224.000000 	 1.000000 
1.000000 	 487.000000 	 1016.000000 	 256.000000 	 1.000000 
1.000000 	 513.000000 	 1040.000000 	 256.000000 	 1.000000 
1.000000 	 525.000000 	 1066.000000 	 288.000000 	 1.000000 
1.000000 	 528.000000 	 1077.000000 	 288.000000 	 1.000000 
1.000000 	 532.000000 	 1094.000000 	 320.000000 	 1.000000 
1.000000 	 532.000000 	 1099.000000 	 320.000000 	 1.000000 
1.000000 	 532.000000 	 1102.000000 	 352.000000 	 1.000000 
1.000000 	 532.000000 	 1098.000000 	 352.000000 	 1.000000 
1.000000 	 532.000000 	 1081.000000 	 384.000000 	 1.000000 
1.000000 	 531.000000 	 1064.000000 	 384.000000 	 1.000000 
1.000000 	 532.000000 	 1012.000000 	 416.000000 	 1.000000 
1.000000 	 532.000000 	 968.000000 	 416.000000 	 1.000000 
1.000000 	 536.000000 	 925.000000 	 448.000000 	 1.000000 
1.000000 	 538.000000 	 882.000000 	 448.000000 	 1.000000 
1.000000 	 537.000000 	 843.000000 	 480.000000 	 1.000000 
1.000000 	 539.000000 	 818.000000 	 480.000000 	 1.000000 
1.000000 	 540.000000 	 789.000000 	 512.000000 	 1.000000 
1.000000 	 545.000000 	 769.000000 	 544.000000 	 1.000000 
