stroke_id	 x	 y	 time	 is_writing
1.000000 	 690.000000 	 1544.000000 	 0.000000 	 1.000000 
1.000000 	 693.000000 	 1548.000000 	 32.000000 	 1.000000 
1.000000 	 709.000000 	 1552.000000 	 32.000000 	 1.000000 
1.000000 	 738.000000 	 1555.000000 	 64.000000 	 1.000000 
1.000000 	 896.000000 	 1541.000000 	 64.000000 	 1.000000 
1.000000 	 976.000000 	 1503.000000 	 96.000000 	 1.000000 
1.000000 	 1017.000000 	 1450.000000 	 96.000000 	 1.000000 
1.000000 	 1026.000000 	 1384.000000 	 128.000000 	 1.000000 
1.000000 	 1008.000000 	 1303.000000 	 128.000000 	 1.000000 
1.000000 	 973.000000 	 1220.000000 	 160.000000 	 1.000000 
1.000000 	 931.000000 	 1140.000000 	 160.000000 	 1.000000 
1.000000 	 892.000000 	 1066.000000 	 192.000000 	 1.000000 
1.000000 	 860.000000 	 998.000000 	 224.000000 	 1.000000 
1.000000 	 835.000000 	 930.000000 	 224.000000 	 1.000000 
1.000000 	 817.000000 	 860.000000 	 256.000000 	 1.000000 
1.000000 	 806.000000 	 791.000000 	 256.000000 	 1.000000 
1.000000 	 801.000000 	 735.000000 	 288.000000 	 1.000000 
1.000000 	 800.000000 	 692.000000 	 288.000000 	 1.000000 
1.000000 	 799.000000 	 659.000000 	 320.000000 	 1.000000 
1.000000 	 798.000000 	 627.000000 	 320.000000 	 1.000000 
1.000000 	 799.000000 	 591.000000 	 352.000000 	 1.000000 
