stroke_id	 x	 y	 time	 is_writing
1.000000 	 351.000000 	 931.000000 	 0.000000 	 1.000000 
1.000000 	 351.000000 	 931.000000 	 32.000000 	 1.000000 
1.000000 	 351.000000 	 936.000000 	 32.000000 	 1.000000 
1.000000 	 360.000000 	 950.000000 	 64.000000 	 1.000000 
1.000000 	 384.000000 	 970.000000 	 64.000000 	 1.000000 
1.000000 	 428.000000 	 994.000000 	 96.000000 	 1.000000 
1.000000 	 478.000000 	 1005.000000 	 96.000000 	 1.000000 
1.000000 	 525.000000 	 1001.000000 	 128.000000 	 1.000000 
1.000000 	 556.000000 	 988.000000 	 128.000000 	 1.000000 
1.000000 	 576.000000 	 967.000000 	 160.000000 	 1.000000 
1.000000 	 589.000000 	 936.000000 	 160.000000 	 1.000000 
1.000000 	 589.000000 	 896.000000 	 192.000000 	 1.000000 
1.000000 	 573.000000 	 869.000000 	 192.000000 	 1.000000 
1.000000 	 549.000000 	 850.000000 	 224.000000 	 1.000000 
1.000000 	 517.000000 	 836.000000 	 224.000000 	 1.000000 
1.000000 	 496.000000 	 830.000000 	 256.000000 	 1.000000 
1.000000 	 484.000000 	 825.000000 	 256.000000 	 1.000000 
1.000000 	 475.000000 	 808.000000 	 288.000000 	 1.000000 
1.000000 	 471.000000 	 782.000000 	 288.000000 	 1.000000 
1.000000 	 471.000000 	 742.000000 	 320.000000 	 1.000000 
1.000000 	 472.000000 	 706.000000 	 320.000000 	 1.000000 
1.000000 	 473.000000 	 665.000000 	 352.000000 	 1.000000 
1.000000 	 473.000000 	 639.000000 	 384.000000 	 1.000000 
1.000000 	 473.000000 	 614.000000 	 384.000000 	 1.000000 
1.000000 	 473.000000 	 597.000000 	 416.000000 	 1.000000 
2.000000 	 504.000000 	 472.000000 	 864.000000 	 1.000000 
2.000000 	 504.000000 	 472.000000 	 896.000000 	 1.000000 
2.000000 	 504.000000 	 472.000000 	 928.000000 	 1.000000 
2.000000 	 504.000000 	 472.000000 	 960.000000 	 1.000000 
