stroke_id	 x	 y	 time	 is_writing
1.000000 	 721.000000 	 1405.000000 	 0.000000 	 1.000000 
1.000000 	 721.000000 	 1405.000000 	 64.000000 	 1.000000 
1.000000 	 689.000000 	 1403.000000 	 64.000000 	 1.000000 
1.000000 	 645.000000 	 1397.000000 	 64.000000 	 1.000000 
1.000000 	 531.000000 	 1360.000000 	 128.000000 	 1.000000 
1.000000 	 446.000000 	 1300.000000 	 128.000000 	 1.000000 
1.000000 	 425.000000 	 1246.000000 	 192.000000 	 1.000000 
1.000000 	 439.000000 	 1220.000000 	 192.000000 	 1.000000 
1.000000 	 469.000000 	 1207.000000 	 192.000000 	 1.000000 
1.000000 	 571.000000 	 1247.000000 	 256.000000 	 1.000000 
1.000000 	 614.000000 	 1293.000000 	 256.000000 	 1.000000 
1.000000 	 644.000000 	 1340.000000 	 256.000000 	 1.000000 
1.000000 	 664.000000 	 1382.000000 	 320.000000 	 1.000000 
1.000000 	 680.000000 	 1434.000000 	 320.000000 	 1.000000 
1.000000 	 681.000000 	 1447.000000 	 384.000000 	 1.000000 
1.000000 	 679.000000 	 1416.000000 	 384.000000 	 1.000000 
1.000000 	 678.000000 	 1345.000000 	 384.000000 	 1.000000 
1.000000 	 680.000000 	 1253.000000 	 384.000000 	 1.000000 
1.000000 	 684.000000 	 1161.000000 	 448.000000 	 1.000000 
1.000000 	 689.000000 	 1084.000000 	 448.000000 	 1.000000 
1.000000 	 696.000000 	 979.000000 	 448.000000 	 1.000000 
1.000000 	 698.000000 	 949.000000 	 512.000000 	 1.000000 
1.000000 	 700.000000 	 931.000000 	 512.000000 	 1.000000 
1.000000 	 702.000000 	 922.000000 	 512.000000 	 1.000000 
1.000000 	 702.000000 	 918.000000 	 576.000000 	 1.000000 
