stroke_id	 x	 y	 time	 is_writing
1.000000 	 353.000000 	 1209.000000 	 0.000000 	 1.000000 
1.000000 	 353.000000 	 1209.000000 	 32.000000 	 1.000000 
1.000000 	 354.000000 	 1210.000000 	 32.000000 	 1.000000 
1.000000 	 359.000000 	 1210.000000 	 64.000000 	 1.000000 
1.000000 	 374.000000 	 1209.000000 	 64.000000 	 1.000000 
1.000000 	 401.000000 	 1200.000000 	 96.000000 	 1.000000 
1.000000 	 435.000000 	 1183.000000 	 96.000000 	 1.000000 
1.000000 	 468.000000 	 1159.000000 	 128.000000 	 1.000000 
1.000000 	 494.000000 	 1121.000000 	 128.000000 	 1.000000 
1.000000 	 515.000000 	 1074.000000 	 160.000000 	 1.000000 
1.000000 	 528.000000 	 1018.000000 	 160.000000 	 1.000000 
1.000000 	 527.000000 	 949.000000 	 192.000000 	 1.000000 
1.000000 	 515.000000 	 877.000000 	 192.000000 	 1.000000 
1.000000 	 494.000000 	 817.000000 	 224.000000 	 1.000000 
1.000000 	 469.000000 	 771.000000 	 224.000000 	 1.000000 
1.000000 	 433.000000 	 727.000000 	 256.000000 	 1.000000 
1.000000 	 398.000000 	 686.000000 	 256.000000 	 1.000000 
1.000000 	 364.000000 	 671.000000 	 288.000000 	 1.000000 
1.000000 	 334.000000 	 671.000000 	 288.000000 	 1.000000 
1.000000 	 306.000000 	 679.000000 	 320.000000 	 1.000000 
1.000000 	 288.000000 	 708.000000 	 352.000000 	 1.000000 
1.000000 	 295.000000 	 718.000000 	 384.000000 	 1.000000 
1.000000 	 362.000000 	 730.000000 	 416.000000 	 1.000000 
1.000000 	 433.000000 	 725.000000 	 416.000000 	 1.000000 
1.000000 	 561.000000 	 702.000000 	 448.000000 	 1.000000 
1.000000 	 613.000000 	 689.000000 	 480.000000 	 1.000000 
1.000000 	 653.000000 	 681.000000 	 480.000000 	 1.000000 
1.000000 	 685.000000 	 676.000000 	 512.000000 	 1.000000 
1.000000 	 718.000000 	 679.000000 	 512.000000 	 1.000000 
1.000000 	 768.000000 	 694.000000 	 544.000000 	 1.000000 
