stroke_id	 x	 y	 time	 is_writing
1.000000 	 245.000000 	 848.000000 	 0.000000 	 1.000000 
1.000000 	 245.000000 	 849.000000 	 13.000000 	 1.000000 
1.000000 	 251.000000 	 853.000000 	 30.000000 	 1.000000 
1.000000 	 275.000000 	 871.000000 	 46.000000 	 1.000000 
1.000000 	 320.000000 	 911.000000 	 63.000000 	 1.000000 
1.000000 	 377.000000 	 973.000000 	 80.000000 	 1.000000 
1.000000 	 436.000000 	 1051.000000 	 96.000000 	 1.000000 
1.000000 	 487.000000 	 1127.000000 	 113.000000 	 1.000000 
1.000000 	 522.000000 	 1185.000000 	 129.000000 	 1.000000 
1.000000 	 539.000000 	 1215.000000 	 146.000000 	 1.000000 
1.000000 	 544.000000 	 1226.000000 	 163.000000 	 1.000000 
2.000000 	 541.000000 	 1220.000000 	 196.000000 	 1.000000 
2.000000 	 527.000000 	 1158.000000 	 212.000000 	 1.000000 
2.000000 	 521.000000 	 1070.000000 	 229.000000 	 1.000000 
2.000000 	 527.000000 	 980.000000 	 246.000000 	 1.000000 
2.000000 	 539.000000 	 904.000000 	 262.000000 	 1.000000 
2.000000 	 552.000000 	 847.000000 	 279.000000 	 1.000000 
2.000000 	 561.000000 	 810.000000 	 295.000000 	 1.000000 
2.000000 	 565.000000 	 793.000000 	 312.000000 	 1.000000 
2.000000 	 565.000000 	 785.000000 	 329.000000 	 1.000000 
2.000000 	 561.000000 	 781.000000 	 345.000000 	 1.000000 
2.000000 	 536.000000 	 775.000000 	 362.000000 	 1.000000 
2.000000 	 479.000000 	 773.000000 	 378.000000 	 1.000000 
2.000000 	 410.000000 	 772.000000 	 395.000000 	 1.000000 
2.000000 	 339.000000 	 768.000000 	 412.000000 	 1.000000 
2.000000 	 279.000000 	 758.000000 	 428.000000 	 1.000000 
2.000000 	 240.000000 	 748.000000 	 445.000000 	 1.000000 
2.000000 	 218.000000 	 741.000000 	 461.000000 	 1.000000 
2.000000 	 210.000000 	 738.000000 	 478.000000 	 1.000000 
2.000000 	 208.000000 	 738.000000 	 494.000000 	 1.000000 
2.000000 	 238.000000 	 740.000000 	 511.000000 	 1.000000 
2.000000 	 333.000000 	 753.000000 	 528.000000 	 1.000000 
2.000000 	 441.000000 	 765.000000 	 544.000000 	 1.000000 
2.000000 	 539.000000 	 773.000000 	 561.000000 	 1.000000 
2.000000 	 622.000000 	 779.000000 	 577.000000 	 1.000000 
2.000000 	 686.000000 	 785.000000 	 594.000000 	 1.000000 
2.000000 	 733.000000 	 793.000000 	 611.000000 	 1.000000 
2.000000 	 750.000000 	 799.000000 	 630.000000 	 1.000000 
