stroke_id	 x	 y	 time	 is_writing
1.000000 	 567.000000 	 1069.000000 	 0.000000 	 1.000000 
1.000000 	 565.000000 	 1070.000000 	 32.000000 	 1.000000 
1.000000 	 556.000000 	 1072.000000 	 64.000000 	 1.000000 
1.000000 	 442.000000 	 1044.000000 	 96.000000 	 1.000000 
1.000000 	 378.000000 	 976.000000 	 128.000000 	 1.000000 
1.000000 	 362.000000 	 911.000000 	 160.000000 	 1.000000 
1.000000 	 400.000000 	 836.000000 	 192.000000 	 1.000000 
1.000000 	 557.000000 	 831.000000 	 224.000000 	 1.000000 
1.000000 	 667.000000 	 869.000000 	 256.000000 	 1.000000 
