stroke_id	 x	 y	 time	 is_writing
1.000000 	 295.000000 	 567.000000 	 0.000000 	 1.000000 
1.000000 	 295.000000 	 567.000000 	 32.000000 	 1.000000 
1.000000 	 295.000000 	 567.000000 	 32.000000 	 1.000000 
1.000000 	 295.000000 	 567.000000 	 64.000000 	 1.000000 
1.000000 	 310.000000 	 578.000000 	 64.000000 	 1.000000 
1.000000 	 348.000000 	 611.000000 	 96.000000 	 1.000000 
1.000000 	 388.000000 	 650.000000 	 96.000000 	 1.000000 
1.000000 	 417.000000 	 682.000000 	 128.000000 	 1.000000 
1.000000 	 435.000000 	 709.000000 	 128.000000 	 1.000000 
1.000000 	 443.000000 	 737.000000 	 160.000000 	 1.000000 
1.000000 	 441.000000 	 763.000000 	 160.000000 	 1.000000 
1.000000 	 429.000000 	 779.000000 	 192.000000 	 1.000000 
1.000000 	 414.000000 	 781.000000 	 192.000000 	 1.000000 
1.000000 	 407.000000 	 776.000000 	 224.000000 	 1.000000 
1.000000 	 387.000000 	 755.000000 	 224.000000 	 1.000000 
1.000000 	 344.000000 	 674.000000 	 288.000000 	 1.000000 
1.000000 	 334.000000 	 623.000000 	 288.000000 	 1.000000 
1.000000 	 331.000000 	 570.000000 	 320.000000 	 1.000000 
1.000000 	 333.000000 	 519.000000 	 320.000000 	 1.000000 
1.000000 	 339.000000 	 475.000000 	 352.000000 	 1.000000 
1.000000 	 344.000000 	 445.000000 	 352.000000 	 1.000000 
1.000000 	 347.000000 	 429.000000 	 384.000000 	 1.000000 
1.000000 	 349.000000 	 408.000000 	 416.000000 	 1.000000 
2.000000 	 296.000000 	 497.000000 	 704.000000 	 1.000000 
2.000000 	 296.000000 	 497.000000 	 704.000000 	 1.000000 
2.000000 	 296.000000 	 497.000000 	 736.000000 	 1.000000 
2.000000 	 308.000000 	 503.000000 	 736.000000 	 1.000000 
2.000000 	 334.000000 	 510.000000 	 768.000000 	 1.000000 
2.000000 	 369.000000 	 522.000000 	 768.000000 	 1.000000 
2.000000 	 408.000000 	 536.000000 	 800.000000 	 1.000000 
