stroke_id	 x	 y	 time	 is_writing
1.000000 	 335.000000 	 831.000000 	 0.000000 	 1.000000 
1.000000 	 326.000000 	 779.000000 	 88.000000 	 1.000000 
1.000000 	 323.000000 	 731.000000 	 108.000000 	 1.000000 
1.000000 	 323.000000 	 670.000000 	 124.000000 	 1.000000 
1.000000 	 325.000000 	 602.000000 	 140.000000 	 1.000000 
1.000000 	 326.000000 	 536.000000 	 156.000000 	 1.000000 
1.000000 	 324.000000 	 500.000000 	 172.000000 	 1.000000 
1.000000 	 323.000000 	 491.000000 	 188.000000 	 1.000000 
1.000000 	 323.000000 	 490.000000 	 224.000000 	 1.000000 
