stroke_id	 x	 y	 time	 is_writing
1.000000 	 368.000000 	 730.000000 	 48.000000 	 1.000000 
1.000000 	 346.000000 	 736.000000 	 64.000000 	 1.000000 
1.000000 	 306.000000 	 740.000000 	 80.000000 	 1.000000 
1.000000 	 277.000000 	 737.000000 	 96.000000 	 1.000000 
1.000000 	 259.000000 	 736.000000 	 112.000000 	 1.000000 
1.000000 	 248.000000 	 735.000000 	 128.000000 	 1.000000 
1.000000 	 241.000000 	 727.000000 	 160.000000 	 1.000000 
1.000000 	 243.000000 	 715.000000 	 176.000000 	 1.000000 
1.000000 	 254.000000 	 702.000000 	 192.000000 	 1.000000 
1.000000 	 284.000000 	 682.000000 	 208.000000 	 1.000000 
1.000000 	 322.000000 	 655.000000 	 232.000000 	 1.000000 
1.000000 	 352.000000 	 629.000000 	 248.000000 	 1.000000 
1.000000 	 379.000000 	 603.000000 	 264.000000 	 1.000000 
1.000000 	 400.000000 	 578.000000 	 280.000000 	 1.000000 
1.000000 	 414.000000 	 554.000000 	 296.000000 	 1.000000 
1.000000 	 421.000000 	 537.000000 	 312.000000 	 1.000000 
1.000000 	 421.000000 	 529.000000 	 328.000000 	 1.000000 
1.000000 	 412.000000 	 511.000000 	 344.000000 	 1.000000 
1.000000 	 393.000000 	 498.000000 	 360.000000 	 1.000000 
1.000000 	 359.000000 	 502.000000 	 384.000000 	 1.000000 
1.000000 	 319.000000 	 517.000000 	 400.000000 	 1.000000 
1.000000 	 294.000000 	 535.000000 	 416.000000 	 1.000000 
1.000000 	 272.000000 	 561.000000 	 432.000000 	 1.000000 
1.000000 	 267.000000 	 569.000000 	 448.000000 	 1.000000 
