stroke_id	 x	 y	 time	 is_writing
1.000000 	 152.000000 	 575.000000 	 0.000000 	 1.000000 
1.000000 	 178.000000 	 575.000000 	 32.000000 	 1.000000 
1.000000 	 207.000000 	 575.000000 	 32.000000 	 1.000000 
1.000000 	 255.000000 	 572.000000 	 64.000000 	 1.000000 
1.000000 	 297.000000 	 570.000000 	 64.000000 	 1.000000 
1.000000 	 337.000000 	 570.000000 	 96.000000 	 1.000000 
1.000000 	 373.000000 	 570.000000 	 96.000000 	 1.000000 
1.000000 	 406.000000 	 570.000000 	 128.000000 	 1.000000 
1.000000 	 425.000000 	 568.000000 	 128.000000 	 1.000000 
1.000000 	 435.000000 	 566.000000 	 160.000000 	 1.000000 
1.000000 	 443.000000 	 561.000000 	 160.000000 	 1.000000 
1.000000 	 441.000000 	 545.000000 	 192.000000 	 1.000000 
1.000000 	 430.000000 	 521.000000 	 192.000000 	 1.000000 
1.000000 	 386.000000 	 472.000000 	 224.000000 	 1.000000 
1.000000 	 340.000000 	 426.000000 	 256.000000 	 1.000000 
1.000000 	 286.000000 	 380.000000 	 256.000000 	 1.000000 
1.000000 	 235.000000 	 336.000000 	 288.000000 	 1.000000 
1.000000 	 191.000000 	 300.000000 	 288.000000 	 1.000000 
1.000000 	 158.000000 	 273.000000 	 320.000000 	 1.000000 
1.000000 	 148.000000 	 262.000000 	 320.000000 	 1.000000 
1.000000 	 143.000000 	 256.000000 	 352.000000 	 1.000000 
1.000000 	 142.000000 	 256.000000 	 352.000000 	 1.000000 
1.000000 	 151.000000 	 249.000000 	 384.000000 	 1.000000 
1.000000 	 172.000000 	 242.000000 	 384.000000 	 1.000000 
1.000000 	 201.000000 	 242.000000 	 416.000000 	 1.000000 
1.000000 	 247.000000 	 242.000000 	 416.000000 	 1.000000 
1.000000 	 287.000000 	 248.000000 	 448.000000 	 1.000000 
1.000000 	 322.000000 	 251.000000 	 448.000000 	 1.000000 
1.000000 	 342.000000 	 254.000000 	 480.000000 	 1.000000 
