stroke_id	 x	 y	 time	 is_writing
1.000000 	 669.000000 	 1058.000000 	 0.000000 	 1.000000 
1.000000 	 669.000000 	 1058.000000 	 16.000000 	 1.000000 
1.000000 	 665.000000 	 1061.000000 	 32.000000 	 1.000000 
1.000000 	 658.000000 	 1065.000000 	 48.000000 	 1.000000 
1.000000 	 645.000000 	 1070.000000 	 64.000000 	 1.000000 
1.000000 	 628.000000 	 1072.000000 	 80.000000 	 1.000000 
1.000000 	 589.000000 	 1064.000000 	 96.000000 	 1.000000 
1.000000 	 547.000000 	 1039.000000 	 112.000000 	 1.000000 
1.000000 	 515.000000 	 1000.000000 	 128.000000 	 1.000000 
1.000000 	 485.000000 	 947.000000 	 144.000000 	 1.000000 
1.000000 	 468.000000 	 895.000000 	 160.000000 	 1.000000 
1.000000 	 459.000000 	 840.000000 	 176.000000 	 1.000000 
1.000000 	 461.000000 	 801.000000 	 192.000000 	 1.000000 
1.000000 	 470.000000 	 770.000000 	 208.000000 	 1.000000 
1.000000 	 485.000000 	 751.000000 	 224.000000 	 1.000000 
1.000000 	 513.000000 	 735.000000 	 240.000000 	 1.000000 
1.000000 	 575.000000 	 726.000000 	 256.000000 	 1.000000 
1.000000 	 637.000000 	 737.000000 	 272.000000 	 1.000000 
1.000000 	 666.000000 	 756.000000 	 288.000000 	 1.000000 
2.000000 	 696.000000 	 792.000000 	 320.000000 	 1.000000 
2.000000 	 715.000000 	 834.000000 	 336.000000 	 1.000000 
2.000000 	 726.000000 	 883.000000 	 352.000000 	 1.000000 
2.000000 	 730.000000 	 929.000000 	 368.000000 	 1.000000 
2.000000 	 727.000000 	 964.000000 	 384.000000 	 1.000000 
2.000000 	 717.000000 	 996.000000 	 400.000000 	 1.000000 
2.000000 	 698.000000 	 1025.000000 	 416.000000 	 1.000000 
2.000000 	 677.000000 	 1057.000000 	 432.000000 	 1.000000 
2.000000 	 659.000000 	 1078.000000 	 448.000000 	 1.000000 
2.000000 	 647.000000 	 1087.000000 	 464.000000 	 1.000000 
2.000000 	 638.000000 	 1089.000000 	 480.000000 	 1.000000 
2.000000 	 628.000000 	 1080.000000 	 496.000000 	 1.000000 
2.000000 	 627.000000 	 1079.000000 	 512.000000 	 1.000000 
