stroke_id	 x	 y	 time	 is_writing
1.000000 	 343.000000 	 894.000000 	 0.000000 	 1.000000 
1.000000 	 373.000000 	 889.000000 	 64.000000 	 1.000000 
1.000000 	 405.000000 	 886.000000 	 128.000000 	 1.000000 
1.000000 	 476.000000 	 882.000000 	 128.000000 	 1.000000 
1.000000 	 555.000000 	 885.000000 	 192.000000 	 1.000000 
2.000000 	 356.000000 	 743.000000 	 1024.000000 	 1.000000 
2.000000 	 378.000000 	 747.000000 	 1088.000000 	 1.000000 
2.000000 	 405.000000 	 751.000000 	 1088.000000 	 1.000000 
2.000000 	 435.000000 	 756.000000 	 1088.000000 	 1.000000 
2.000000 	 464.000000 	 760.000000 	 1088.000000 	 1.000000 
2.000000 	 496.000000 	 763.000000 	 1152.000000 	 1.000000 
2.000000 	 525.000000 	 763.000000 	 1152.000000 	 1.000000 
2.000000 	 554.000000 	 761.000000 	 1152.000000 	 1.000000 
2.000000 	 584.000000 	 761.000000 	 1152.000000 	 1.000000 
2.000000 	 614.000000 	 761.000000 	 1216.000000 	 1.000000 
