stroke_id	 x	 y	 time	 is_writing
1.000000 	 382.000000 	 542.000000 	 0.000000 	 1.000000 
1.000000 	 376.000000 	 560.000000 	 64.000000 	 1.000000 
1.000000 	 371.000000 	 600.000000 	 64.000000 	 1.000000 
1.000000 	 367.000000 	 640.000000 	 96.000000 	 1.000000 
1.000000 	 366.000000 	 751.000000 	 96.000000 	 1.000000 
1.000000 	 366.000000 	 804.000000 	 128.000000 	 1.000000 
1.000000 	 366.000000 	 878.000000 	 128.000000 	 1.000000 
1.000000 	 367.000000 	 920.000000 	 160.000000 	 1.000000 
1.000000 	 372.000000 	 987.000000 	 160.000000 	 1.000000 
1.000000 	 383.000000 	 1047.000000 	 192.000000 	 1.000000 
1.000000 	 398.000000 	 1073.000000 	 224.000000 	 1.000000 
1.000000 	 404.000000 	 1073.000000 	 224.000000 	 1.000000 
1.000000 	 429.000000 	 1069.000000 	 256.000000 	 1.000000 
1.000000 	 458.000000 	 1052.000000 	 256.000000 	 1.000000 
1.000000 	 517.000000 	 970.000000 	 288.000000 	 1.000000 
1.000000 	 517.000000 	 962.000000 	 320.000000 	 1.000000 
1.000000 	 516.000000 	 929.000000 	 352.000000 	 1.000000 
1.000000 	 510.000000 	 905.000000 	 352.000000 	 1.000000 
1.000000 	 473.000000 	 839.000000 	 384.000000 	 1.000000 
1.000000 	 437.000000 	 804.000000 	 384.000000 	 1.000000 
1.000000 	 400.000000 	 774.000000 	 416.000000 	 1.000000 
1.000000 	 373.000000 	 760.000000 	 416.000000 	 1.000000 
1.000000 	 356.000000 	 753.000000 	 448.000000 	 1.000000 
1.000000 	 355.000000 	 754.000000 	 448.000000 	 1.000000 
1.000000 	 354.000000 	 754.000000 	 448.000000 	 1.000000 
1.000000 	 366.000000 	 754.000000 	 480.000000 	 1.000000 
1.000000 	 393.000000 	 754.000000 	 512.000000 	 1.000000 
1.000000 	 437.000000 	 746.000000 	 512.000000 	 1.000000 
1.000000 	 481.000000 	 731.000000 	 544.000000 	 1.000000 
1.000000 	 512.000000 	 713.000000 	 544.000000 	 1.000000 
1.000000 	 548.000000 	 684.000000 	 576.000000 	 1.000000 
1.000000 	 568.000000 	 662.000000 	 576.000000 	 1.000000 
1.000000 	 581.000000 	 639.000000 	 608.000000 	 1.000000 
1.000000 	 584.000000 	 620.000000 	 608.000000 	 1.000000 
1.000000 	 586.000000 	 605.000000 	 640.000000 	 1.000000 
1.000000 	 587.000000 	 594.000000 	 640.000000 	 1.000000 
1.000000 	 591.000000 	 581.000000 	 704.000000 	 1.000000 
