stroke_id	 x	 y	 time	 is_writing
1.000000 	 588.000000 	 1188.000000 	 0.000000 	 1.000000 
1.000000 	 586.000000 	 1187.000000 	 12.000000 	 1.000000 
1.000000 	 563.000000 	 1183.000000 	 44.000000 	 1.000000 
1.000000 	 530.000000 	 1159.000000 	 60.000000 	 1.000000 
1.000000 	 501.000000 	 1127.000000 	 80.000000 	 1.000000 
1.000000 	 478.000000 	 1058.000000 	 112.000000 	 1.000000 
1.000000 	 479.000000 	 1029.000000 	 128.000000 	 1.000000 
1.000000 	 492.000000 	 1003.000000 	 144.000000 	 1.000000 
1.000000 	 526.000000 	 990.000000 	 176.000000 	 1.000000 
1.000000 	 562.000000 	 1012.000000 	 196.000000 	 1.000000 
1.000000 	 591.000000 	 1039.000000 	 212.000000 	 1.000000 
1.000000 	 610.000000 	 1063.000000 	 228.000000 	 1.000000 
1.000000 	 621.000000 	 1090.000000 	 260.000000 	 1.000000 
1.000000 	 621.000000 	 1095.000000 	 280.000000 	 1.000000 
1.000000 	 620.000000 	 1095.000000 	 296.000000 	 1.000000 
1.000000 	 620.000000 	 1093.000000 	 312.000000 	 1.000000 
1.000000 	 620.000000 	 1078.000000 	 328.000000 	 1.000000 
1.000000 	 630.000000 	 1018.000000 	 344.000000 	 1.000000 
1.000000 	 643.000000 	 922.000000 	 360.000000 	 1.000000 
1.000000 	 647.000000 	 840.000000 	 376.000000 	 1.000000 
1.000000 	 639.000000 	 775.000000 	 396.000000 	 1.000000 
1.000000 	 627.000000 	 735.000000 	 412.000000 	 1.000000 
1.000000 	 612.000000 	 718.000000 	 428.000000 	 1.000000 
1.000000 	 597.000000 	 709.000000 	 444.000000 	 1.000000 
1.000000 	 582.000000 	 710.000000 	 460.000000 	 1.000000 
1.000000 	 559.000000 	 716.000000 	 480.000000 	 1.000000 
1.000000 	 532.000000 	 740.000000 	 496.000000 	 1.000000 
1.000000 	 522.000000 	 771.000000 	 512.000000 	 1.000000 
1.000000 	 525.000000 	 805.000000 	 528.000000 	 1.000000 
1.000000 	 541.000000 	 860.000000 	 544.000000 	 1.000000 
1.000000 	 568.000000 	 911.000000 	 560.000000 	 1.000000 
1.000000 	 610.000000 	 951.000000 	 576.000000 	 1.000000 
1.000000 	 647.000000 	 971.000000 	 596.000000 	 1.000000 
