stroke_id	 x	 y	 time	 is_writing
1.000000 	 469.000000 	 974.000000 	 0.000000 	 1.000000 
1.000000 	 471.000000 	 970.000000 	 64.000000 	 1.000000 
1.000000 	 484.000000 	 910.000000 	 80.000000 	 1.000000 
1.000000 	 492.000000 	 847.000000 	 96.000000 	 1.000000 
1.000000 	 496.000000 	 789.000000 	 112.000000 	 1.000000 
1.000000 	 499.000000 	 747.000000 	 128.000000 	 1.000000 
1.000000 	 500.000000 	 718.000000 	 144.000000 	 1.000000 
1.000000 	 499.000000 	 696.000000 	 160.000000 	 1.000000 
1.000000 	 499.000000 	 693.000000 	 176.000000 	 1.000000 
1.000000 	 374.000000 	 828.000000 	 320.000000 	 1.000000 
1.000000 	 383.000000 	 826.000000 	 384.000000 	 1.000000 
1.000000 	 417.000000 	 820.000000 	 400.000000 	 1.000000 
1.000000 	 447.000000 	 817.000000 	 416.000000 	 1.000000 
1.000000 	 484.000000 	 815.000000 	 432.000000 	 1.000000 
1.000000 	 530.000000 	 812.000000 	 448.000000 	 1.000000 
1.000000 	 568.000000 	 811.000000 	 464.000000 	 1.000000 
1.000000 	 592.000000 	 812.000000 	 480.000000 	 1.000000 
1.000000 	 609.000000 	 815.000000 	 496.000000 	 1.000000 
1.000000 	 611.000000 	 816.000000 	 512.000000 	 1.000000 
1.000000 	 596.000000 	 969.000000 	 640.000000 	 1.000000 
1.000000 	 591.000000 	 962.000000 	 704.000000 	 1.000000 
1.000000 	 570.000000 	 925.000000 	 720.000000 	 1.000000 
1.000000 	 537.000000 	 866.000000 	 736.000000 	 1.000000 
1.000000 	 504.000000 	 809.000000 	 768.000000 	 1.000000 
1.000000 	 473.000000 	 763.000000 	 784.000000 	 1.000000 
1.000000 	 451.000000 	 732.000000 	 800.000000 	 1.000000 
1.000000 	 436.000000 	 714.000000 	 816.000000 	 1.000000 
1.000000 	 433.000000 	 711.000000 	 832.000000 	 1.000000 
2.000000 	 396.000000 	 858.000000 	 1056.000000 	 1.000000 
2.000000 	 399.000000 	 855.000000 	 1104.000000 	 1.000000 
2.000000 	 472.000000 	 798.000000 	 1120.000000 	 1.000000 
2.000000 	 522.000000 	 760.000000 	 1152.000000 	 1.000000 
2.000000 	 554.000000 	 737.000000 	 1152.000000 	 1.000000 
2.000000 	 580.000000 	 722.000000 	 1184.000000 	 1.000000 
