stroke_id	 x	 y	 time	 is_writing
1.000000 	 643.000000 	 1141.000000 	 0.000000 	 1.000000 
1.000000 	 617.000000 	 1140.000000 	 64.000000 	 1.000000 
1.000000 	 585.000000 	 1128.000000 	 96.000000 	 1.000000 
1.000000 	 559.000000 	 1118.000000 	 128.000000 	 1.000000 
1.000000 	 537.000000 	 1104.000000 	 128.000000 	 1.000000 
1.000000 	 517.000000 	 1087.000000 	 160.000000 	 1.000000 
1.000000 	 495.000000 	 1059.000000 	 160.000000 	 1.000000 
1.000000 	 472.000000 	 1016.000000 	 192.000000 	 1.000000 
1.000000 	 459.000000 	 968.000000 	 192.000000 	 1.000000 
1.000000 	 450.000000 	 920.000000 	 224.000000 	 1.000000 
1.000000 	 445.000000 	 874.000000 	 224.000000 	 1.000000 
1.000000 	 446.000000 	 833.000000 	 256.000000 	 1.000000 
1.000000 	 449.000000 	 796.000000 	 256.000000 	 1.000000 
1.000000 	 454.000000 	 760.000000 	 288.000000 	 1.000000 
1.000000 	 459.000000 	 723.000000 	 288.000000 	 1.000000 
1.000000 	 466.000000 	 683.000000 	 320.000000 	 1.000000 
1.000000 	 471.000000 	 648.000000 	 320.000000 	 1.000000 
1.000000 	 474.000000 	 616.000000 	 352.000000 	 1.000000 
1.000000 	 476.000000 	 592.000000 	 352.000000 	 1.000000 
1.000000 	 475.000000 	 570.000000 	 384.000000 	 1.000000 
1.000000 	 474.000000 	 553.000000 	 384.000000 	 1.000000 
1.000000 	 473.000000 	 540.000000 	 416.000000 	 1.000000 
1.000000 	 471.000000 	 531.000000 	 416.000000 	 1.000000 
1.000000 	 469.000000 	 524.000000 	 448.000000 	 1.000000 
1.000000 	 467.000000 	 519.000000 	 448.000000 	 1.000000 
1.000000 	 466.000000 	 515.000000 	 480.000000 	 1.000000 
1.000000 	 466.000000 	 513.000000 	 512.000000 	 1.000000 
2.000000 	 347.000000 	 830.000000 	 768.000000 	 1.000000 
2.000000 	 379.000000 	 834.000000 	 832.000000 	 1.000000 
2.000000 	 430.000000 	 834.000000 	 864.000000 	 1.000000 
2.000000 	 497.000000 	 833.000000 	 896.000000 	 1.000000 
2.000000 	 545.000000 	 837.000000 	 928.000000 	 1.000000 
2.000000 	 561.000000 	 840.000000 	 960.000000 	 1.000000 
2.000000 	 573.000000 	 842.000000 	 960.000000 	 1.000000 
2.000000 	 578.000000 	 843.000000 	 992.000000 	 1.000000 
2.000000 	 582.000000 	 842.000000 	 1024.000000 	 1.000000 
