stroke_id	 x	 y	 time	 is_writing
1.000000 	 636.000000 	 1000.000000 	 60.000000 	 1.000000 
1.000000 	 614.000000 	 1017.000000 	 68.000000 	 1.000000 
1.000000 	 585.000000 	 1035.000000 	 88.000000 	 1.000000 
1.000000 	 537.000000 	 1041.000000 	 104.000000 	 1.000000 
1.000000 	 493.000000 	 1025.000000 	 120.000000 	 1.000000 
1.000000 	 438.000000 	 988.000000 	 136.000000 	 1.000000 
1.000000 	 395.000000 	 942.000000 	 152.000000 	 1.000000 
1.000000 	 355.000000 	 879.000000 	 172.000000 	 1.000000 
1.000000 	 329.000000 	 801.000000 	 188.000000 	 1.000000 
1.000000 	 326.000000 	 741.000000 	 204.000000 	 1.000000 
1.000000 	 339.000000 	 700.000000 	 220.000000 	 1.000000 
1.000000 	 367.000000 	 680.000000 	 236.000000 	 1.000000 
1.000000 	 413.000000 	 682.000000 	 252.000000 	 1.000000 
1.000000 	 459.000000 	 709.000000 	 268.000000 	 1.000000 
1.000000 	 509.000000 	 759.000000 	 288.000000 	 1.000000 
1.000000 	 559.000000 	 818.000000 	 304.000000 	 1.000000 
1.000000 	 602.000000 	 875.000000 	 320.000000 	 1.000000 
1.000000 	 632.000000 	 921.000000 	 336.000000 	 1.000000 
1.000000 	 644.000000 	 954.000000 	 352.000000 	 1.000000 
1.000000 	 645.000000 	 970.000000 	 372.000000 	 1.000000 
1.000000 	 644.000000 	 971.000000 	 388.000000 	 1.000000 
1.000000 	 641.000000 	 965.000000 	 404.000000 	 1.000000 
1.000000 	 636.000000 	 937.000000 	 420.000000 	 1.000000 
1.000000 	 631.000000 	 883.000000 	 436.000000 	 1.000000 
1.000000 	 630.000000 	 814.000000 	 452.000000 	 1.000000 
1.000000 	 625.000000 	 721.000000 	 468.000000 	 1.000000 
1.000000 	 626.000000 	 623.000000 	 488.000000 	 1.000000 
1.000000 	 632.000000 	 526.000000 	 504.000000 	 1.000000 
1.000000 	 636.000000 	 451.000000 	 520.000000 	 1.000000 
1.000000 	 634.000000 	 390.000000 	 536.000000 	 1.000000 
1.000000 	 628.000000 	 347.000000 	 552.000000 	 1.000000 
1.000000 	 623.000000 	 321.000000 	 572.000000 	 1.000000 
1.000000 	 620.000000 	 312.000000 	 588.000000 	 1.000000 
1.000000 	 621.000000 	 344.000000 	 620.000000 	 1.000000 
1.000000 	 623.000000 	 351.000000 	 632.000000 	 1.000000 
