stroke_id	 x	 y	 time	 is_writing
1.000000 	 500.000000 	 1176.000000 	 0.000000 	 1.000000 
1.000000 	 500.000000 	 1176.000000 	 16.000000 	 1.000000 
1.000000 	 482.000000 	 1134.000000 	 56.000000 	 1.000000 
1.000000 	 402.000000 	 966.000000 	 88.000000 	 1.000000 
1.000000 	 296.000000 	 747.000000 	 136.000000 	 1.000000 
1.000000 	 281.000000 	 708.000000 	 152.000000 	 1.000000 
1.000000 	 277.000000 	 699.000000 	 176.000000 	 1.000000 
2.000000 	 688.000000 	 1146.000000 	 360.000000 	 1.000000 
2.000000 	 688.000000 	 1146.000000 	 384.000000 	 1.000000 
2.000000 	 670.000000 	 1108.000000 	 416.000000 	 1.000000 
2.000000 	 645.000000 	 1049.000000 	 432.000000 	 1.000000 
2.000000 	 561.000000 	 912.000000 	 472.000000 	 1.000000 
2.000000 	 519.000000 	 845.000000 	 488.000000 	 1.000000 
2.000000 	 451.000000 	 715.000000 	 520.000000 	 1.000000 
2.000000 	 427.000000 	 659.000000 	 536.000000 	 1.000000 
2.000000 	 410.000000 	 621.000000 	 568.000000 	 1.000000 
2.000000 	 407.000000 	 614.000000 	 592.000000 	 1.000000 
3.000000 	 241.000000 	 995.000000 	 776.000000 	 1.000000 
3.000000 	 241.000000 	 995.000000 	 800.000000 	 1.000000 
3.000000 	 248.000000 	 994.000000 	 816.000000 	 1.000000 
3.000000 	 343.000000 	 989.000000 	 848.000000 	 1.000000 
3.000000 	 418.000000 	 990.000000 	 872.000000 	 1.000000 
3.000000 	 614.000000 	 1001.000000 	 904.000000 	 1.000000 
3.000000 	 711.000000 	 1009.000000 	 920.000000 	 1.000000 
3.000000 	 834.000000 	 1014.000000 	 952.000000 	 1.000000 
3.000000 	 837.000000 	 1014.000000 	 968.000000 	 1.000000 
4.000000 	 220.000000 	 900.000000 	 1160.000000 	 1.000000 
4.000000 	 220.000000 	 900.000000 	 1184.000000 	 1.000000 
4.000000 	 220.000000 	 900.000000 	 1200.000000 	 1.000000 
4.000000 	 249.000000 	 893.000000 	 1232.000000 	 1.000000 
4.000000 	 297.000000 	 887.000000 	 1248.000000 	 1.000000 
4.000000 	 421.000000 	 879.000000 	 1288.000000 	 1.000000 
4.000000 	 497.000000 	 875.000000 	 1304.000000 	 1.000000 
4.000000 	 663.000000 	 881.000000 	 1336.000000 	 1.000000 
4.000000 	 728.000000 	 887.000000 	 1352.000000 	 1.000000 
4.000000 	 750.000000 	 889.000000 	 1376.000000 	 1.000000 
