stroke_id	 x	 y	 time	 is_writing
1.000000 	 327.000000 	 463.000000 	 0.000000 	 1.000000 
1.000000 	 319.000000 	 495.000000 	 56.000000 	 1.000000 
1.000000 	 310.000000 	 538.000000 	 72.000000 	 1.000000 
1.000000 	 307.000000 	 576.000000 	 96.000000 	 1.000000 
1.000000 	 304.000000 	 613.000000 	 112.000000 	 1.000000 
1.000000 	 308.000000 	 648.000000 	 128.000000 	 1.000000 
1.000000 	 315.000000 	 673.000000 	 144.000000 	 1.000000 
1.000000 	 331.000000 	 706.000000 	 160.000000 	 1.000000 
1.000000 	 346.000000 	 730.000000 	 176.000000 	 1.000000 
1.000000 	 355.000000 	 737.000000 	 192.000000 	 1.000000 
1.000000 	 368.000000 	 746.000000 	 208.000000 	 1.000000 
1.000000 	 374.000000 	 747.000000 	 224.000000 	 1.000000 
1.000000 	 378.000000 	 744.000000 	 248.000000 	 1.000000 
1.000000 	 378.000000 	 743.000000 	 256.000000 	 1.000000 
2.000000 	 289.000000 	 587.000000 	 344.000000 	 1.000000 
2.000000 	 295.000000 	 587.000000 	 408.000000 	 1.000000 
2.000000 	 317.000000 	 586.000000 	 424.000000 	 1.000000 
2.000000 	 341.000000 	 586.000000 	 440.000000 	 1.000000 
2.000000 	 358.000000 	 584.000000 	 464.000000 	 1.000000 
2.000000 	 370.000000 	 581.000000 	 480.000000 	 1.000000 
2.000000 	 370.000000 	 581.000000 	 488.000000 	 1.000000 
