stroke_id	 x	 y	 time	 is_writing
1.000000 	 280.000000 	 904.000000 	 44.000000 	 1.000000 
1.000000 	 279.000000 	 898.000000 	 64.000000 	 1.000000 
1.000000 	 272.000000 	 852.000000 	 96.000000 	 1.000000 
1.000000 	 266.000000 	 817.000000 	 112.000000 	 1.000000 
1.000000 	 260.000000 	 789.000000 	 128.000000 	 1.000000 
1.000000 	 248.000000 	 752.000000 	 160.000000 	 1.000000 
1.000000 	 247.000000 	 744.000000 	 180.000000 	 1.000000 
1.000000 	 250.000000 	 733.000000 	 212.000000 	 1.000000 
1.000000 	 260.000000 	 730.000000 	 228.000000 	 1.000000 
1.000000 	 277.000000 	 729.000000 	 244.000000 	 1.000000 
1.000000 	 296.000000 	 729.000000 	 264.000000 	 1.000000 
1.000000 	 312.000000 	 729.000000 	 280.000000 	 1.000000 
1.000000 	 328.000000 	 729.000000 	 296.000000 	 1.000000 
1.000000 	 352.000000 	 733.000000 	 328.000000 	 1.000000 
1.000000 	 364.000000 	 739.000000 	 344.000000 	 1.000000 
1.000000 	 371.000000 	 748.000000 	 360.000000 	 1.000000 
1.000000 	 376.000000 	 757.000000 	 380.000000 	 1.000000 
1.000000 	 379.000000 	 766.000000 	 396.000000 	 1.000000 
1.000000 	 381.000000 	 774.000000 	 412.000000 	 1.000000 
1.000000 	 382.000000 	 778.000000 	 428.000000 	 1.000000 
1.000000 	 382.000000 	 780.000000 	 440.000000 	 1.000000 
1.000000 	 382.000000 	 762.000000 	 480.000000 	 1.000000 
1.000000 	 380.000000 	 732.000000 	 496.000000 	 1.000000 
1.000000 	 376.000000 	 690.000000 	 512.000000 	 1.000000 
1.000000 	 371.000000 	 643.000000 	 528.000000 	 1.000000 
1.000000 	 367.000000 	 602.000000 	 544.000000 	 1.000000 
1.000000 	 362.000000 	 542.000000 	 580.000000 	 1.000000 
1.000000 	 362.000000 	 525.000000 	 608.000000 	 1.000000 
