stroke_id	 x	 y	 time	 is_writing
1.000000 	 712.000000 	 1156.000000 	 0.000000 	 1.000000 
1.000000 	 649.000000 	 1188.000000 	 60.000000 	 1.000000 
1.000000 	 397.000000 	 1163.000000 	 140.000000 	 1.000000 
1.000000 	 262.000000 	 827.000000 	 224.000000 	 1.000000 
1.000000 	 374.000000 	 572.000000 	 304.000000 	 1.000000 
1.000000 	 687.000000 	 471.000000 	 388.000000 	 1.000000 
1.000000 	 813.000000 	 484.000000 	 470.000000 	 1.000000 
1.000000 	 817.000000 	 490.000000 	 492.000000 	 1.000000 
