stroke_id	 x	 y	 time	 is_writing
1.000000 	 277.000000 	 781.000000 	 0.000000 	 1.000000 
1.000000 	 283.000000 	 785.000000 	 16.000000 	 1.000000 
1.000000 	 282.000000 	 786.000000 	 32.000000 	 1.000000 
1.000000 	 292.000000 	 789.000000 	 48.000000 	 1.000000 
1.000000 	 315.000000 	 793.000000 	 64.000000 	 1.000000 
1.000000 	 344.000000 	 800.000000 	 80.000000 	 1.000000 
1.000000 	 381.000000 	 807.000000 	 96.000000 	 1.000000 
1.000000 	 403.000000 	 811.000000 	 112.000000 	 1.000000 
1.000000 	 424.000000 	 811.000000 	 128.000000 	 1.000000 
1.000000 	 437.000000 	 810.000000 	 144.000000 	 1.000000 
1.000000 	 442.000000 	 807.000000 	 160.000000 	 1.000000 
1.000000 	 442.000000 	 792.000000 	 176.000000 	 1.000000 
1.000000 	 435.000000 	 760.000000 	 192.000000 	 1.000000 
1.000000 	 422.000000 	 728.000000 	 208.000000 	 1.000000 
1.000000 	 402.000000 	 688.000000 	 224.000000 	 1.000000 
1.000000 	 386.000000 	 660.000000 	 240.000000 	 1.000000 
1.000000 	 374.000000 	 640.000000 	 256.000000 	 1.000000 
1.000000 	 366.000000 	 627.000000 	 272.000000 	 1.000000 
1.000000 	 360.000000 	 613.000000 	 288.000000 	 1.000000 
1.000000 	 356.000000 	 598.000000 	 304.000000 	 1.000000 
1.000000 	 353.000000 	 586.000000 	 320.000000 	 1.000000 
1.000000 	 352.000000 	 575.000000 	 352.000000 	 1.000000 
1.000000 	 351.000000 	 569.000000 	 368.000000 	 1.000000 
1.000000 	 351.000000 	 564.000000 	 384.000000 	 1.000000 
2.000000 	 382.000000 	 372.000000 	 624.000000 	 1.000000 
2.000000 	 381.000000 	 373.000000 	 640.000000 	 1.000000 
2.000000 	 380.000000 	 373.000000 	 656.000000 	 1.000000 
2.000000 	 380.000000 	 374.000000 	 672.000000 	 1.000000 
2.000000 	 380.000000 	 375.000000 	 688.000000 	 1.000000 
