stroke_id	 x	 y	 time	 is_writing
1.000000 	 625.000000 	 566.000000 	 0.000000 	 1.000000 
1.000000 	 625.000000 	 568.000000 	 24.000000 	 1.000000 
1.000000 	 625.000000 	 574.000000 	 40.000000 	 1.000000 
1.000000 	 623.000000 	 588.000000 	 56.000000 	 1.000000 
1.000000 	 621.000000 	 613.000000 	 72.000000 	 1.000000 
1.000000 	 614.000000 	 654.000000 	 88.000000 	 1.000000 
1.000000 	 606.000000 	 706.000000 	 112.000000 	 1.000000 
1.000000 	 594.000000 	 777.000000 	 128.000000 	 1.000000 
1.000000 	 583.000000 	 859.000000 	 144.000000 	 1.000000 
1.000000 	 573.000000 	 942.000000 	 160.000000 	 1.000000 
1.000000 	 562.000000 	 1022.000000 	 176.000000 	 1.000000 
1.000000 	 552.000000 	 1085.000000 	 192.000000 	 1.000000 
1.000000 	 542.000000 	 1137.000000 	 208.000000 	 1.000000 
1.000000 	 535.000000 	 1168.000000 	 224.000000 	 1.000000 
1.000000 	 531.000000 	 1190.000000 	 240.000000 	 1.000000 
1.000000 	 530.000000 	 1194.000000 	 256.000000 	 1.000000 
1.000000 	 530.000000 	 1196.000000 	 264.000000 	 1.000000 
2.000000 	 504.000000 	 1169.000000 	 304.000000 	 1.000000 
2.000000 	 459.000000 	 1106.000000 	 328.000000 	 1.000000 
2.000000 	 409.000000 	 1033.000000 	 344.000000 	 1.000000 
2.000000 	 362.000000 	 964.000000 	 360.000000 	 1.000000 
2.000000 	 316.000000 	 902.000000 	 376.000000 	 1.000000 
2.000000 	 273.000000 	 853.000000 	 392.000000 	 1.000000 
2.000000 	 240.000000 	 821.000000 	 408.000000 	 1.000000 
2.000000 	 221.000000 	 804.000000 	 424.000000 	 1.000000 
2.000000 	 211.000000 	 798.000000 	 440.000000 	 1.000000 
2.000000 	 209.000000 	 797.000000 	 456.000000 	 1.000000 
2.000000 	 210.000000 	 797.000000 	 472.000000 	 1.000000 
2.000000 	 244.000000 	 801.000000 	 488.000000 	 1.000000 
2.000000 	 324.000000 	 814.000000 	 512.000000 	 1.000000 
2.000000 	 399.000000 	 828.000000 	 528.000000 	 1.000000 
2.000000 	 487.000000 	 844.000000 	 544.000000 	 1.000000 
2.000000 	 563.000000 	 856.000000 	 560.000000 	 1.000000 
2.000000 	 626.000000 	 857.000000 	 576.000000 	 1.000000 
2.000000 	 690.000000 	 853.000000 	 592.000000 	 1.000000 
2.000000 	 734.000000 	 845.000000 	 608.000000 	 1.000000 
2.000000 	 785.000000 	 836.000000 	 624.000000 	 1.000000 
2.000000 	 788.000000 	 839.000000 	 640.000000 	 1.000000 
