stroke_id	 x	 y	 time	 is_writing
1.000000 	 388.000000 	 709.000000 	 0.000000 	 1.000000 
1.000000 	 400.000000 	 748.000000 	 8.000000 	 1.000000 
1.000000 	 398.000000 	 743.000000 	 24.000000 	 1.000000 
1.000000 	 415.000000 	 782.000000 	 40.000000 	 1.000000 
1.000000 	 452.000000 	 869.000000 	 56.000000 	 1.000000 
1.000000 	 502.000000 	 986.000000 	 72.000000 	 1.000000 
1.000000 	 551.000000 	 1105.000000 	 88.000000 	 1.000000 
1.000000 	 569.000000 	 1177.000000 	 104.000000 	 1.000000 
1.000000 	 573.000000 	 1209.000000 	 120.000000 	 1.000000 
2.000000 	 573.000000 	 1220.000000 	 144.000000 	 1.000000 
2.000000 	 571.000000 	 1219.000000 	 160.000000 	 1.000000 
2.000000 	 558.000000 	 1181.000000 	 176.000000 	 1.000000 
2.000000 	 543.000000 	 1104.000000 	 192.000000 	 1.000000 
2.000000 	 532.000000 	 1009.000000 	 208.000000 	 1.000000 
2.000000 	 522.000000 	 886.000000 	 224.000000 	 1.000000 
2.000000 	 521.000000 	 779.000000 	 240.000000 	 1.000000 
2.000000 	 523.000000 	 683.000000 	 256.000000 	 1.000000 
2.000000 	 527.000000 	 615.000000 	 272.000000 	 1.000000 
2.000000 	 526.000000 	 585.000000 	 288.000000 	 1.000000 
3.000000 	 520.000000 	 568.000000 	 312.000000 	 1.000000 
3.000000 	 501.000000 	 551.000000 	 328.000000 	 1.000000 
3.000000 	 465.000000 	 529.000000 	 344.000000 	 1.000000 
3.000000 	 426.000000 	 513.000000 	 360.000000 	 1.000000 
3.000000 	 394.000000 	 501.000000 	 376.000000 	 1.000000 
3.000000 	 367.000000 	 493.000000 	 392.000000 	 1.000000 
3.000000 	 352.000000 	 492.000000 	 408.000000 	 1.000000 
3.000000 	 350.000000 	 493.000000 	 424.000000 	 1.000000 
3.000000 	 366.000000 	 496.000000 	 440.000000 	 1.000000 
3.000000 	 423.000000 	 501.000000 	 456.000000 	 1.000000 
3.000000 	 511.000000 	 503.000000 	 472.000000 	 1.000000 
3.000000 	 589.000000 	 513.000000 	 488.000000 	 1.000000 
3.000000 	 669.000000 	 525.000000 	 504.000000 	 1.000000 
3.000000 	 729.000000 	 534.000000 	 520.000000 	 1.000000 
4.000000 	 773.000000 	 541.000000 	 544.000000 	 1.000000 
4.000000 	 795.000000 	 541.000000 	 560.000000 	 1.000000 
4.000000 	 803.000000 	 539.000000 	 576.000000 	 1.000000 
4.000000 	 805.000000 	 531.000000 	 592.000000 	 1.000000 
4.000000 	 793.000000 	 509.000000 	 608.000000 	 1.000000 
4.000000 	 791.000000 	 506.000000 	 624.000000 	 1.000000 
