stroke_id	 x	 y	 time	 is_writing
1.000000 	 530.000000 	 1381.000000 	 0.000000 	 1.000000 
1.000000 	 530.000000 	 1381.000000 	 0.000000 	 1.000000 
1.000000 	 466.000000 	 1213.000000 	 128.000000 	 1.000000 
1.000000 	 409.000000 	 1113.000000 	 128.000000 	 1.000000 
1.000000 	 357.000000 	 1018.000000 	 128.000000 	 1.000000 
1.000000 	 341.000000 	 948.000000 	 128.000000 	 1.000000 
1.000000 	 359.000000 	 916.000000 	 128.000000 	 1.000000 
1.000000 	 383.000000 	 900.000000 	 256.000000 	 1.000000 
1.000000 	 498.000000 	 941.000000 	 256.000000 	 1.000000 
1.000000 	 550.000000 	 991.000000 	 256.000000 	 1.000000 
1.000000 	 579.000000 	 1034.000000 	 256.000000 	 1.000000 
1.000000 	 596.000000 	 1073.000000 	 256.000000 	 1.000000 
1.000000 	 599.000000 	 1084.000000 	 256.000000 	 1.000000 
1.000000 	 599.000000 	 1088.000000 	 256.000000 	 1.000000 
1.000000 	 599.000000 	 1089.000000 	 384.000000 	 1.000000 
1.000000 	 580.000000 	 1041.000000 	 384.000000 	 1.000000 
1.000000 	 565.000000 	 968.000000 	 384.000000 	 1.000000 
1.000000 	 559.000000 	 889.000000 	 384.000000 	 1.000000 
1.000000 	 558.000000 	 817.000000 	 384.000000 	 1.000000 
1.000000 	 562.000000 	 744.000000 	 384.000000 	 1.000000 
1.000000 	 564.000000 	 688.000000 	 384.000000 	 1.000000 
1.000000 	 568.000000 	 676.000000 	 384.000000 	 1.000000 
1.000000 	 572.000000 	 667.000000 	 512.000000 	 1.000000 
