stroke_id	 x	 y	 time	 is_writing
1.000000 	 436.000000 	 1277.000000 	 0.000000 	 1.000000 
1.000000 	 444.000000 	 1287.000000 	 64.000000 	 1.000000 
1.000000 	 463.000000 	 1298.000000 	 64.000000 	 1.000000 
1.000000 	 490.000000 	 1307.000000 	 128.000000 	 1.000000 
1.000000 	 513.000000 	 1310.000000 	 128.000000 	 1.000000 
1.000000 	 528.000000 	 1305.000000 	 128.000000 	 1.000000 
1.000000 	 539.000000 	 1294.000000 	 128.000000 	 1.000000 
1.000000 	 546.000000 	 1276.000000 	 192.000000 	 1.000000 
1.000000 	 546.000000 	 1249.000000 	 192.000000 	 1.000000 
1.000000 	 535.000000 	 1212.000000 	 192.000000 	 1.000000 
1.000000 	 514.000000 	 1171.000000 	 192.000000 	 1.000000 
1.000000 	 494.000000 	 1134.000000 	 256.000000 	 1.000000 
1.000000 	 473.000000 	 1096.000000 	 256.000000 	 1.000000 
1.000000 	 460.000000 	 1061.000000 	 256.000000 	 1.000000 
1.000000 	 451.000000 	 1030.000000 	 256.000000 	 1.000000 
1.000000 	 448.000000 	 1002.000000 	 320.000000 	 1.000000 
1.000000 	 452.000000 	 983.000000 	 320.000000 	 1.000000 
1.000000 	 458.000000 	 974.000000 	 320.000000 	 1.000000 
1.000000 	 468.000000 	 972.000000 	 320.000000 	 1.000000 
1.000000 	 490.000000 	 974.000000 	 384.000000 	 1.000000 
1.000000 	 517.000000 	 984.000000 	 384.000000 	 1.000000 
1.000000 	 542.000000 	 999.000000 	 384.000000 	 1.000000 
1.000000 	 562.000000 	 1017.000000 	 384.000000 	 1.000000 
1.000000 	 570.000000 	 1035.000000 	 448.000000 	 1.000000 
1.000000 	 570.000000 	 1057.000000 	 448.000000 	 1.000000 
1.000000 	 563.000000 	 1079.000000 	 448.000000 	 1.000000 
1.000000 	 546.000000 	 1105.000000 	 512.000000 	 1.000000 
1.000000 	 522.000000 	 1130.000000 	 512.000000 	 1.000000 
1.000000 	 497.000000 	 1154.000000 	 512.000000 	 1.000000 
1.000000 	 472.000000 	 1175.000000 	 512.000000 	 1.000000 
1.000000 	 452.000000 	 1198.000000 	 576.000000 	 1.000000 
1.000000 	 440.000000 	 1218.000000 	 576.000000 	 1.000000 
1.000000 	 436.000000 	 1236.000000 	 576.000000 	 1.000000 
1.000000 	 439.000000 	 1255.000000 	 576.000000 	 1.000000 
1.000000 	 450.000000 	 1281.000000 	 640.000000 	 1.000000 
