stroke_id	 x	 y	 time	 is_writing
1.000000 	 648.000000 	 1048.000000 	 0.000000 	 1.000000 
1.000000 	 643.000000 	 1048.000000 	 32.000000 	 1.000000 
1.000000 	 625.000000 	 1042.000000 	 48.000000 	 1.000000 
1.000000 	 528.000000 	 1003.000000 	 80.000000 	 1.000000 
1.000000 	 477.000000 	 972.000000 	 96.000000 	 1.000000 
1.000000 	 408.000000 	 911.000000 	 128.000000 	 1.000000 
1.000000 	 400.000000 	 891.000000 	 144.000000 	 1.000000 
1.000000 	 409.000000 	 877.000000 	 160.000000 	 1.000000 
1.000000 	 448.000000 	 864.000000 	 176.000000 	 1.000000 
1.000000 	 500.000000 	 862.000000 	 192.000000 	 1.000000 
1.000000 	 556.000000 	 867.000000 	 208.000000 	 1.000000 
1.000000 	 608.000000 	 867.000000 	 224.000000 	 1.000000 
1.000000 	 647.000000 	 863.000000 	 240.000000 	 1.000000 
1.000000 	 678.000000 	 849.000000 	 256.000000 	 1.000000 
1.000000 	 697.000000 	 832.000000 	 272.000000 	 1.000000 
1.000000 	 703.000000 	 809.000000 	 288.000000 	 1.000000 
1.000000 	 696.000000 	 779.000000 	 304.000000 	 1.000000 
1.000000 	 679.000000 	 753.000000 	 320.000000 	 1.000000 
1.000000 	 642.000000 	 718.000000 	 336.000000 	 1.000000 
1.000000 	 592.000000 	 685.000000 	 352.000000 	 1.000000 
1.000000 	 532.000000 	 672.000000 	 368.000000 	 1.000000 
1.000000 	 467.000000 	 668.000000 	 384.000000 	 1.000000 
1.000000 	 402.000000 	 679.000000 	 416.000000 	 1.000000 
1.000000 	 355.000000 	 695.000000 	 432.000000 	 1.000000 
1.000000 	 329.000000 	 705.000000 	 464.000000 	 1.000000 
