stroke_id	 x	 y	 time	 is_writing
1.000000 	 437.000000 	 763.000000 	 0.000000 	 1.000000 
1.000000 	 437.000000 	 763.000000 	 24.000000 	 1.000000 
1.000000 	 435.000000 	 761.000000 	 48.000000 	 1.000000 
1.000000 	 433.000000 	 749.000000 	 64.000000 	 1.000000 
1.000000 	 433.000000 	 729.000000 	 80.000000 	 1.000000 
1.000000 	 434.000000 	 703.000000 	 96.000000 	 1.000000 
1.000000 	 436.000000 	 679.000000 	 112.000000 	 1.000000 
1.000000 	 438.000000 	 649.000000 	 128.000000 	 1.000000 
1.000000 	 440.000000 	 619.000000 	 144.000000 	 1.000000 
1.000000 	 443.000000 	 589.000000 	 160.000000 	 1.000000 
1.000000 	 447.000000 	 566.000000 	 176.000000 	 1.000000 
1.000000 	 452.000000 	 552.000000 	 192.000000 	 1.000000 
1.000000 	 458.000000 	 543.000000 	 208.000000 	 1.000000 
1.000000 	 471.000000 	 538.000000 	 232.000000 	 1.000000 
1.000000 	 493.000000 	 540.000000 	 248.000000 	 1.000000 
1.000000 	 522.000000 	 553.000000 	 264.000000 	 1.000000 
1.000000 	 548.000000 	 574.000000 	 280.000000 	 1.000000 
1.000000 	 573.000000 	 604.000000 	 296.000000 	 1.000000 
1.000000 	 594.000000 	 639.000000 	 312.000000 	 1.000000 
1.000000 	 609.000000 	 672.000000 	 328.000000 	 1.000000 
1.000000 	 616.000000 	 698.000000 	 344.000000 	 1.000000 
1.000000 	 619.000000 	 714.000000 	 368.000000 	 1.000000 
1.000000 	 619.000000 	 723.000000 	 384.000000 	 1.000000 
1.000000 	 619.000000 	 728.000000 	 400.000000 	 1.000000 
1.000000 	 619.000000 	 730.000000 	 416.000000 	 1.000000 
1.000000 	 619.000000 	 731.000000 	 432.000000 	 1.000000 
1.000000 	 619.000000 	 730.000000 	 448.000000 	 1.000000 
1.000000 	 619.000000 	 717.000000 	 464.000000 	 1.000000 
1.000000 	 621.000000 	 694.000000 	 480.000000 	 1.000000 
1.000000 	 627.000000 	 665.000000 	 496.000000 	 1.000000 
1.000000 	 634.000000 	 634.000000 	 512.000000 	 1.000000 
1.000000 	 643.000000 	 609.000000 	 528.000000 	 1.000000 
1.000000 	 653.000000 	 587.000000 	 544.000000 	 1.000000 
1.000000 	 666.000000 	 571.000000 	 568.000000 	 1.000000 
1.000000 	 681.000000 	 557.000000 	 584.000000 	 1.000000 
1.000000 	 699.000000 	 546.000000 	 600.000000 	 1.000000 
1.000000 	 723.000000 	 539.000000 	 616.000000 	 1.000000 
1.000000 	 745.000000 	 539.000000 	 632.000000 	 1.000000 
1.000000 	 765.000000 	 547.000000 	 648.000000 	 1.000000 
1.000000 	 778.000000 	 561.000000 	 664.000000 	 1.000000 
1.000000 	 778.000000 	 561.000000 	 672.000000 	 1.000000 
