stroke_id	 x	 y	 time	 is_writing
1.000000 	 443.000000 	 1057.000000 	 0.000000 	 1.000000 
1.000000 	 444.000000 	 1055.000000 	 0.000000 	 1.000000 
1.000000 	 444.000000 	 1051.000000 	 64.000000 	 1.000000 
1.000000 	 435.000000 	 1022.000000 	 64.000000 	 1.000000 
1.000000 	 424.000000 	 992.000000 	 64.000000 	 1.000000 
1.000000 	 412.000000 	 963.000000 	 64.000000 	 1.000000 
1.000000 	 402.000000 	 935.000000 	 128.000000 	 1.000000 
1.000000 	 397.000000 	 904.000000 	 128.000000 	 1.000000 
1.000000 	 392.000000 	 869.000000 	 128.000000 	 1.000000 
1.000000 	 391.000000 	 836.000000 	 128.000000 	 1.000000 
1.000000 	 395.000000 	 811.000000 	 192.000000 	 1.000000 
1.000000 	 407.000000 	 791.000000 	 192.000000 	 1.000000 
1.000000 	 426.000000 	 778.000000 	 192.000000 	 1.000000 
1.000000 	 452.000000 	 770.000000 	 192.000000 	 1.000000 
1.000000 	 485.000000 	 765.000000 	 256.000000 	 1.000000 
1.000000 	 523.000000 	 766.000000 	 256.000000 	 1.000000 
1.000000 	 565.000000 	 770.000000 	 256.000000 	 1.000000 
1.000000 	 601.000000 	 774.000000 	 256.000000 	 1.000000 
1.000000 	 634.000000 	 780.000000 	 320.000000 	 1.000000 
2.000000 	 412.000000 	 884.000000 	 576.000000 	 1.000000 
2.000000 	 414.000000 	 882.000000 	 576.000000 	 1.000000 
2.000000 	 418.000000 	 882.000000 	 576.000000 	 1.000000 
2.000000 	 453.000000 	 879.000000 	 640.000000 	 1.000000 
2.000000 	 494.000000 	 878.000000 	 640.000000 	 1.000000 
2.000000 	 536.000000 	 882.000000 	 640.000000 	 1.000000 
2.000000 	 577.000000 	 891.000000 	 640.000000 	 1.000000 
2.000000 	 611.000000 	 901.000000 	 704.000000 	 1.000000 
3.000000 	 454.000000 	 1056.000000 	 896.000000 	 1.000000 
3.000000 	 460.000000 	 1055.000000 	 960.000000 	 1.000000 
3.000000 	 496.000000 	 1056.000000 	 960.000000 	 1.000000 
3.000000 	 553.000000 	 1055.000000 	 960.000000 	 1.000000 
3.000000 	 605.000000 	 1058.000000 	 960.000000 	 1.000000 
3.000000 	 651.000000 	 1062.000000 	 1024.000000 	 1.000000 
