stroke_id	 x	 y	 time	 is_writing
1.000000 	 475.000000 	 940.000000 	 48.000000 	 1.000000 
1.000000 	 478.000000 	 967.000000 	 64.000000 	 1.000000 
1.000000 	 497.000000 	 1010.000000 	 80.000000 	 1.000000 
1.000000 	 526.000000 	 1062.000000 	 96.000000 	 1.000000 
1.000000 	 558.000000 	 1101.000000 	 112.000000 	 1.000000 
1.000000 	 590.000000 	 1131.000000 	 128.000000 	 1.000000 
1.000000 	 615.000000 	 1147.000000 	 144.000000 	 1.000000 
1.000000 	 630.000000 	 1148.000000 	 160.000000 	 1.000000 
1.000000 	 640.000000 	 1141.000000 	 176.000000 	 1.000000 
1.000000 	 653.000000 	 1115.000000 	 192.000000 	 1.000000 
1.000000 	 658.000000 	 1075.000000 	 208.000000 	 1.000000 
1.000000 	 648.000000 	 1015.000000 	 224.000000 	 1.000000 
1.000000 	 623.000000 	 947.000000 	 240.000000 	 1.000000 
1.000000 	 583.000000 	 884.000000 	 256.000000 	 1.000000 
1.000000 	 543.000000 	 832.000000 	 272.000000 	 1.000000 
1.000000 	 508.000000 	 790.000000 	 288.000000 	 1.000000 
1.000000 	 480.000000 	 760.000000 	 304.000000 	 1.000000 
1.000000 	 462.000000 	 742.000000 	 320.000000 	 1.000000 
1.000000 	 453.000000 	 734.000000 	 336.000000 	 1.000000 
1.000000 	 452.000000 	 733.000000 	 352.000000 	 1.000000 
1.000000 	 453.000000 	 735.000000 	 368.000000 	 1.000000 
1.000000 	 459.000000 	 741.000000 	 400.000000 	 1.000000 
1.000000 	 475.000000 	 751.000000 	 416.000000 	 1.000000 
1.000000 	 496.000000 	 762.000000 	 432.000000 	 1.000000 
1.000000 	 524.000000 	 769.000000 	 448.000000 	 1.000000 
1.000000 	 552.000000 	 773.000000 	 464.000000 	 1.000000 
1.000000 	 579.000000 	 773.000000 	 480.000000 	 1.000000 
1.000000 	 605.000000 	 773.000000 	 496.000000 	 1.000000 
1.000000 	 627.000000 	 773.000000 	 512.000000 	 1.000000 
1.000000 	 648.000000 	 773.000000 	 528.000000 	 1.000000 
1.000000 	 671.000000 	 773.000000 	 544.000000 	 1.000000 
1.000000 	 691.000000 	 774.000000 	 560.000000 	 1.000000 
