stroke_id	 x	 y	 time	 is_writing
1.000000 	 259.000000 	 701.000000 	 0.000000 	 1.000000 
1.000000 	 256.000000 	 690.000000 	 0.000000 	 1.000000 
1.000000 	 252.000000 	 659.000000 	 0.000000 	 1.000000 
1.000000 	 247.000000 	 590.000000 	 64.000000 	 1.000000 
1.000000 	 247.000000 	 575.000000 	 64.000000 	 1.000000 
1.000000 	 247.000000 	 569.000000 	 64.000000 	 1.000000 
1.000000 	 247.000000 	 567.000000 	 128.000000 	 1.000000 
1.000000 	 248.000000 	 592.000000 	 128.000000 	 1.000000 
1.000000 	 256.000000 	 633.000000 	 128.000000 	 1.000000 
1.000000 	 265.000000 	 663.000000 	 192.000000 	 1.000000 
1.000000 	 276.000000 	 684.000000 	 192.000000 	 1.000000 
1.000000 	 286.000000 	 693.000000 	 192.000000 	 1.000000 
1.000000 	 306.000000 	 705.000000 	 192.000000 	 1.000000 
1.000000 	 327.000000 	 708.000000 	 256.000000 	 1.000000 
1.000000 	 348.000000 	 704.000000 	 256.000000 	 1.000000 
1.000000 	 379.000000 	 674.000000 	 256.000000 	 1.000000 
1.000000 	 395.000000 	 649.000000 	 320.000000 	 1.000000 
