stroke_id	 x	 y	 time	 is_writing
1.000000 	 278.000000 	 1185.000000 	 0.000000 	 1.000000 
1.000000 	 278.000000 	 1185.000000 	 0.000000 	 1.000000 
1.000000 	 278.000000 	 1185.000000 	 32.000000 	 1.000000 
1.000000 	 296.000000 	 1186.000000 	 64.000000 	 1.000000 
1.000000 	 347.000000 	 1190.000000 	 64.000000 	 1.000000 
1.000000 	 471.000000 	 1209.000000 	 96.000000 	 1.000000 
1.000000 	 527.000000 	 1222.000000 	 128.000000 	 1.000000 
1.000000 	 578.000000 	 1234.000000 	 128.000000 	 1.000000 
1.000000 	 621.000000 	 1243.000000 	 160.000000 	 1.000000 
1.000000 	 658.000000 	 1248.000000 	 192.000000 	 1.000000 
1.000000 	 683.000000 	 1249.000000 	 192.000000 	 1.000000 
1.000000 	 699.000000 	 1245.000000 	 224.000000 	 1.000000 
1.000000 	 706.000000 	 1240.000000 	 224.000000 	 1.000000 
1.000000 	 707.000000 	 1232.000000 	 256.000000 	 1.000000 
1.000000 	 707.000000 	 1219.000000 	 288.000000 	 1.000000 
1.000000 	 703.000000 	 1188.000000 	 288.000000 	 1.000000 
1.000000 	 691.000000 	 1145.000000 	 320.000000 	 1.000000 
1.000000 	 676.000000 	 1091.000000 	 320.000000 	 1.000000 
1.000000 	 653.000000 	 1030.000000 	 352.000000 	 1.000000 
1.000000 	 628.000000 	 969.000000 	 352.000000 	 1.000000 
1.000000 	 601.000000 	 914.000000 	 384.000000 	 1.000000 
1.000000 	 568.000000 	 860.000000 	 384.000000 	 1.000000 
1.000000 	 540.000000 	 811.000000 	 416.000000 	 1.000000 
1.000000 	 517.000000 	 763.000000 	 416.000000 	 1.000000 
1.000000 	 494.000000 	 721.000000 	 448.000000 	 1.000000 
1.000000 	 479.000000 	 688.000000 	 448.000000 	 1.000000 
1.000000 	 468.000000 	 666.000000 	 480.000000 	 1.000000 
1.000000 	 464.000000 	 652.000000 	 480.000000 	 1.000000 
1.000000 	 464.000000 	 644.000000 	 512.000000 	 1.000000 
1.000000 	 464.000000 	 645.000000 	 512.000000 	 1.000000 
1.000000 	 464.000000 	 645.000000 	 544.000000 	 1.000000 
