stroke_id	 x	 y	 time	 is_writing
1.000000 	 597.000000 	 1164.000000 	 0.000000 	 1.000000 
1.000000 	 595.000000 	 1167.000000 	 16.000000 	 1.000000 
1.000000 	 584.000000 	 1172.000000 	 32.000000 	 1.000000 
1.000000 	 565.000000 	 1175.000000 	 48.000000 	 1.000000 
1.000000 	 478.000000 	 1161.000000 	 80.000000 	 1.000000 
1.000000 	 430.000000 	 1137.000000 	 96.000000 	 1.000000 
1.000000 	 392.000000 	 1108.000000 	 112.000000 	 1.000000 
1.000000 	 379.000000 	 1092.000000 	 128.000000 	 1.000000 
1.000000 	 373.000000 	 1074.000000 	 144.000000 	 1.000000 
1.000000 	 374.000000 	 1056.000000 	 168.000000 	 1.000000 
1.000000 	 383.000000 	 1038.000000 	 184.000000 	 1.000000 
1.000000 	 392.000000 	 1024.000000 	 192.000000 	 1.000000 
1.000000 	 457.000000 	 1000.000000 	 208.000000 	 1.000000 
1.000000 	 465.000000 	 1010.000000 	 232.000000 	 1.000000 
1.000000 	 533.000000 	 1032.000000 	 248.000000 	 1.000000 
1.000000 	 556.000000 	 1068.000000 	 264.000000 	 1.000000 
1.000000 	 555.000000 	 1078.000000 	 280.000000 	 1.000000 
1.000000 	 558.000000 	 1091.000000 	 296.000000 	 1.000000 
1.000000 	 562.000000 	 1101.000000 	 312.000000 	 1.000000 
1.000000 	 562.000000 	 1103.000000 	 328.000000 	 1.000000 
1.000000 	 563.000000 	 1101.000000 	 352.000000 	 1.000000 
1.000000 	 566.000000 	 1098.000000 	 368.000000 	 1.000000 
1.000000 	 570.000000 	 1075.000000 	 384.000000 	 1.000000 
1.000000 	 572.000000 	 1047.000000 	 400.000000 	 1.000000 
1.000000 	 565.000000 	 962.000000 	 416.000000 	 1.000000 
1.000000 	 551.000000 	 899.000000 	 432.000000 	 1.000000 
1.000000 	 529.000000 	 852.000000 	 448.000000 	 1.000000 
1.000000 	 501.000000 	 814.000000 	 464.000000 	 1.000000 
1.000000 	 477.000000 	 794.000000 	 496.000000 	 1.000000 
1.000000 	 463.000000 	 793.000000 	 512.000000 	 1.000000 
1.000000 	 453.000000 	 799.000000 	 528.000000 	 1.000000 
1.000000 	 451.000000 	 813.000000 	 544.000000 	 1.000000 
1.000000 	 457.000000 	 828.000000 	 568.000000 	 1.000000 
1.000000 	 470.000000 	 843.000000 	 584.000000 	 1.000000 
1.000000 	 480.000000 	 855.000000 	 592.000000 	 1.000000 
1.000000 	 502.000000 	 859.000000 	 608.000000 	 1.000000 
1.000000 	 566.000000 	 872.000000 	 632.000000 	 1.000000 
1.000000 	 578.000000 	 871.000000 	 648.000000 	 1.000000 
1.000000 	 644.000000 	 878.000000 	 664.000000 	 1.000000 
