stroke_id	 x	 y	 time	 is_writing
1.000000 	 357.000000 	 1148.000000 	 0.000000 	 1.000000 
1.000000 	 357.000000 	 1148.000000 	 8.000000 	 1.000000 
1.000000 	 367.000000 	 1179.000000 	 24.000000 	 1.000000 
1.000000 	 400.000000 	 1229.000000 	 40.000000 	 1.000000 
1.000000 	 463.000000 	 1281.000000 	 58.000000 	 1.000000 
1.000000 	 549.000000 	 1324.000000 	 76.000000 	 1.000000 
1.000000 	 625.000000 	 1342.000000 	 92.000000 	 1.000000 
1.000000 	 684.000000 	 1335.000000 	 108.000000 	 1.000000 
1.000000 	 727.000000 	 1312.000000 	 124.000000 	 1.000000 
1.000000 	 751.000000 	 1279.000000 	 140.000000 	 1.000000 
1.000000 	 758.000000 	 1222.000000 	 158.000000 	 1.000000 
1.000000 	 725.000000 	 1138.000000 	 176.000000 	 1.000000 
1.000000 	 667.000000 	 1054.000000 	 192.000000 	 1.000000 
1.000000 	 582.000000 	 948.000000 	 208.000000 	 1.000000 
1.000000 	 492.000000 	 848.000000 	 224.000000 	 1.000000 
1.000000 	 418.000000 	 774.000000 	 240.000000 	 1.000000 
1.000000 	 341.000000 	 707.000000 	 258.000000 	 1.000000 
1.000000 	 287.000000 	 664.000000 	 276.000000 	 1.000000 
1.000000 	 244.000000 	 624.000000 	 292.000000 	 1.000000 
1.000000 	 220.000000 	 586.000000 	 308.000000 	 1.000000 
1.000000 	 213.000000 	 548.000000 	 324.000000 	 1.000000 
1.000000 	 218.000000 	 531.000000 	 342.000000 	 1.000000 
1.000000 	 242.000000 	 522.000000 	 360.000000 	 1.000000 
1.000000 	 298.000000 	 532.000000 	 376.000000 	 1.000000 
1.000000 	 374.000000 	 560.000000 	 392.000000 	 1.000000 
1.000000 	 472.000000 	 589.000000 	 408.000000 	 1.000000 
1.000000 	 584.000000 	 611.000000 	 426.000000 	 1.000000 
1.000000 	 684.000000 	 624.000000 	 444.000000 	 1.000000 
1.000000 	 758.000000 	 633.000000 	 460.000000 	 1.000000 
1.000000 	 797.000000 	 637.000000 	 476.000000 	 1.000000 
1.000000 	 808.000000 	 638.000000 	 492.000000 	 1.000000 
1.000000 	 809.000000 	 638.000000 	 508.000000 	 1.000000 
1.000000 	 808.000000 	 638.000000 	 526.000000 	 1.000000 
1.000000 	 805.000000 	 637.000000 	 544.000000 	 1.000000 
1.000000 	 805.000000 	 637.000000 	 552.000000 	 1.000000 
