stroke_id	 x	 y	 time	 is_writing
1.000000 	 579.000000 	 595.000000 	 0.000000 	 1.000000 
1.000000 	 578.000000 	 594.000000 	 24.000000 	 1.000000 
1.000000 	 578.000000 	 597.000000 	 56.000000 	 1.000000 
1.000000 	 577.000000 	 600.000000 	 72.000000 	 1.000000 
1.000000 	 567.000000 	 625.000000 	 88.000000 	 1.000000 
1.000000 	 551.000000 	 673.000000 	 104.000000 	 1.000000 
1.000000 	 537.000000 	 718.000000 	 120.000000 	 1.000000 
1.000000 	 525.000000 	 753.000000 	 136.000000 	 1.000000 
1.000000 	 529.000000 	 773.000000 	 152.000000 	 1.000000 
1.000000 	 535.000000 	 787.000000 	 168.000000 	 1.000000 
1.000000 	 553.000000 	 799.000000 	 184.000000 	 1.000000 
1.000000 	 581.000000 	 810.000000 	 208.000000 	 1.000000 
1.000000 	 610.000000 	 830.000000 	 224.000000 	 1.000000 
1.000000 	 638.000000 	 851.000000 	 240.000000 	 1.000000 
1.000000 	 660.000000 	 874.000000 	 256.000000 	 1.000000 
1.000000 	 676.000000 	 900.000000 	 272.000000 	 1.000000 
1.000000 	 682.000000 	 927.000000 	 288.000000 	 1.000000 
1.000000 	 680.000000 	 970.000000 	 304.000000 	 1.000000 
1.000000 	 671.000000 	 1013.000000 	 320.000000 	 1.000000 
1.000000 	 654.000000 	 1041.000000 	 336.000000 	 1.000000 
1.000000 	 637.000000 	 1052.000000 	 352.000000 	 1.000000 
1.000000 	 619.000000 	 1055.000000 	 376.000000 	 1.000000 
1.000000 	 606.000000 	 1057.000000 	 392.000000 	 1.000000 
1.000000 	 605.000000 	 1057.000000 	 400.000000 	 1.000000 
1.000000 	 605.000000 	 469.000000 	 648.000000 	 1.000000 
1.000000 	 606.000000 	 469.000000 	 664.000000 	 1.000000 
1.000000 	 606.000000 	 469.000000 	 680.000000 	 1.000000 
1.000000 	 606.000000 	 470.000000 	 704.000000 	 1.000000 
1.000000 	 606.000000 	 473.000000 	 728.000000 	 1.000000 
2.000000 	 648.000000 	 468.000000 	 1376.000000 	 1.000000 
2.000000 	 645.000000 	 467.000000 	 1408.000000 	 1.000000 
2.000000 	 642.000000 	 468.000000 	 1424.000000 	 1.000000 
2.000000 	 642.000000 	 468.000000 	 1432.000000 	 1.000000 
