stroke_id	 x	 y	 time	 is_writing
1.000000 	 577.000000 	 1287.000000 	 0.000000 	 1.000000 
1.000000 	 575.000000 	 1288.000000 	 32.000000 	 1.000000 
1.000000 	 569.000000 	 1292.000000 	 64.000000 	 1.000000 
1.000000 	 543.000000 	 1278.000000 	 96.000000 	 1.000000 
1.000000 	 507.000000 	 1191.000000 	 128.000000 	 1.000000 
1.000000 	 521.000000 	 1137.000000 	 160.000000 	 1.000000 
1.000000 	 542.000000 	 1121.000000 	 192.000000 	 1.000000 
1.000000 	 661.000000 	 1076.000000 	 224.000000 	 1.000000 
1.000000 	 730.000000 	 1044.000000 	 224.000000 	 1.000000 
1.000000 	 764.000000 	 1017.000000 	 256.000000 	 1.000000 
1.000000 	 779.000000 	 988.000000 	 256.000000 	 1.000000 
1.000000 	 763.000000 	 943.000000 	 288.000000 	 1.000000 
1.000000 	 730.000000 	 924.000000 	 320.000000 	 1.000000 
1.000000 	 672.000000 	 899.000000 	 320.000000 	 1.000000 
1.000000 	 606.000000 	 876.000000 	 352.000000 	 1.000000 
1.000000 	 544.000000 	 888.000000 	 384.000000 	 1.000000 
1.000000 	 546.000000 	 900.000000 	 384.000000 	 1.000000 
1.000000 	 572.000000 	 942.000000 	 416.000000 	 1.000000 
1.000000 	 613.000000 	 997.000000 	 416.000000 	 1.000000 
1.000000 	 693.000000 	 1119.000000 	 480.000000 	 1.000000 
1.000000 	 721.000000 	 1174.000000 	 480.000000 	 1.000000 
1.000000 	 734.000000 	 1249.000000 	 512.000000 	 1.000000 
1.000000 	 718.000000 	 1265.000000 	 544.000000 	 1.000000 
1.000000 	 615.000000 	 1257.000000 	 576.000000 	 1.000000 
1.000000 	 536.000000 	 1231.000000 	 576.000000 	 1.000000 
1.000000 	 452.000000 	 1190.000000 	 608.000000 	 1.000000 
