stroke_id	 x	 y	 time	 is_writing
1.000000 	 377.000000 	 1149.000000 	 0.000000 	 1.000000 
1.000000 	 409.000000 	 1197.000000 	 86.000000 	 1.000000 
1.000000 	 668.000000 	 1267.000000 	 169.000000 	 1.000000 
1.000000 	 613.000000 	 989.000000 	 251.000000 	 1.000000 
1.000000 	 517.000000 	 947.000000 	 333.000000 	 1.000000 
1.000000 	 773.000000 	 996.000000 	 415.000000 	 1.000000 
1.000000 	 862.000000 	 830.000000 	 497.000000 	 1.000000 
1.000000 	 618.000000 	 553.000000 	 579.000000 	 1.000000 
1.000000 	 350.000000 	 563.000000 	 661.000000 	 1.000000 
1.000000 	 321.000000 	 587.000000 	 689.000000 	 1.000000 
